RK,NAME,TEAM,REC,YDS,AVG,LNG,TD
1,DeVonta Smith,ALA,117,1856,15.9,66,23
2,Elijah Moore,MISS,86,1193,13.9,91,8
3,Jaelon Darden,UNT,74,1190,16.1,75,19
4,Dax Milne,BYU,70,1188,17.0,78,8
5,Jonathan Adams,ARST,79,1111,14.1,52,12
6,Dyami Brown,UNC,55,1099,20.0,87,8
7,Jalen Tolbert,USA,64,1085,17.0,73,8
8,Calvin Austin III,MEM,63,1053,16.7,65,11
9,Marlon Williams,UCF,71,1039,14.6,85,10
10,Amari Rodgers,CLEM,77,1020,13.2,83,7
11,Romeo Doubs,NEV,58,1002,17.3,65,9
12,Jaivon Heiligh,CCU,65,998,15.4,54,10
13,Kadarius Toney,FLA,70,984,14.1,57,10
14,Jaylon Robinson,UCF,55,979,17.8,70,6
15,Jaquarii Roberson,WAKE,62,926,14.9,80,8
16,Tylan Wallace,OKST,59,922,15.6,55,6
17,John Metchie III,ALA,55,916,16.7,78,6
18,Zay Flowers,BC,56,892,15.9,77,9
19,Jahan Dotson,PSU,52,884,17.0,75,8
20,Cornell Powell,CLEM,53,882,16.6,70,7
21,Dez Fitzpatrick,LOU,43,833,19.4,82,3
22,Treylon Burks,ARK,51,820,16.1,68,7
23,Sam Pinckney,GAST,47,815,17.3,65,7
24,Mike Harley Jr.,MIAMI,57,799,14.0,89,7
25,Dee Eskridge,WMU,34,784,23.1,85,8
26,Xavier Hutchinson,ISU,64,771,12.0,65,4
27,Kyle Pitts Sr.,FLA,43,770,17.9,71,12
28,Gunner Romney,BYU,39,767,19.7,52,2
29,Seth Williams,AUB,47,760,16.2,58,4
30,Kaylon Geiger,TROY,64,752,11.8,51,3
31,Erik Ezukanma,TTU,46,748,16.3,57,6
32,Tahj Washington,MEM,43,743,17.3,92,6
33,Emeka Emezie,NCST,47,738,15.7,55,5
34,Kayshon Boutte,LSU,45,735,16.3,47,5
35,Taj Harris,SYR,58,733,12.6,79,5
36,Terrace Marshall Jr.,LSU,48,731,15.2,75,10
37,Chris Olave,OSU,50,729,14.6,56,7
38,Bailey Gaither,SJSU,41,725,17.7,69,4
39,Garrett Wilson,OSU,43,723,16.8,65,6
40,Ty Fryfogle,IU,37,721,19.5,65,7
41,Khalil Shakir,BSU,52,719,13.8,52,6
42,Jaden Walley,MSST,52,718,13.8,51,2
43,Javon McKinley,ND,42,717,17.1,53,3
44,Zakhari Franklin,UTSA,49,694,14.2,52,7
45,Jacob Cowing,UTEP,41,691,16.9,82,3
46,Hunter Long,BC,57,685,12.0,36,5
47,Dazz Newsome,UNC,54,684,12.7,75,6
48,Rashee Rice,SMU,48,683,14.2,55,5
49,Jordan Addison,PITT,60,666,11.1,75,4
50,Justin Hall,BALL,49,665,13.6,66,4
51,Kawaan Baker,USA,51,659,12.9,80,8
52,Keylon Stokes,TLSA,46,644,14.0,49,3
52,Billy Kemp IV,UVA,67,644,9.6,29,1
54,Bo Melton,RUTG,47,638,13.6,66,6
55,Anthony Schwartz,AUB,54,636,11.8,91,3
56,DJ Turner,MD/PITT,44,634,14.4,64,3
57,Shi Smith,SC,57,633,11.1,36,4
58,Tre Walker,SJSU,45,627,13.9,55,4
59,Tutu Atwell,LOU,46,625,13.6,66,7
59,David Bell,PUR,53,625,11.8,89,8
61,Michael Woods II,ARK,32,619,19.3,82,5
62,Thomas Hennigan,APP,47,616,13.1,51,3
63,Marvin Mims Jr.,OU,37,610,16.5,61,9
63,Jason Brownlee,USM,34,610,17.9,88,5
65,Yo'Heinz Tyler,BALL,42,607,14.5,64,8
66,Cole Turner,NEV,49,605,12.3,50,9
67,Neil Pau'u,BYU,45,603,13.4,35,4
68,Isaiah Likely,CCU,30,601,20.0,75,5
69,Tyrice Richie,NIU,53,597,11.3,43,4
70,Tayvion Robinson,VT,38,592,15.6,60,3
71,Charlie Kolar,ISU,44,591,13.4,44,7
71,Jaylen Waddle,ALA,28,591,21.1,90,4
73,Trevon Grimes,FLA,38,589,15.5,50,9
74,Travis Etienne Jr.,CLEM,48,588,12.3,46,2
75,Antonio Nunn,BUFF,37,584,15.8,82,2
75,Jarrin Pierce,MTSU,59,584,9.9,44,3
75,Marcell Barbee,TXST,40,584,14.6,43,10
78,Donavon Greene,WAKE,29,582,20.1,41,2
79,Sean Dykes,MEM,47,581,12.4,48,7
80,Blake Proehl,ECU,47,577,12.3,75,4
81,Brevin Jordan,MIAMI,38,576,15.2,76,7
82,Simi Fehoko,STAN,37,574,15.5,47,3
83,Dillon Stoner,OKST,42,573,13.6,75,4
84,Ainias Smith,TA&M,43,564,13.1,54,6
85,Winston Wright,WVU,47,553,11.8,70,2
86,Joshua Cephus,UTSA,58,547,9.4,35,5
88,Cam Johnson,VAN,56,545,9.7,40,3
89,JuanCarlos Santana,TLSA,34,544,16.0,57,4
90,Dahu Green,ARST,32,542,16.9,49,5
91,Jacob Harris,UCF,30,539,18.0,55,8
92,Kylen Granson,SMU,35,536,15.3,42,5
92,Malik Williams,APP,41,536,13.1,62,3
94,Reggie Todd,TROY,43,530,12.3,48,6
94,Theo Wease Jr.,OU,37,530,14.3,48,4
96,Thayer Thomas,NCST,42,529,12.6,37,6
96,Tre Turner,VT,34,529,15.6,55,3
98,Kenny Yeboah,MISS,27,524,19.4,68,6
98,Tyler Snead,ECU,53,524,9.9,46,5
100,DJ Stubbs,LIB,38,523,13.8,53,3
101,Jalen Cropper,FRES,37,520,14.1,59,5
102,Greg Dulcich,UCLA,26,517,19.9,69,5
102,Deonte Simpson,UNT,25,517,20.7,55,4
104,Jalen Nailor,MSU,26,515,19.8,75,4
104,Lavel Davis Jr.,UVA,20,515,25.8,90,5
106,Kearis Jackson,UGA,36,514,14.3,49,3
107,George Pickens,UGA,36,513,14.3,51,6
108,Duece Watts,TULN,31,512,16.5,52,6
109,Justin Garrett,UTEP,38,510,13.4,38,3
110,Ramaud Chiaokhiao-Bowman,NW,41,508,12.4,36,5
110,Hassan Beydoun,EMU,40,508,12.7,66,0
112,Brandon Bowling,ARST,39,507,13.0,47,7
113,Jalen Wydermyer,TA&M,46,506,11.0,32,6
114,Osirus Mitchell,MSST,47,505,10.7,43,4
115,Drake London,USC,33,502,15.2,65,3
116,Josh Johnson,TLSA,38,499,13.1,66,6
117,R.J. Sneed II,BAY,39,497,12.7,39,3
118,Whop Philyor,IU,54,495,9.2,63,3
119,Parker Washington,PSU,36,489,13.6,49,6
120,Quentin Johnston,TCU,22,487,22.1,76,2
121,Tim Jones,USM,30,480,16.0,74,4
122,Amon-Ra St. Brown,USC,41,478,11.7,48,7
123,Devin Carter,NCST,29,477,16.4,39,2
124,Joshua Palmer,TENN,33,475,14.4,36,4
125,Reggie Roberson Jr.,SMU,22,474,21.5,85,5
126,Josh Ali,UK,54,473,8.8,33,1
127,Rashod Bateman,MINN,36,472,13.1,39,2
127,Joshua Moore,TEX,30,472,15.7,78,9
129,Brennan Eagles,TEX,28,469,16.8,59,5
130,Austin Watkins Jr.,UAB,34,468,13.8,56,3
131,Wan'Dale Robinson,NEB,51,461,9.0,38,1
132,CJ Lewis,BC,28,460,16.4,37,5
133,Kwamie Lassiter II,KU,43,458,10.7,48,2
133,Keke Chism,MIZ,35,458,13.1,29,1
135,Yusuf Ali,MTSU,37,457,12.4,32,2
136,Antwan Davis,BALL,39,456,11.7,33,1
137,Isaiah McKoy,KENT,25,455,18.2,75,5
138,Corey Rucker,ARST,16,453,28.3,69,5
139,Kevin Shaa,LIB,25,450,18.0,83,4
139,Michael Mayer,ND,42,450,10.7,29,2
141,Danny Gray,SMU,33,448,13.6,62,4
142,Cornelius McCoy,GAST,31,447,14.4,57,4
143,Adrian Hardy,LT,33,440,13.3,32,4
144,Ben Skowronek,ND,29,439,15.1,73,5
144,Jalen Camp,GT,29,439,15.1,59,4
144,Jeff Foreman,ARST,13,439,33.8,84,3
147,Myron Mitchell,UAB,29,436,15.0,63,3
148,Jacob Copeland,FLA,23,435,18.9,42,3
148,Jaelen Gill,BC,29,435,15.0,48,1
148,James Mitchell,VT,26,435,16.7,57,4
151,Deuce Vaughn,KSU,25,434,17.4,77,2
152,Chris Autman-Bell,MINN,22,430,19.5,45,1
153,Isaiah Winstead,TOL,25,429,17.2,55,3
153,Isaac Rex,BYU,37,429,11.6,36,12
155,Tank Dell,HOU,29,428,14.8,54,3
156,Kyle Williams,UNLV,35,426,12.2,35,2
157,Najee Harris,ALA,43,425,9.9,26,4
157,Nick Muse,SC,30,425,14.2,35,1
157,Jha'Quan Jackson,TULN,31,425,13.7,42,8
160,Terrell Jana,UVA,36,423,11.8,49,1
161,Tyler Page,SMU,39,422,10.8,44,2
161,Austin Stogner,OU,26,422,16.2,41,3
163,Jalen Wayne,USA,33,418,12.7,49,1
164,Dontario Drummond,MISS,25,417,16.7,48,7
165,Bryce Ford-Wheaton,WVU,27,416,15.4,58,3
166,Tanner Knue,EMU,27,413,15.3,71,4
167,Cary Angeline,NCST,27,412,15.3,34,6
168,Tony Poljan,UVA/CMU,38,411,10.8,28,6
169,Corey Gammage,MRSH,35,409,11.7,46,4
169,Chase Lane,TA&M,29,409,14.1,51,2
171,Jeremiah Haydel,TXST,40,408,10.2,75,4
172,Jayden Reed,MSU,33,407,12.3,55,3
173,Tyler Vaughns,USC,33,406,12.3,42,3
173,Amir Abdur-Rahman,VAN,27,406,15.0,46,1
175,Taylor Morin,WAKE,32,405,12.7,46,3
175,C.J. Johnson,ECU,19,405,21.3,75,6
177,Xavier Gaines,MRSH,28,404,14.4,70,4
177,Jermaine Burton,UGA,27,404,15.0,49,3
179,Mark Pope,MIAMI,33,403,12.2,39,2
180,T.J. Simmons,WVU,23,401,17.4,41,4
180,Ronnie Bell,MICH,26,401,15.4,52,1
182,Victor Tucker,CLT,30,400,13.3,48,2
183,Damon Hazelton,MIZ,30,397,13.2,33,1
183,Jaray Jenkins,LSU,23,397,17.3,47,2
185,Tray Eafford,TROY,34,394,11.6,55,3
186,Ryan O'Keefe,UCF,20,391,19.5,93,3
187,Skyy Moore,WMU,25,388,15.5,56,3
188,Khalil McClain,TROY,32,383,12.0,40,6
189,Ontaria Wilson,FSU,30,382,12.7,69,2
190,Jonathan Mingo,MISS,27,379,14.0,37,3
191,Shameen Jones,RUTG,34,378,11.1,38,3
191,Anthony Queeley,SYR,37,378,10.2,32,2
193,Malik Davis,FLA,31,377,12.2,39,0
193,Mitchell Tinsley,WKU,43,377,8.8,38,4
195,Xavier Lane,WKU,34,376,11.1,51,1
195,Braylon Sanders,MISS,15,376,25.1,81,4
197,Sam Crawford,TLSA,28,374,13.4,54,1
198,Austin Williams,MSST,43,372,8.7,24,3
199,Chris Pierce Jr.,VAN,25,371,14.8,58,5
199,Jadan Blue,TEM,41,371,9.0,35,5
201,Randle Jones,TEM,31,370,11.9,75,2
201,Kyle Philips,UCLA,38,370,9.7,21,2
201,Joshua Simon,WKU,33,370,11.2,40,3
201,Braden Smith,LOU,27,370,13.7,63,0
205,Braden Galloway,CLEM,27,369,13.7,49,2
206,Arik Gilbert,LSU,35,368,10.5,25,2
207,Josh Pederson,ULM,32,367,11.5,26,0
208,Kyric McGowan,NW,34,366,10.8,33,0
209,Dontay Demus Jr.,MD,24,365,15.2,43,4
210,Kyren Lacy,UL,28,364,13.0,36,4
211,DeMario Douglas,LIB,32,363,11.3,46,3
211,Keric Wheatfall,FRES,23,363,15.8,46,1
213,Jalen Williams,UL,20,360,18.0,51,4
214,Eli Stove,AUB,44,359,8.2,38,3
215,Jake Bobo,DUKE,32,358,11.2,26,1
215,Dee Wiggins,MIAMI,31,358,11.5,40,3
217,Javon Ivory,MEM,23,356,15.5,51,3
218,Jack Sorenson,M-OH,18,354,19.7,61,4
219,Josh Whyle,CIN,28,353,12.6,30,6
220,Keith Corbin III,HOU,27,352,13.0,33,1
221,Austin Ogunmakin,UNT,23,349,15.2,38,1
221,Jalon Calhoun,DUKE,39,349,8.9,34,2
223,CT Thomas,BSU,20,347,17.4,75,2
224,Ihmir Smith-Marsette,IOWA,25,345,13.8,53,4
225,Travell Harris,WSU,29,340,11.7,29,2
226,Briley Moore,KSU/UNI,22,338,15.4,66,3
227,Renard Bell,WSU,33,337,10.2,44,2
227,Jayshon Jackson,CIN,27,337,12.5,45,1
227,Khafre Brown,UNC,15,337,22.5,76,2
230,Tory Horton,NEV,20,336,16.8,85,5
231,Austin Trammell,RICE,16,335,20.9,72,6
231,Dimitri Stanley,COLO,20,335,16.8,55,1
233,TJ Chase,FAU,23,334,14.5,49,2
233,Jah'Marae Sheread,TXST,29,334,11.5,36,2
233,Peter LeBlanc,UL,23,334,14.5,78,1
236,Tyler Badie,MIZ,28,333,11.9,54,2
237,Michael Young Jr.,CIN,29,332,11.4,33,3
238,CJ Windham,MTSU,31,331,10.7,32,3
239,Trey McBride,CSU,22,330,15.0,38,4
239,Josh Kelly,FRES,22,330,15.0,71,1
241,Will Mallory,MIAMI,22,329,15.0,45,4
242,Shocky Jacques-Louis,PITT,26,327,12.6,68,0
242,Bryce Miller,USF,33,327,9.9,22,3
244,Jesse Matthews,SDSU,24,326,13.6,51,1
244,Ja'Shaun Poke,KENT,21,326,15.5,55,3
244,Jared Wayne,PITT,21,326,15.5,49,1
247,Jaylen Hall,WMU,12,323,26.9,68,7
247,Nykeim Johnson,SYR,20,323,16.1,83,4
249,Quian Williams,EMU,24,322,13.4,43,2
249,Avery Davis,ND,24,322,13.4,53,2
251,Jared Smart,HAW,36,320,8.9,21,1
252,Trevor Wilson,BUFF,16,319,19.9,78,3
253,Taye Barber,TCU,31,318,10.3,30,2
254,Alec Pierce,CIN,17,315,18.5,45,3
254,Dante Wright,CSU,20,315,15.8,42,0
256,Kyren Williams,ND,35,313,8.9,75,1
257,Charleston Rambo,OU,25,312,12.5,53,3
257,Perry Carter,ULM,22,312,14.2,50,2
257,Jahquan Bloomfield,ULM,16,312,19.5,54,1
260,Pat Freiermuth,PSU,23,310,13.5,74,1
260,Trea Shropshire,UAB,14,310,22.1,71,2
262,Marshon Ford,LOU,25,309,12.4,46,6
263,Artie Henry,MRSH,22,308,14.0,46,3
264,Marquez Stevenson,HOU,20,307,15.4,51,4
264,Malik Heath,MSST,37,307,8.3,32,3
266,Kameron Brown,CCU,20,306,15.3,65,3
266,Bryce Mitchell,TOL,13,306,23.5,44,4
266,E.J. Williams Jr.,CLEM,24,306,12.8,38,2
269,Taysir Mack,PITT,23,305,13.3,40,2
269,Jake Ferguson,WISC,30,305,10.2,34,4
269,Javonte Williams,UNC,25,305,12.2,41,3
269,Jalen Knox,MIZ,31,305,9.8,27,0
269,Milton Wright,PUR,24,305,12.7,45,2
269,Myles Price,TTU,29,305,10.5,44,1
275,Zander Horvath,PUR,30,304,10.1,25,0
275,Smoke Harris,LT,39,304,7.8,66,4
277,Jahmyr Gibbs,GT,24,303,12.6,42,3
278,Sam James,WVU,31,300,9.7,32,2
278,Ben Bresnahan,VAN,28,300,10.7,43,4
278,Tauskie Dove,MIZ,30,300,10.0,58,2
281,Trestan Ebner,BAY,26,299,11.5,58,3
281,Javen Banks,TXST,16,299,18.7,75,4
283,Josh Imatorbhebhe,ILL,22,297,13.5,52,3
283,DeVontres Dukes,USF,24,297,12.4,28,4
285,Christian Trahan,HOU,22,294,13.4,34,3
285,Jake Smith,TEX,23,294,12.8,33,3
287,Chabastin Taylor,KSU,19,293,15.4,42,1
287,Lopini Katoa,BYU,23,293,12.7,42,3
289,Branden Mack,TEM,26,291,11.2,41,3
290,Malachi Carter,GT,20,290,14.5,41,3
290,KeSean Carter,TTU,30,290,9.7,22,4
290,Miles Marshall,IU,19,290,15.3,68,1
293,Danzel McKinley-Lewis,TOL,20,289,14.4,68,2
293,Tamorrion Terry,FSU,23,289,12.6,48,1
295,Jevin Frett,ULM,18,288,16.0,49,1
296,Jahleel Billingsley,ALA,18,287,15.9,34,3
297,Devon Williams,ORE,15,286,19.1,60,2
298,Travis Levy,BC,35,285,8.1,46,0
298,Noah Gray,DUKE,29,285,9.8,24,2
298,Roger Carter Jr.,GAST,23,285,12.4,36,4
301,Jaylon Redd,ORE,25,281,11.2,57,1
301,Frank Ladson Jr.,CLEM,18,281,15.6,54,3
303,Velus Jones Jr.,TENN,22,280,12.7,74,3
304,De'Vion Warren,ARK,15,278,18.5,52,3
305,Kalil Pimpleton,CMU,26,277,10.7,50,2
305,Mannie Logan-Greene,UNM,30,277,9.2,49,0
307,Porter Rooks,NCST,24,276,11.5,33,0
307,Jake Bailey,RICE,23,276,12.0,35,2
307,Jalin Hyatt,TENN,20,276,13.8,48,2
310,Griffin Hebert,LT,19,275,14.5,50,3
311,Rico Bussey,HAW/UNT,31,274,8.8,35,1
311,Jarett Garner,DUKE,13,274,21.1,52,2
313,Omarion Dollison,USF,21,272,13.0,52,1
314,Cee Jay Powell,LT,37,271,7.3,23,0
314,Trevis Graham,TXST,24,271,11.3,34,2
314,Sam LaPorta,IOWA,27,271,10.0,24,1
317,Slade Bolden,ALA,24,270,11.3,30,1
317,Rondale Moore,PUR,35,270,7.7,33,0
317,Andrew Erickson,UNM,18,270,15.0,46,2
320,Landen Akers,ISU,18,269,14.9,49,1
321,Willie Johnson,MRSH,18,268,14.9,46,2
321,Daniel Barker,ILL,19,268,14.1,38,2
321,Justin Shorter,FLA,25,268,10.7,46,3
321,CJ Yarbrough,LIB,17,268,15.8,32,1
321,Woody Marks,MSST,60,268,4.5,19,0
326,Sam Denmark,CCU,15,267,17.8,72,1
326,Michael Carter,UNC,25,267,10.7,46,2
326,Johnny Johnson III,ORE,19,267,14.1,39,2
329,Brennon Dingle,UTSA,27,266,9.9,44,2
330,Ronnie Rivers,FRES,27,265,9.8,35,2
330,Brycen Tremayne,STAN,14,265,18.9,42,0
330,Reed Tyler,ARST,22,265,12.0,32,1
330,Demarcus Jones,USM,29,265,9.1,25,1
334,Britain Covey,UTAH,19,264,13.9,91,3
334,Sean Ryan,WVU,25,264,10.6,28,0
334,Micaleous Elder,CLT,22,264,12.0,46,2
334,Ja'Lynn Polk,TTU,28,264,9.4,60,2
338,Camren McDonald,FSU,23,263,11.4,30,2
338,Dallas Dixon,CMU,13,263,20.2,58,1
340,Michael Wilson,STAN,19,261,13.7,38,1
341,Latrell Williams,USF,22,260,11.8,36,0
341,Tre Nixon,UCF,19,260,13.7,51,2
341,Malik Murray,GASO,21,260,12.4,47,1
344,Cade Otton,WASH,18,258,14.3,42,3
344,Keyon Henry-Brooks,VAN,28,258,9.2,48,0
346,Jack Dunn,WISC,28,255,9.1,24,1
346,Garrett Walston,UNC,19,255,13.4,33,2
346,Luke Grimm,KU,19,255,13.4,37,2
349,Cornelius Johnson,MICH,16,254,15.9,46,3
349,Eric Gray,TENN,30,254,8.5,31,2
351,Miller Forristall,ALA,23,253,11.0,34,1
352,Ayden Eberhardt,WYO,16,252,15.8,56,0
352,Barrett Banister,MIZ,27,252,9.3,28,0
352,Rakim Jarrett,MD,17,252,14.8,62,2
355,Jonathan Hodoh,ULM,22,251,11.4,43,0
356,Melquan Stovall,NEV,33,250,7.6,36,0
357,Braydon Johnson,OKST,20,248,12.4,66,1
357,Quintin Morris,BGSU,20,248,12.4,53,0
357,Isaiah Neyor,WYO,8,248,31.0,54,0
360,Davis Allen,CLEM,16,247,15.4,42,4
361,Gavin Holmes,BAY,33,244,7.4,25,1
361,Drue Jackson,TXST,21,244,11.6,29,0
363,Justin Lockhart,NEV,27,241,8.9,36,2
363,Eli Pancol,DUKE,24,241,10.0,55,1
365,Tarik Black,MICH/TEX,10,240,24.0,72,1
365,Derrick Deese Jr.,SJSU,20,240,12.0,31,5
367,Trevon Bradford,ORST,24,239,10.0,19,1
367,Travis Dye,ORE,9,239,26.6,71,4
367,Aron Cruickshank,RUTG/WISC,37,239,6.5,43,1
370,Beau Corrales,UNC,13,238,18.3,40,1
371,Kylin Hill,MSST,23,237,10.3,75,1
372,Chase Allen,ISU,19,236,12.4,31,2
372,Austin Allen,NEB,18,236,13.1,37,1
372,Brant Kuithe,UTAH,25,236,9.4,26,0
372,Bru McCoy,USC,21,236,11.2,28,2
372,Tre Tucker,CIN,18,236,13.1,45,3
377,Dennis Smith,DUKE,16,235,14.7,44,1
378,John Raine,NW,24,233,9.7,30,2
379,Melquise Stovall,HAW,31,232,7.5,27,0
379,Kekoa Crawford,CAL,19,232,12.2,44,2
379,Greg Latushko,CCU,15,232,15.5,43,2
379,Trayvon Rudolph,NIU,14,232,16.6,47,0
383,Brandon Johnson,TENN,19,231,12.2,33,0
383,Brandon Smith,IOWA,23,231,10.0,19,2
385,Landon Wolf,OKST,24,229,9.5,26,1
386,CJ Marable,CCU,31,228,7.4,26,7
386,Tre'Von Bradley,HOU,18,228,12.7,39,0
386,Bryant Koback,TOL,24,228,9.5,34,2
386,Broc Thompson,MRSH,14,228,16.3,40,0
390,B.J. Smith,TROY,26,227,8.7,29,0
390,T.J. Vasher,TTU,19,227,11.9,29,2
390,Hayden Pittman,UAB,19,227,11.9,28,1
390,Stanley Berryhill,ARIZ,23,227,9.9,30,3
394,Terrance Dixon,GAST,21,226,10.8,32,0
395,Jalen Virgil,APP,22,225,10.2,33,3
395,Isaiah Graham,LT,20,225,11.3,37,3
395,Chandler Speights,TXST,20,225,11.3,42,1
395,James Cook III,UGA,16,225,14.1,82,2
395,Kimani Vidal,TROY,26,225,8.7,24,0
395,JaVonta Payton,MSST,19,225,11.8,34,1
401,Kolby Taylor,ORST,20,224,11.2,31,1
401,Khaleb Hood,GASO,15,224,14.9,65,2
401,Jordan Kress,UNM,12,224,18.7,52,2
404,Adonicas Sanders,GT,17,223,13.1,33,1
404,Ricky White III,MSU,10,223,22.3,50,1
406,Antoine Robinson,USM,23,221,9.6,23,0
407,Christian Wells,APP,14,220,15.7,46,4
407,CJ Daniels,LIB,11,220,20.0,56,3
409,Drake Stoops,OU,15,219,14.6,51,2
409,Nay'Quan Wright,FLA,19,219,11.5,50,0
411,Jeremiah Hall,OU,18,218,12.1,30,5
411,Austin Upshaw,SMU,18,218,12.1,42,1
411,Jordan Merrell,FAU,18,218,12.1,36,0
411,Tommy Tremble,ND,19,218,11.5,30,0
415,Nate Stewart,AKR,17,217,12.8,42,1
415,Phat Watts,TULN,17,217,12.8,38,0
417,Riley Lees,NW,20,214,10.7,27,2
417,Toa Taua,NEV,31,214,6.9,44,1
417,Deven Thompkins,USU,20,214,10.7,44,1
420,Sean Shaw Jr.,ISU,21,212,10.1,35,1
421,A.T. Perry,WAKE,15,211,14.1,40,1
421,Noah Frith,LIB,16,211,13.2,28,2
421,Rhamondre Stevenson,OU,18,211,11.7,45,0
421,Tez Johnson,TROY,18,211,11.7,58,0
425,Jordan Myers,RICE,24,209,8.7,26,1
425,Derius Davis,TCU,15,209,13.9,71,1
425,Brian Hightower,ILL,11,209,19.0,46,3
428,Blair Conwright,TCU,17,207,12.2,34,1
429,Ra'Shaun Henry,UVA,7,206,29.4,52,4
429,Isaiah Hamilton,SJSU,13,206,15.8,43,2
429,Jordan Whittington,TEX,21,206,9.8,43,0
432,Dylan Soehner,ISU,18,205,11.4,26,0
432,Kyle Patterson,AFA,12,205,17.1,39,2
434,Malik Knowles,KSU,13,204,15.7,35,3
435,Daniel Bellinger,SDSU,21,203,9.7,21,0
435,Jerjuan Newton,TOL,15,203,13.5,28,2
437,Gerrid Doaks,CIN,14,202,14.4,60,2
437,Walter Dawn Jr.,UTEP,20,202,10.1,37,0
437,Tyrick James,TULN,18,202,11.2,29,3
437,Leddie Brown,WVU,31,202,6.5,15,2
441,Johnny Huntley,LIB,15,201,13.4,44,3
441,Blake Kern,ARK,20,201,10.1,35,2
441,Emery Simmons,UNC,15,201,13.4,51,1
441,Seth McGowan,OU,13,201,15.5,47,1
445,Mychal Cooper,NAVY,12,199,16.6,41,2
446,Audie Omotosho,ECU,18,198,11.0,34,0
446,Keaton Upshaw,UK,16,198,12.4,23,3
448,Andrew Parchment,KU,24,197,8.2,43,2
448,Jehlani Galloway,BC,15,197,13.1,30,2
448,Caleb Chapman,TA&M,14,197,14.1,51,3
451,Giles Amos,ARST,15,196,13.1,65,2
451,Bijan Robinson,TEX,15,196,13.1,35,2
453,Racey McMath,LSU,14,195,13.9,30,1
453,Pro Wells,TCU,13,195,15.0,47,3
455,Isaiah Spiller,TA&M,20,193,9.6,36,0
455,La'Vontae Shenault,COLO,17,193,11.4,41,0
457,Jovany Ruiz-Navarro,BUFF,20,192,9.6,26,1
458,Leonard Taylor,CIN,16,191,11.9,25,1
458,Nico Ragaini,IOWA,18,191,10.6,28,0
460,Dontae Fleming,UL,12,190,15.8,52,1
460,Taylor Thompson,CLT,12,190,15.8,41,1
462,Malik Jackson,ULM,23,189,8.2,27,4
462,Chimere Dike,WISC,12,189,15.8,49,1
462,Travis Koontz,TTU,14,189,13.5,75,1
465,Brian Cobbs,MD,13,188,14.5,52,1
465,Nick Mardner,HAW,11,188,17.1,42,1
467,Bryan Thompson,UTAH,9,187,20.8,33,1
468,Wayne Toussant,LT,14,186,13.3,44,2
469,Justin McGriff,USU,15,185,12.3,36,2
469,Teagan Quitoriano,ORST,14,185,13.2,46,1
471,Jontre Kirklin,LSU,13,184,14.2,29,3
472,Daniel Crawford,NIU,21,183,8.7,21,1
472,Jamire Calvin,WSU,17,183,10.8,49,1
472,Ahmarean Brown,GT,11,183,16.6,40,1
472,Makai Polk,CAL,17,183,10.8,52,1
476,Jeshaun Jones,MD,11,181,16.5,76,1
476,Joshua Fleeks,BAY,21,181,8.6,34,1
478,Henry Pearson,APP,16,180,11.3,33,4
478,Breece Hall,ISU,23,180,7.8,28,2
478,Dayton Wade,WKU,21,180,8.6,19,0
481,Khalil Herbert,VT,10,179,17.9,46,1
481,Greg White,UNT,8,179,22.4,44,1
483,Hezekiah Jones,TA&M,18,178,9.9,25,0
483,Cameron Dollar,CLT,10,178,17.8,39,3
483,Erik Brooks,FRES,13,178,13.7,28,0
483,Bryson Cannon,EMU,9,178,19.8,79,2
487,Koy Moore,LSU,22,177,8.0,26,0
488,JaCorey Sullivan,CMU,16,176,11.0,30,0
488,Elijah Higgins,STAN,15,176,11.7,29,0
488,Leroy Watson IV,UTSA,14,176,12.6,26,0
488,Ma'jon Wright,ARIZ,15,176,11.7,29,1
492,Damonte Coxie,MEM,16,175,10.9,26,1
492,Talik Keaton,MRSH,17,175,10.3,47,1
492,Mark Walker,NAVY,13,175,13.5,44,0
495,Tyler Allgeier,BYU,14,174,12.4,43,0
495,Devin Maddox,TOL,14,174,12.4,40,3
495,Ulysses Bentley IV,SMU,21,174,8.3,61,1
498,Bryson Smith,HOU,16,173,10.8,34,2
498,Calvin Hill,TXST,24,173,7.2,53,0
500,DJ England-Chisolm,MTSU,14,172,12.3,38,2
501,Jalen McGaughy,BALL,5,171,34.2,56,3
502,Chris Smith,UL,16,170,10.6,38,1
503,Zac Lefebvre,BUFF,13,169,13.0,38,1
503,Marcus Williams,UNM,14,169,12.1,44,0
503,Cade Brewer,TEX,15,169,11.3,38,2
503,Tykee Ogle-Kellogg,UTSA,11,169,15.4,54,1
507,Mikey Henderson,OU,12,168,14.0,29,1
508,Giles Jackson,MICH,15,167,11.1,36,0
508,Daniel Jackson,MINN,12,167,13.9,24,0
510,Roshauud Paul,ARST,15,166,11.1,48,1
510,Payne Durham,PUR,16,166,10.4,29,3
510,Jared Wiley,TEX,9,166,18.4,52,1
510,Darnell Washington,UGA,7,166,23.7,38,0
510,Craig Burt Jr.,WKU,23,166,7.2,24,2
515,Rivaldo Fairweather,FIU,10,165,16.5,67,1
516,Ben Sims,BAY,14,164,11.7,25,3
516,Brenton Strange,PSU,17,164,9.6,28,2
518,Theo Howard,OU,13,163,12.5,25,0
518,Wesley Kennedy III,GASO,8,163,20.4,61,0
518,Samuel Emilus,MASS,17,163,9.6,32,1
521,Jawaun Johnson,LT,14,162,11.6,41,2
522,Hunter Kampmoyer,ORE,14,161,11.5,26,3
522,Mitchell Brinkman,USF/NIU,15,161,10.7,37,1
522,Roderic Burns,UNT,12,161,13.4,44,0
522,Jamari Thrash,GAST,9,161,17.9,57,2
526,Kemore Gamble,FLA,10,160,16.0,34,3
526,Julian Ortega-Jones,BGSU,14,160,11.4,42,0
526,Darrell Harding Jr.,DUKE,12,160,13.3,31,0
526,George Qualls Jr.,AKR,12,160,13.3,35,1
530,Demetric Felton,UCLA,22,159,7.2,28,3
530,Tyjon Lindsey,ORST,11,159,14.5,30,3
530,Bret Clark,TROY,20,159,7.9,22,0
530,Trelon Smith,ARK,22,159,7.2,25,1
530,Kevin Harris,SC,21,159,7.6,17,1
535,Shaun Beyer,IOWA,11,158,14.4,28,1
535,Tyquan Thornton,BAY,16,158,9.9,25,1
537,Jordan Jones,CIN,13,157,12.1,36,0
537,Connor Wedington,STAN,15,157,10.5,28,0
537,Dillon Johnson,MSST,36,157,4.4,10,0
540,Ryan Mitchell,NAVY,5,156,31.2,60,1
540,Dameon Pierce,FLA,17,156,9.2,35,1
540,Austin Jones,STAN,21,156,7.4,27,0
540,Kairee Robinson,SJSU,19,156,8.2,20,0
544,Phillip Brooks,KSU,15,155,10.3,25,2
544,Riley Smith,BSU,15,155,10.3,40,1
544,Jerrion Ealy,MISS,15,155,10.3,45,1
547,Mykel Jones,TULN,11,154,14.0,31,1
547,Jason Pirtle,UNT,16,154,9.6,27,1
547,Kylan Watkins,MEM,23,154,6.7,23,1
547,Raheem Blackshear,VT,18,154,8.6,42,0
547,Tyrone Tracy Jr.,IOWA,14,154,11.0,24,1
547,Jameson Williams,OSU,9,154,17.1,45,2
547,Vincent Davis Jr.,PITT,24,154,6.4,19,1
554,Elijah Mitchell,UL,16,153,9.6,36,0
555,Tyler Goodson,IOWA,15,152,10.1,40,0
556,Peyton Hendershot,IU,23,151,6.6,22,4
556,Jeremy Ruckert,OSU,13,151,11.6,36,5
556,Puka Nacua,WASH,9,151,16.8,65,1
556,Rachaad White,ASU,8,151,18.9,55,1
560,Bryce Singleton,FIU,14,150,10.7,45,1
560,Randall St. Felix,USF,15,150,10.0,30,1
562,Ronnie Blackmon,TOL,12,149,12.4,57,2
562,Tay Martin,OKST,15,149,9.9,35,0
564,Isaac Vance,KENT,17,148,8.7,19,0
564,Xzavier Henderson,FLA,9,148,16.4,43,1
564,Zeriah Beason,ORST,16,148,9.3,19,3
567,David Martin-Robinson,TEM,11,147,13.4,35,0
568,Tyleek Collins,UNLV,12,146,12.2,43,2
569,Justin Rigg,UK,12,145,12.1,36,1
569,Jake Marwede,DUKE,13,145,11.2,55,1
569,Brandon Robinson,FAU,12,145,12.1,20,3
569,Keon Zipperer,FLA,11,145,13.2,39,2
569,Zion Bowens,HAW,5,145,29.0,47,2
574,Donald Chaney,MIAMI,11,143,13.0,56,0
575,Isiah Cox,OHIO,7,142,20.3,58,1
575,Tre'Shaun Harrison,ORST,9,142,15.8,61,1
575,Luke Musgrave,ORST,12,142,11.8,29,0
578,Brenden Schooler,TEX,12,140,11.7,40,2
578,Ty Jones,WASH,6,140,23.3,42,0
578,Jaylon Barden,PITT,7,140,20.0,68,1
581,Allen Dailey Jr.,UK,14,139,9.9,40,1
581,Tayvian Cunningham,ARIZ,9,139,15.4,75,1
583,Peje' Harris,GT,11,138,12.5,31,1
583,KeAndre Lambert-Smith,PSU,15,138,9.2,20,0
585,Mike O'Laughlin,WVU,15,137,9.1,34,1
585,David Ellis,IU,11,137,12.5,51,1
587,Devaughn Cooper,UTEP,10,136,13.6,38,1
587,Cole Tucker,NIU,13,136,10.5,24,2
587,Ricky Person Jr.,NCST,18,136,7.6,20,0
587,Dante Cephas,KENT,11,136,12.4,50,0
587,Bam Knight,NCST,20,136,6.8,27,0
587,Xavier Weaver,USF,10,136,13.6,26,0
587,Brannon Spector,CLEM,16,136,8.5,26,0
594,Jaylan Knighton,MIAMI,11,135,12.3,75,1
595,Joseph Scates,ISU,6,134,22.3,44,2
595,Sammy Wheeler,KSU,7,134,19.1,58,1
595,Sheldon Jones,UTSA,11,134,12.2,27,0
598,Shane Simpson,TOW/UVA,13,133,10.2,71,1
598,BJ Casteel,ARIZ,11,133,12.1,42,0
598,Dalton Rigdon,TTU,13,133,10.2,24,0
598,Neal Johnson,UL,13,133,10.2,43,1
602,K.D. Nixon,COLO,15,132,8.8,41,0
603,Cam'Ron Harris,MIAMI,18,131,7.3,35,1
603,Sincere McCormick,UTSA,20,131,6.6,30,0
603,Zavier Betts,NEB,12,131,10.9,45,1
606,Terrell Bynum,WASH,8,130,16.3,42,0
606,Cade Sutherland,USA,16,130,8.1,19,0
606,Isiah Pacheco,RUTG,19,130,6.8,20,1
606,Niko Hea,MIZ,14,130,9.3,24,2
611,Jelani Woods,OKST,8,129,16.1,46,1
612,Tyler Ringwood,CLT,9,128,14.2,24,0
612,Reese Smith,WVU,11,128,11.6,39,0
612,Trent Whittemore,FLA,10,128,12.8,26,1
615,Javian Hawkins,LOU,16,127,7.9,29,1
616,Ty Jordan,UTAH,11,126,11.5,27,0
617,Johnny Ford,USF,15,125,8.3,28,1
617,Brennan Presley,OKST,7,125,17.9,32,3
619,Calif Gossett,UL,8,124,15.5,46,1
619,SaRodorick Thompson Jr.,TTU,21,124,5.9,30,0
619,Marquez Ezzard,GT,9,124,13.8,45,0
622,C.J. Riley,NCST,9,123,13.7,36,2
622,Miles Reed,HAW,16,123,7.7,35,0
622,Mycah Pittman,ORE,8,123,15.4,44,0
625,Levi Falck,NEB/SDAK,13,122,9.4,21,1
625,Kobe Smith,SDSU,13,122,9.4,23,2
625,Delon Hurt,UCLA,8,122,15.3,38,1
625,Roman Wilson,MICH,9,122,13.6,26,1
625,Derek Wright,USU,11,122,11.1,35,0
625,Jaylin Lane,MTSU,13,122,9.4,28,1
631,Logan Wright,GASO,8,121,15.1,39,1
631,Geor'Quarius Spivey,MSST,11,121,11.0,41,0
631,Noah Massey,BGSU,6,121,20.2,33,0
634,Rick Wells,FLA,12,120,10.0,20,0
634,Geordon Porter,ASU,5,120,24.0,63,1
634,Shane Hooks,OHIO,8,120,15.0,40,1
634,Lawrance Toafili,FSU,12,120,10.0,31,0
634,Errol Rogers,UL,13,120,9.2,27,2
634,Brenden Rice,COLO,6,120,20.0,61,2
640,Garrett Groshek,WISC,22,119,5.4,15,0
640,Kendric Pryor,WISC,8,119,14.9,25,0
640,Zane Pope,FRES,7,119,17.0,33,2
640,Keyshawn Helton,FSU,14,119,8.5,41,2
640,Josh Downs,UNC,7,119,17.0,75,3
645,Zyell Griffin,UNLV,6,118,19.7,53,0
646,Nick Eubanks,MICH,10,117,11.7,28,1
646,John Bates,BSU,12,117,9.8,28,0
646,Willie Wright,FAU,15,117,7.8,19,0
646,Drayton Law,CMU,10,117,11.7,23,1
646,Cole Cavallo,USM,10,117,11.7,29,0
646,Tyrell Robinson,ARMY,6,117,19.5,53,2
652,Brock Sturges,TXST,11,116,10.5,66,1
652,Ja'Khi Douglas,FSU,7,116,16.6,68,2
654,Maurice Bell,COLO,10,115,11.5,26,1
654,Jashaun Corbin,FSU,19,115,6.1,18,0
654,Isaiah Esdale,WVU,12,115,9.6,28,0
654,Casey Kelly,MISS,8,115,14.4,57,1
658,Greg Bell,SDSU,11,114,10.4,29,1
658,Masen Wake,BYU,8,114,14.3,26,1
658,LaJohntay Wester,FAU,17,114,6.7,18,1
661,DJ Johnson,ORE,10,113,11.3,26,3
661,Xavier Legette,SC,7,113,16.1,42,0
661,Sean Tucker,SYR,8,113,14.1,37,0
664,Tyler Lamm,ULM,12,112,9.3,28,0
664,Kyle Maxwell,LT,11,112,10.2,18,2
666,Ty Chandler,TENN,16,111,6.9,18,0
666,Elijah Kothe,SDSU,7,111,15.9,33,1
666,Jamarye Joiner,ARIZ,12,111,9.3,34,1
666,Kenny McIntosh,UGA,10,111,11.1,29,0
666,Michael Mathison,AKR,11,111,10.1,26,2
671,Demetris Robertson,UGA,12,110,9.2,31,0
671,Cody Rudy,BALL,12,110,9.2,22,0
671,Brayden Willis,OU,9,110,12.2,21,1
671,Emari Demercado,TCU,10,110,11.0,52,0
671,Cameron Gardner,MSST,12,110,9.2,24,0
671,Keveon Mullins,SC,3,110,36.7,57,0
677,Jermaine Braddock,SJSU,11,109,9.9,33,2
677,Lew Nichols,CMU,10,109,10.9,58,1
677,Jordan Carroll,ULM,11,109,9.9,23,1
680,Giovanni Fauolo Sr.,UNLV,11,108,9.8,20,0
680,Tre' McKitty,UGA,6,108,18.0,40,1
680,JJ Holloman,FIU,8,108,13.5,28,1
680,Myles Fells,NAVY,3,108,36.0,73,1
680,Solomon Enis,UTAH,11,108,9.8,25,1
680,Deshaun Fenwick,SC,14,108,7.7,20,0
680,Trey Palmer,LSU,10,108,10.8,24,0
687,Tyrell Shavers,MSST,9,107,11.9,37,1
687,Matt Dotson,MSU,9,107,11.9,21,0
687,Jaetavian Toles,TULN,9,107,11.9,18,1
687,Champ Flemings,ORST,10,107,10.7,23,0
687,Mataeo Durant,DUKE,12,107,8.9,30,1
692,Trey Ragas,UL,9,106,11.8,25,2
692,Kobe Lewis,CMU,17,106,6.2,18,1
692,Michael Roberts,ARMY,7,106,15.1,33,1
692,Casey Washington,ILL,10,106,10.6,20,0
696,Xazavian Valladay,WYO,13,105,8.1,29,0
696,Daniel Arias,COLO,6,105,17.5,38,0
696,Asa Martin,MEM,10,105,10.5,43,0
699,Tre Tipton,PITT,11,104,9.5,20,0
699,Jackson Lanam,TXST,9,104,11.6,33,1
699,Warren Thompson,FSU,5,104,20.8,33,1
699,Carlos Davis,USA,11,104,9.5,32,0
699,Dakota Thomas,WKU,8,104,13.0,37,0
699,Xavier White,TTU,21,104,5.0,15,0
705,Cedric Patterson III,RICE,8,103,12.9,39,1
705,Princeton Fant,TENN,12,103,8.6,15,1
705,Noah Bean,UNLV,14,103,7.4,15,0
705,Keaontay Ingram,TEX,11,103,9.4,52,1
705,Jamale Carothers,NAVY,4,103,25.8,62,1
710,Tarique Milton,ISU,15,102,6.8,42,0
710,Gerrit Prince,UAB,9,102,11.3,21,4
712,Ean Pfeifer,LOU,7,101,14.4,28,2
712,Amare Jones,TULN,14,101,7.2,26,0
712,Beau Johnson,GASO,6,101,16.8,59,2
715,Larry Rountree III,MIZ,15,100,6.7,23,0
715,Chandler Whitfield,ULM,16,100,6.3,18,1
715,LV Bunkley-Shelton,ASU,11,100,9.1,22,0
715,Aaron Young,RUTG,23,100,4.3,15,0
715,Jalen Brooks,SC,11,100,9.1,27,0
720,Dexter Carter Jr.,GASO,3,99,33.0,78,1
721,Keytaon Thompson,UVA,7,98,14.0,56,3
721,Curtis Hodges,ASU,3,98,32.7,74,1
721,Greg McCrae,UCF,14,98,7.0,15,0
721,Caullin Lacy,USA,11,98,8.9,28,0
725,John Samuel Shenker,AUB,9,97,10.8,26,0
725,Jyaire Shorter,UNT,4,97,24.3,49,0
725,De'Von Achane,TA&M,5,97,19.4,52,1
725,Tyrone Broden,BGSU,6,97,16.2,37,0
725,Frank Gore Jr.,USM,9,97,10.8,51,1
725,Isaiah Holiness,SJSU,10,97,9.7,36,1
731,Jahcour Pearson,WKU,9,96,10.7,50,0
731,Damond Philyaw-Johnson,DUKE,7,96,13.7,34,0
731,CJ Verdell,ORE,9,96,10.7,23,0
731,Malcolm Davidson,FAU,6,96,16.0,31,0
731,Devonte Lee,NEV,17,96,5.6,17,0
731,Jermaine Johnson,MASS,14,96,6.9,20,0
731,Isaiah Washington,RUTG,9,96,10.7,26,0
738,Kyle Porter,HOU,16,95,5.9,33,1
738,Jeremy Singleton,HOU,10,95,9.5,21,0
738,Takulve Williams,KU,19,95,5.0,16,0
738,Trey Sermon,OSU,12,95,7.9,34,0
738,Dennis Robinson,NIU,8,95,11.9,31,2
738,John FitzPatrick,UGA,10,95,9.5,18,1
738,Ben Peterson,AFA,3,95,31.7,49,1
738,Treyton Welch,WYO,5,95,19.0,30,0
738,Jonah Panoke,HAW,11,95,8.6,23,0
747,Josh Stewart,TLSA,10,94,9.4,15,0
747,Chance Warren,NAVY,6,94,15.7,41,0
747,Isaiah Wooden,KENT,4,94,23.5,33,1
750,Grayson Gunter,USM,8,93,11.6,30,0
750,Andrew Van Buren,BSU,15,93,6.2,14,0
750,Tyler Lavine,SMU,8,93,11.6,32,0
753,Darion Anderson,GASO,8,92,11.5,22,0
753,Jordan Mims,FRES,10,92,9.2,23,1
753,Miller Gibbs,APP,8,92,11.5,32,1
753,Hudson Henry,ARK,16,92,5.8,13,1
753,Sam Brown Jr.,WVU,8,92,11.5,22,0
758,Travis Vokolek,NEB,9,91,10.1,16,0
759,Aaron McAllister,CLT,6,90,15.0,71,1
759,Nikko Remigio,CAL,10,90,9.0,28,2
761,Jamal Jones,ARST,16,89,5.6,14,0
761,Jack Stoll,NEB,7,89,12.7,23,0
761,Boobie Curry,ARIZ,10,89,8.9,30,0
761,Jamontez Woods,TROY,13,89,6.8,25,0
761,Johnny Wilson,ASU,6,89,14.8,37,0
766,Artayvious Lynn,TCU,7,88,12.6,48,1
766,Donny Navarro III,ILL,8,88,11.0,25,0
766,Kaleb Smith,VT,8,88,11.0,32,1
766,Josh Vann,SC,10,88,8.8,16,1
766,Mac Dalena,FRES,4,88,22.0,51,1
771,Gaej Walker,WKU,9,87,9.7,17,0
771,Chris Evans,MICH,9,87,9.7,23,0
771,Justin Marshall,LOU,7,87,12.4,21,0
771,Stephon Huderson,TULN,7,87,12.4,26,0
771,DeMarcus Harris,UK,14,87,6.2,12,0
776,Brenden Knox,MRSH,7,86,12.3,58,1
776,Stevie Scott,IU,13,86,6.6,20,0
776,Ricky Pearsall,ASU,6,86,14.3,31,1
776,Arian Smith,UGA,2,86,43.0,55,1
780,Dedrick Mills,NEB,12,85,7.1,15,0
780,Deon Jackson,DUKE,10,85,8.5,47,0
780,Jordan Young,FSU,7,85,12.1,20,0
780,Malik Rodgers,TLSA,7,85,12.1,29,0
780,Lincoln Pare,ARST,12,85,7.1,22,2
780,Trent Tyre,USA,11,85,7.7,19,0
786,Brittain Brown,UCLA,6,84,14.0,18,1
786,Logan Carter,OKST,8,84,10.5,17,1
786,Shedrick Jackson,AUB,6,84,14.0,37,0
786,Tank Bigsby,AUB,11,84,7.6,19,0
790,Asim Rose Jr.,UK,10,83,8.3,26,0
790,Joseph Ngata,CLEM,7,83,11.9,19,0
790,Keyon Mozee,KSU,2,83,41.5,78,0
790,Snoop Conner,MISS,12,83,6.9,27,0
790,Nick Gallo,VT,11,83,7.5,15,1
790,Shane Calhoun,ECU,5,83,16.6,25,0
796,Jose Barbon,TEM,8,82,10.3,17,0
796,Devon Pauley,UL,4,82,20.5,34,0
796,Chris Cameron,ARMY,3,82,27.3,32,0
796,Erick All Jr.,MICH,12,82,6.8,27,0
796,Mike Sainristil,MICH,7,82,11.7,23,2
801,Micah Wilson,MIZ,5,81,16.2,41,1
801,Bruno Labelle,CIN,10,81,8.1,21,1
801,Jamal Turner,TOL,6,81,13.5,23,0
801,Darryl Jones,MD,8,81,10.1,27,0
801,Trey Cleveland,TTU,8,81,10.1,24,1
801,Brandon Crum,USA,9,81,9.0,36,1
807,CJ Williams,NAVY,8,80,10.0,36,1
807,Jake Tonges,CAL,12,80,6.7,33,1
807,Elijah Canion,AUB,3,80,26.7,57,1
810,Otis Anderson,UCF,14,79,5.6,12,0
810,Bryson Carroll,UNM,9,79,8.8,19,0
810,Isaiah Phillips,ULM,15,79,5.3,19,0
810,Chase Cota,UCLA,11,79,7.2,23,2
810,Brandon Lewis,AFA,9,79,8.8,18,0
810,John Rhys Plumlee,MISS,6,79,13.2,44,0
810,Steve Jenkins,UNLV,9,79,8.8,17,2
810,Christan Horn,APP,3,79,26.3,54,0
818,Dontae Crow,WYO,7,78,11.1,25,0
818,Danny Davis,WISC,3,78,26.0,53,1
818,Tyler Hunt,MSU,8,78,9.8,17,0
818,Jax Dineen,KSU,7,78,11.1,24,0
822,Brady Russell,COLO,5,77,15.4,34,1
822,Jamyest Williams,GAST,8,77,9.6,23,0
822,Mac Hippenhammer,M-OH,5,77,15.4,23,0
822,TJ Pledger,OU,9,77,8.6,18,0
822,Ze'Vian Capers,AUB,7,77,11.0,19,1
827,Ramel Keyton,TENN,9,76,8.4,16,0
827,Moochie Dixon,TEX,3,76,25.3,73,1
827,Kai Money,TEX,10,76,7.6,20,1
827,Zach Evans,TCU,8,76,9.5,21,0
827,Ja'Cyais Credle,UCF,8,76,9.5,19,0
832,Luke Whittemore,TROY,7,75,10.7,29,1
832,Jerome Jackson,LIB,9,75,8.3,19,2
832,Bobby Cole,UNM,5,75,15.0,44,1
832,Mike Evans,APP,5,75,15.0,46,1
832,Keaton Mitchell,ECU,11,75,6.8,26,1
832,Marcus Fleming,NEB,5,75,15.0,28,0
838,Judah Bell,SMU,9,74,8.2,19,0
838,Jalen Preston,TA&M,7,74,10.6,21,0
838,Dominick Mazotti,SJSU,5,74,14.8,38,0
838,Carter Wheat,BYU,4,74,18.5,25,1
838,Julian Fleming,OSU,7,74,10.6,23,0
838,Andrew Mason,RICE,6,74,12.3,33,0
844,Cam Brown,GASO,4,73,18.3,25,1
844,Daniel George,PSU,7,73,10.4,21,0
844,Jacob Warren,TENN,6,73,12.2,33,1
844,John Emery Jr.,LSU,14,73,5.2,11,0
844,Kay'Ron Lynch-Adams,RUTG,4,73,18.3,62,1
844,Kelley Joiner,USF,8,73,9.1,75,1
844,Blake Corum,MICH,5,73,14.6,24,0
844,Daniel Morris,AFA,7,73,10.4,15,0
852,Jordan Mason,GT,7,72,10.3,37,0
852,Stefan Cobbs,BSU,4,72,18.0,43,0
852,Rome Odunze,WASH,6,72,12.0,25,0
855,Bubba Ogbebor,ARST,6,71,11.8,26,0
855,Connor Heyward,MSU,18,71,3.9,13,2
855,Kameron Wilson,MEM,7,71,10.1,23,1
855,Dashaun Davis,APP,11,71,6.5,14,0
855,Tre Mosley,MSU,7,71,10.1,12,0
855,Jack Bradley,RICE,3,71,23.7,27,1
855,Dae Dae Hunter,HAW,12,71,5.9,14,2
862,Devin Miller,MRSH,6,70,11.7,25,0
862,Marcus Rogers,TROY,7,70,10.0,31,0
862,Jack Coldiron,M-OH,6,70,11.7,22,2
862,Kobe Hudson,AUB,7,70,10.0,20,0
862,Trey Knox,ARK,7,70,10.0,22,0
862,Keanu Hill,BYU,4,70,17.5,33,1
868,Will Wallace,TULN,6,69,11.5,27,1
868,Cam Burnette,ECU,4,69,17.3,28,0
868,Yusuf Terry,BAY,6,69,11.5,27,0
868,Marquel Tinsley,MTSU,6,69,11.5,23,0
868,Courtney Jackson,SYR,10,69,6.9,15,0
868,Chance Luper,MIZ,1,69,69.0,69,0
868,Anthony Smith,NCST,5,69,13.8,30,1
875,Aaron Young,FAU,4,68,17.0,27,1
875,Jared Atkinson,BAY,2,68,34.0,62,0
875,Nate Craig-Myers,CSU,6,68,11.3,27,0
875,Jake Funk,MD,10,68,6.8,20,1
875,Jacolby Hewitt,IU,5,68,13.6,32,0
875,Marcel Dancy,CAL,9,68,7.6,12,0
875,Sean Tyler,WMU,11,68,6.2,13,0
875,Nate Jefferson,FIU,6,68,11.3,32,1
875,Spencer Witter,BC,6,68,11.3,22,0
875,JaMichael Thompson,MTSU,6,68,11.3,21,0
875,La'Damian Webb,FSU,9,68,7.6,13,0
886,Tyson Morris,ARK,7,67,9.6,17,1
886,Chris Coleman,FRES,3,67,22.3,51,0
886,NaJee Thompson,GASO,4,67,16.8,35,0
886,Gavin Sharp,UTSA,6,67,11.2,21,0
886,Cedric Tillman,TENN,3,67,22.3,46,1
886,Jermar Jefferson,ORST,9,67,7.4,20,0
886,Bryce Kirtz,NW,6,67,11.2,20,0
886,Sam Olson,SJSU,5,67,13.4,28,1
894,Ezra Naylor II,KU,5,66,13.2,26,0
894,Aubry Payne,GAST,9,66,7.3,19,0
894,Kamari Pleasant,WASH,8,66,8.3,14,0
894,Cyrus Habibi-Likio,ORE,5,66,13.2,28,0
894,Keyvone Lee,PSU,12,66,5.5,14,0
899,Brandon Chapman,WAKE,5,65,13.0,25,0
899,Jarek Broussard,COLO,9,65,7.2,21,0
899,Destin Coates,GAST,12,65,5.4,11,0
899,Wayne Taulapapa,UVA,12,65,5.4,16,0
899,Jadon Haselwood,OU,4,65,16.3,33,0
899,Chris Tyree,ND,8,65,8.1,27,0
899,Malachi Corley,WKU,6,65,10.8,17,0
899,D'ionte Smith,MIZ,8,65,8.1,17,0
907,Vavae Malepeai,USC,16,64,4.0,16,0
907,LD Brown,OKST,6,64,10.7,32,0
907,E.J. Scott,CSU,8,64,8.0,18,0
907,Stephen Carr,USC,10,64,6.4,26,0
907,David Bailey,BC,8,64,8.0,26,1
907,Chase Brown,ILL,7,64,9.1,33,0
907,Loic Fouonji,TTU,4,64,16.0,31,1
914,T.J. Hammonds,ARK,3,63,21.0,51,0
914,Aaron Hackett,SYR,10,63,6.3,13,2
914,Jimmy Marshall,MTSU,8,63,7.9,19,0
914,Oliver Martin,NEB/IOWA,5,63,12.6,22,0
914,Isaiah Epps,UK,8,63,7.9,21,0
914,Braden Lenzy,ND,7,63,9.0,22,1
914,Joe Wilkins Jr.,ND,7,63,9.0,15,1
914,Luke Benson,SYR,6,63,10.5,53,2
914,Jonah White,BAY,9,63,7.0,14,0
923,Drew Rosi,TOL,7,62,8.9,27,0
923,Carson Terrell,USU,4,62,15.5,25,1
923,Cadarrius Thompson,GAST,4,62,15.5,25,1
923,Marcus Rosemy-Jacksaint,UGA,4,62,15.5,32,1
923,Ray Davis,TEM,12,62,5.2,14,0
923,Naricuss Driver Jr.,USM,2,62,31.0,61,1
929,Blake Whiteheart,WAKE,5,61,12.2,31,0
929,Dylan Drummond,EMU,6,61,10.2,18,1
929,Tulu Griffin,MSST,10,61,6.1,13,1
929,Tahj Brooks,TTU,13,61,4.7,16,0
929,Jam Griffin,GT,4,61,15.3,25,0
929,Harrison Waylee,NIU,8,61,7.6,16,1
935,Brad Anderson,MTSU,6,60,10.0,21,0
936,Israel Tucker,LT,10,59,5.9,17,0
936,Erik Krommenhoek,USC,9,59,6.6,12,2
936,AJ Henning,MICH,6,59,9.8,28,0
936,Henry Parrish Jr.,MISS,7,59,8.4,24,0
936,Jordan Houston,NCST,14,59,4.2,15,0
936,Samario Rudolph,UAB,3,59,19.7,42,1
936,Brandon Hayes,USM,8,59,7.4,17,0
936,Trevon West,OU,4,59,14.8,23,0
944,Mason Stokke,WISC,8,58,7.3,14,3
944,Jovani Haskins,RUTG,6,58,9.7,25,2
944,Scooter Harrington,STAN,8,58,7.3,17,2
944,Jalen Holston,VT,3,58,19.3,47,0
944,De'Corian Clark,UTSA,8,58,7.3,15,1
944,Dalvin Smith,WKU,4,58,14.5,26,2
944,Messiah Travis,NIU,5,58,11.6,23,1
944,Jadon Thompson,CIN,6,58,9.7,18,0
944,Nolan Groulx,WAKE,8,58,7.3,15,0
944,Key'Shawn Smith,MIAMI,2,58,29.0,42,0
954,Jordan Nathan,USU,8,57,7.1,15,1
954,Christian Daniels,TULN,5,57,11.4,33,0
954,Sorrell Brown,TULN,4,57,14.3,18,0
954,Blake Aragon,TXST,7,57,8.1,18,1
954,Johnny Lumpkin,UL,6,57,9.5,17,1
954,Lucas Bacon,WSU,5,57,11.4,18,1
954,Mason Fairchild,KU,5,57,11.4,27,0
954,Antavious Willis,USM,5,57,11.4,16,0
954,Drake Dabney,BAY,6,57,9.5,14,1
954,JJ Pegues,AUB,7,57,8.1,16,0
954,Jordan Watkins,LOU,8,57,7.1,13,0
954,Qualan Jones,BAY,14,57,4.1,8,0
954,Kevin Davis,M-OH,5,57,11.4,27,0
954,Reikan Donaldson,ARMY,4,57,14.3,29,1
954,Cam Porter,NW,9,57,6.3,13,0
969,JD Spielman,TCU,5,56,11.2,20,0
969,Jacob Robertson Jr.,TULN,5,56,11.2,23,0
969,D.J. Render,KSU,7,56,8.0,21,0
969,Mohamed Ibrahim,MINN,8,56,7.0,22,0
969,TJ Sullivan,SDSU,4,56,14.0,27,0
969,Cooper Lutz,SYR,8,56,7.0,18,0
969,Trent Thompson,UTEP,2,56,28.0,36,0
969,Theo Johnson,PSU,4,56,14.0,23,0
969,Marcus Washington,TEX,4,56,14.0,26,1
978,James Charles,FAU,9,55,6.1,13,0
978,Alec Sinkfield,WVU,9,55,6.1,18,0
978,Dakereon Joyner,SC,7,55,7.9,30,1
978,Shaun Shivers,AUB,10,55,5.5,17,0
978,Jayy McDonald,MTSU,9,55,6.1,16,0
978,Kam Brown,TA&M,5,55,11.0,15,0
978,B.J. Alexander,FAU,6,55,9.2,20,0
985,Daniel Imatorbhebhe,ILL,3,54,18.0,28,1
985,Akeem Hayes,UK,4,54,13.5,28,1
985,Josh Johnson,ULM,17,54,3.2,13,1
985,Tristian Brank,AKR,5,54,10.8,29,0
989,Gary Brightwell,ARIZ,13,53,4.1,15,0
989,Jake Hescock,UCF,10,53,5.3,11,3
989,Camden Harrison,ARMY,1,53,53.0,53,0
989,Octavius Evans,BSU,4,53,13.3,21,1
989,Sterling Palmer,FIU,6,53,8.8,12,0
989,Charlie Mangieri,NW,7,53,7.6,16,2
989,Reese White,CCU,3,53,17.7,32,0
989,De'Von Fox,TEM,7,53,7.6,11,0
997,Dylan Parham,NCST,4,52,13.0,32,0
997,Chuba Hubbard,OKST,8,52,6.5,21,1
997,Dontae Smith,GT,6,52,8.7,20,0
997,Cole Fotheringham,UTAH,4,52,13.0,16,0
997,Isaiah Bowser,NW,8,52,6.5,12,1
997,Dominic Gicinto,MIZ,4,52,13.0,22,0
997,George Holani,BSU,7,52,7.4,17,2
997,Von Swinton,IU,4,52,13.0,17,0
1005,Jerome Ford,CIN,8,51,6.4,15,0
1005,Lawrence Keys III,ND,5,51,10.2,20,0
1005,Roschon Johnson,TEX,8,51,6.4,13,1
1005,Gary Bryant Jr.,USC,7,51,7.3,23,0
1005,Malik Washington,NW,5,51,10.2,23,0
1005,Jaivian Lofton,LIB,3,51,17.0,34,0
1011,Clay Geary,MINN,5,50,10.0,18,0
1011,Ryan Luehrman,OHIO,7,50,7.1,12,2
1011,Joel Wilson,CMU,5,50,10.0,20,0
1011,Sean Pelkisson,GASO,3,50,16.7,37,0
1011,Rodrigues Clark,MEM,10,50,5.0,27,0
1016,Isaac Lutz,PSU,5,49,9.8,16,0
1016,Nate Weinman,WYO,4,49,12.3,15,0
1016,Jalen Walker,M-OH,3,49,16.3,33,2
1016,John Lovett,BAY,9,49,5.4,11,1
1016,BJ Busbee,SDSU,7,49,7.0,17,0
1016,Cam Carroll,TULN,4,49,12.3,32,1
1016,Trenton Gillison,MSU,5,49,9.8,15,0
1016,Lee Witherspoon,MSST,9,49,5.4,13,0
1016,Jaxon Smith-Njigba,OSU,10,49,4.9,15,1
1016,Jake Roberts,UNT,4,49,12.3,19,0
1016,Conner Kinslow,UNM,1,49,49.0,49,1
1016,Christopher Scott Jr.,NCST,2,49,24.5,34,0
1028,Savon Scarver,USU,5,48,9.6,26,1
1028,Josiah Johnson,MASS,3,48,16.0,25,0
1028,Brenden Brady,UTSA,7,48,6.9,18,0
1028,Daimarqua Foster,TCU,7,48,6.9,11,0
1028,Ali Jennings,WVU,7,48,6.9,14,1
1028,Shedro Louis,LIB,5,48,9.6,18,0
1028,Jd Kavel,WAKE,1,48,48.0,48,0
1028,Dalevon Campbell,ILL,3,48,16.0,24,0
1028,Garrett Miller,PUR,2,48,24.0,40,1
1037,Adam Krumholz,WISC,3,47,15.7,23,0
1037,Hunter Buczkowski,CMU,4,47,11.8,25,1
1037,Garet Morrell,MRSH,2,47,23.5,45,1
1037,Logan Christopherson,MIZ,3,47,15.7,37,0
1037,Tyrion Davis-Price,LSU,8,47,5.9,9,0
1037,Kody Epps,BYU,5,47,9.4,14,0
1037,Isaiah Alston,ARMY,2,47,23.5,29,0
1044,Frank Darby,ASU,6,46,7.7,15,1
1044,Ethan Fernea,UCLA,2,46,23.0,33,1
1044,Chaton Mobley,MTSU,8,46,5.8,16,2
1044,Drew Dixon,ARIZ,3,46,15.3,28,0
1044,Samson Evans,EMU/IOWA,6,46,7.7,17,0
1044,Master Teague,OSU,5,46,9.2,23,0
1044,Oscar Cardenas,UTSA,3,46,15.3,21,0
1044,Tre'Von Morgan,MSU,2,46,23.0,26,1
1052,A.J. Davis,PITT,10,45,4.5,22,0
1052,Kadyn Roach,ULM,7,45,6.4,16,1
1052,Lawrence Arnold,KU,6,45,7.5,13,0
1052,Khalan Griffin,RICE,3,45,15.0,41,0
1052,Ryan Davis,UAB,3,45,15.0,28,0
1052,Preston Daniel,FSU,2,45,22.5,36,0
1058,Jaxson Kincaide,WMU,5,44,8.8,13,0
1058,Adam Luehrman,OHIO,2,44,22.0,22,0
1058,Charles Williams,UNLV,13,44,3.4,9,0
1058,Darwin Barlow,TCU,9,44,4.9,18,0
1058,Mohamed Toure,NIU,1,44,44.0,44,0
1058,Loronzo Thompson,UNT,5,44,8.8,16,2
1058,Ke'Shawn Williams,WAKE,3,44,14.7,34,0
1065,J.C. Chalk,CLEM,6,43,7.2,12,1
1065,Dominic Johnson,BUFF,5,43,8.6,14,0
1065,Isaiah Richardson,SDSU,4,43,10.8,21,0
1065,Thomas Odukoya,EMU,5,43,8.6,20,2
1065,John Humphreys,STAN,3,43,14.3,30,0
1065,Kyle Jarvis,UNM,3,43,14.3,15,0
1065,Marquis McCoy,USM,2,43,21.5,33,0
1065,Miles Davis,BYU,4,43,10.8,23,0
1073,Taylor Edwards,MASS,3,42,14.0,37,0
1073,Christian Beal-Smith,WAKE,5,42,8.4,14,0
1073,Tory Carter,LSU,4,42,10.5,15,0
1073,Daniel Moraga,PITT,4,42,10.5,23,1
1073,Kaegun Williams,SDSU,3,42,14.0,19,0
1073,Jaron Woodyard,MRSH,1,42,42.0,42,1
1073,Malcolm Epps,TEX,3,42,14.0,32,2
1073,Max Wright,TA&M,1,42,42.0,42,1
1073,Nicky Dalmolin,DUKE,3,42,14.0,17,0
1073,Jamal Glaspie,FRES,3,42,14.0,32,0
1073,John Holcomb,TTU,6,42,7.0,14,0
1073,Jadon Jackson,MISS,5,42,8.4,21,0
1073,Bobby Wooden,UNM,8,42,5.3,15,0
1073,Nick DeGennaro,MD,3,42,14.0,20,0
1087,Rontavius Groves,UNC,4,41,10.3,18,0
1087,Donald Stewart,WAKE,5,41,8.2,14,0
1087,Sharod Johnson,SYR,4,41,10.3,31,0
1087,Hassan Littles,BALL,4,41,10.3,15,0
1087,TJ Banks,WVU,4,41,10.3,20,1
1087,Kaleb Carter,UL,4,41,10.3,13,1
1087,Zach Charbonnet,MICH,6,41,6.8,14,0
1087,Jaylen Ellis,BAY,2,41,20.5,39,0
1087,Ajou Ajou,CLEM,2,41,20.5,35,1
1087,Charles Njoku,UCLA,3,41,13.7,27,1
1087,Evan Hull,NW,6,41,6.8,21,0
1087,Alante Brown,NEB,3,41,13.7,22,0
1099,Josh Johnson,LOU,4,40,10.0,16,0
1099,Kade Warner,NEB,5,40,8.0,13,0
1099,Carter Ware,TCU,3,40,13.3,26,1
1099,Kazmeir Allen,UCLA,3,40,13.3,24,0
1099,Michael Brown-Stephens,MINN,4,40,10.0,20,1
1099,Courtney Reese,UNLV,7,40,5.7,18,0
1099,Emil Smith,GASO,4,40,10.0,13,0
1099,D.J. Williams,AUB,7,40,5.7,22,0
1107,Matlin Marshall,GAST,3,39,13.0,18,0
1107,Monte Pottebaum,IOWA,3,39,13.0,20,0
1107,Billy Bowens,BSU,5,39,7.8,10,0
1107,Kris Mitchell,FIU,4,39,9.8,15,0
1107,Kentron Poitier,FSU,4,39,9.8,14,0
1107,Devin Mathews,NAVY,3,39,13.0,22,0
1107,Keshunn Abram,KENT,2,39,19.5,20,1
1107,Christian Dremel,RUTG,5,39,7.8,14,0
1115,Seth Green,MINN,3,38,12.7,20,0
1115,Jared Sparks,PUR,4,38,9.5,20,0
1115,Jakairi Moses,WKU,9,38,4.2,9,0
1115,Jafar Armstrong,ND,3,38,12.7,20,0
1115,Tye Evans,BALL,3,38,12.7,25,0
1115,Messiah Swinson,MIZ,2,38,19.0,29,0
1115,Tavares Kelly Jr.,UVA,9,38,4.2,13,0
1115,Antoine Green,UNC,4,38,9.5,22,1
1115,Chez Mellusi,CLEM,5,38,7.6,23,1
1115,Dylan Deveney,GT,4,38,9.5,18,1
1115,Aidan Bitter,ISU,1,38,38.0,38,0
1115,Luke Floriea,KENT,3,38,12.7,24,0
1115,Shadeed Ahmed,MRSH,6,38,6.3,13,0
1128,Jonathan Ifedi,GAST,8,37,4.6,14,0
1128,Dominic Benson,SDSU,3,37,12.3,15,0
1128,Dylan Thomas,TCU,3,37,12.3,17,0
1128,Luke Farrell,OSU,5,37,7.4,16,1
1128,Lucious Stanley,UAB,3,37,12.3,20,0
1128,Zamir White,UGA,6,37,6.2,10,0
1128,Daniel Parker,MIZ,8,37,4.6,16,0
1128,Justin Henderson,LT,9,37,4.1,8,0
1128,Keyon Lesane,NCST,3,37,12.3,20,0
1128,Kris Hutson,ORE,4,37,9.3,11,0
1128,Caziah Holmes,PSU,6,37,6.2,12,0
1128,Charles Ross,NEV,4,37,9.3,11,0
1128,Jamaal Bell,NEV,3,37,12.3,21,1
1141,Kavika Fonua,BYU,4,36,9.0,22,2
1141,Davion Johnson,M-OH,3,36,12.0,15,0
1141,Melvin Hill,MASS,4,36,9.0,12,0
1141,Zach Jackson,ULM,4,36,9.0,17,0
1141,Ethan Dedeaux,SDSU,5,36,7.2,12,1
1141,Rico Arnold,CLT,3,36,12.0,15,0
1141,C'Bo Flemister,ND,2,36,18.0,27,0
1141,Brayden Cosper,BYU,4,36,9.0,15,0
1141,Josh Delgado,ORE,3,36,12.0,20,0
1141,Corey Crooms Jr.,WMU,2,36,18.0,28,0
1141,Kole Taylor,LSU,6,36,6.0,20,0
1141,Terez Traynor,WKU,4,36,9.0,16,0
1141,Malik Bowen-Sims,DUKE,3,36,12.0,13,0
1141,Koali Nishigaya,HAW,2,36,18.0,26,0
1155,Cameron Odom,OHIO,2,35,17.5,26,0
1155,Spencer Brown,UAB,5,35,7.0,19,0
1155,Stephon Robinson Jr.,KU,2,35,17.5,23,0
1155,Ty Scott,CMU,4,35,8.8,12,0
1155,Jeremiah Payton,MIAMI,5,35,7.0,13,0
1155,Brian Battie,USF,4,35,8.8,16,0
1155,Shamar Garrett,SJSU,4,35,8.8,19,0
1155,Andre Johnson,ASU,1,35,35.0,35,0
1163,Nolan Givan,SDSU,3,34,11.3,14,0
1163,Tucker Fisk,STAN,5,34,6.8,12,1
1163,Ty Brock,CMU/SHSU,1,34,34.0,34,0
1163,Harry Trotter,KSU,8,34,4.3,12,0
1163,Al'vonte Woodard,TEX,4,34,8.5,13,0
1163,Elijah Collins,MSU,4,34,8.5,17,0
1163,Kyi Wright,PITT,3,34,11.3,16,0
1163,Jawhar Jordan,SYR,5,34,6.8,18,0
1163,Fabian McCray,NIU,1,34,34.0,34,0
1163,Jordon Simmons,MSU,5,34,6.8,13,0
1163,Nick Jackson,UVA,2,34,17.0,26,0
1174,Jackson Anthrop,PUR,3,33,11.0,22,0
1174,Rakeem Boyd,ARK,10,33,3.3,15,0
1174,Trey Ross,APP,2,33,16.5,17,0
1174,Andrew McGowan,UTSA,1,33,33.0,33,0
1174,Brandon Walters,ARMY,5,33,6.6,13,0
1174,Rahmir Johnson,NEB,6,33,5.5,17,0
1174,Jalen Mitchell,LOU,4,33,8.3,15,0
1174,Keke Burns,SMU,3,33,11.0,28,0
1174,Michael Wiley,ARIZ,8,33,4.1,8,0
1174,Mikel Barkley,TCU,7,33,4.7,9,0
1174,Jaylen Warren,USU,5,33,6.6,11,0
1174,Javon Turner,MASS,1,33,33.0,33,0
1174,Caden Prieskorn,MEM,3,33,11.0,16,0
1174,Trevor Hobbs,LIB,3,33,11.0,28,0
1188,Mulbah Car,HOU,6,32,5.3,19,0
1188,Zach Wilson,BYU,2,32,16.0,16,0
1188,Jirehl Brock,ISU,4,32,8.0,11,0
1188,Jermaine Brown Jr.,UAB,8,32,4.0,9,0
1188,Jonzell Norrils,AKR,2,32,16.0,24,0
1193,Michael Irvin II,FAU,2,31,15.5,26,0
1193,Bailey Hockman,NCST,1,31,31.0,31,1
1193,Chase Hayden,ECU,1,31,31.0,31,0
1193,Pooka Williams Jr.,KU,6,31,5.2,13,0
1193,Rhett Harms,AFA,1,31,31.0,31,0
1193,Henry To'oTo'o,TENN,1,31,31.0,31,0
1193,Keegan Jones,UCLA,3,31,10.3,26,1
1193,Patrick Garwo III,BC,7,31,4.4,13,0
1193,K'Andre Street,HOU,2,31,15.5,23,1
1193,Joey Hobert,WSU,3,31,10.3,16,0
1193,Jsi Hatfield,ECU,6,31,5.2,18,0
1193,Finn Corwin,OU,2,31,15.5,16,1
1193,Mike Martinez,UCLA,3,31,10.3,15,1
1193,Rahjai Harris,ECU,6,31,5.2,12,1
1207,Bryce Witham,MINN,3,30,10.0,20,0
1207,Deon McIntosh,WSU,2,30,15.0,29,0
1207,Logan Peterson,FAU,2,30,15.0,25,1
1207,B.J. Baylor,ORST,5,30,6.0,12,0
1207,Drake De Iuliis,VT,4,30,7.5,14,0
1207,George Takacs,ND,3,30,10.0,13,0
1207,Tyjae Spears,TULN,2,30,15.0,16,0
1207,Kenneth Walker III,WAKE,3,30,10.0,19,0
1207,Tayvon Ruley,TEM,4,30,7.5,29,0
1207,Graeson Malashevich,WVU,1,30,30.0,30,0
1207,Will Sheppard,VAN,2,30,15.0,24,0
1218,Ko Kieft,MINN,2,29,14.5,15,1
1218,Jesse Brown,NW,3,29,9.7,15,0
1218,Collin Moore,CAL,3,29,9.7,26,0
1218,Aaron Cephus,HAW,1,29,29.0,29,0
1218,Brett Borske,WMU,4,29,7.3,12,0
1218,Samson Nacua,UTAH,4,29,7.3,13,1
1218,Chandler Smith,HOU,3,29,9.7,11,0
1218,Will Swinney,CLEM,7,29,4.1,9,0
1218,Mike Epstein,ILL,2,29,14.5,22,0
1218,Kyle Griffitts,BYU,1,29,29.0,29,0
1218,Carlos Sandy,ILL,1,29,29.0,29,1
1218,Chris Barrett,LIB,5,29,5.8,18,2
1218,Teon Dollard,AKR,10,29,2.9,9,0
1218,Marcus Major Jr.,OU,2,29,14.5,24,0
1218,Jaheim Bell,SC,1,29,29.0,29,0
1218,Case Hatch,ASU,2,29,14.5,24,0
1218,Austin Robinson,M-OH,1,29,29.0,29,0
1218,Cole Caterbone,ARMY,3,29,9.7,13,0
1218,Rob Johnson,UAB,5,29,5.8,11,0
1237,Andrew Clair,BGSU,2,28,14.0,21,0
1237,Orlando Lacey,TROY,3,28,9.3,20,0
1237,Drake Anderson,NW,4,28,7.0,21,0
1237,Gunner Gentry,WYO,2,28,14.0,22,1
1237,Markese Stepp,USC,3,28,9.3,16,0
1237,Parker Christensen,WYO,2,28,14.0,21,0
1237,Devin Chandler,WISC,2,28,14.0,16,0
1237,Javonte Kinsey,BGSU,2,28,14.0,26,1
1237,Shawn Naim,AKR,5,28,5.6,12,0
1237,Daniel Hishaw Jr.,KU,5,28,5.6,9,0
1237,Daniel Jackson,ISU,5,28,5.6,10,0
1248,Demario McCall,OSU,1,27,27.0,27,0
1248,Will Brown,CLEM,3,27,9.0,10,0
1248,Carlos Carriere,MD,2,27,13.5,19,0
1248,Berkeley Holman,NW,2,27,13.5,24,0
1248,Jordan Pouncey,FLA,1,27,27.0,27,1
1248,Matt Landers,UGA,2,27,13.5,23,0
1248,Paul Woods,RUTG,5,27,5.4,12,0
1248,Jack Eschenbach,WISC,2,27,13.5,22,0
1248,Duane Martin,LOU,2,27,13.5,25,0
1248,Darren Wilson Jr.,ISU,2,27,13.5,17,1
1258,Ryan Renick,TA&M,2,26,13.0,17,1
1258,Billy Bob Humphreys,SJSU,3,26,8.7,14,0
1258,Taylor Compton,USU,4,26,6.5,8,0
1258,Robert Burns,MIAMI,2,26,13.0,18,0
1258,Brian Robinson Jr.,ALA,6,26,4.3,7,0
1258,Chance Bell,SDSU,3,26,8.7,14,0
1258,Devin Brumfield,UTAH,5,26,5.2,11,0
1258,Sheldon Evans,MRSH,9,26,2.9,8,0
1258,Wayne Dennis Jr.,NW,2,26,13.0,23,0
1258,Amari Johnson,UCF,3,26,8.7,13,0
1258,Cam Wiley,MINN,4,26,6.5,16,1
1258,Mike Drennen II,UK,3,26,8.7,14,0
1258,Cam Davis,WASH,5,26,5.2,9,0
1258,Sean Atkins,USF,3,26,8.7,12,0
1258,Jacob Gasser,UNLV,4,26,6.5,15,0
1258,Kobe Pace,CLEM,5,26,5.2,14,1
1258,DJ Smith,EMU,3,26,8.7,17,1
1276,Changa Hodge,VILL/VT,3,25,8.3,11,0
1276,Boogie Knight,AKR,3,25,8.3,12,0
1276,Javin Myers,ULM,6,25,4.2,9,0
1276,DaShon Bussell,WMU,2,25,12.5,14,0
1276,Kavosiey Smoke,UK,5,25,5.0,9,0
1276,Micah Bernard,UTAH,4,25,6.3,10,0
1276,Easton Dean,ISU,1,25,25.0,25,0
1276,Jontavis Robertson,DUKE,4,25,6.3,13,0
1276,Nate Noel,APP,2,25,12.5,16,0
1276,Rory Hanson,FRES,3,25,8.3,15,0
1286,Johnnie Lang,ISU,4,24,6.0,10,0
1286,Elijah Cooks,NEV,2,24,12.0,16,0
1286,Peyton Sawyer,HOU,3,24,8.0,9,0
1286,Will Gilchrist,MTSU,1,24,24.0,24,0
1286,Chris Carter,USF,5,24,4.8,12,0
1286,Ed Hendrix,SYR,3,24,8.0,10,0
1286,Xavier Williams,ALA,3,24,8.0,12,0
1286,Zach Williams,ARIZ,2,24,12.0,16,0
1286,Devyn Ford,PSU,7,24,3.4,8,0
1286,Micah Kelly,TOL,5,24,4.8,12,0
1286,Jabari Small,TENN,4,24,6.0,9,0
1286,Matt Sykes,UCLA,3,24,8.0,13,0
1286,Juan Rodriguez,FRES,3,24,8.0,18,1
1286,Malachi Wideman,TENN,1,24,24.0,24,0
1286,Jalen John,ARIZ,3,24,8.0,11,0
1301,Chadarius Townsend,TTU,3,23,7.7,12,0
1301,DK Billingsley,TROY,3,23,7.7,13,0
1301,Robert French,RICE,4,23,5.8,11,0
1301,Aaron Jackson,EMU,3,23,7.7,8,0
1301,Matt Alaimo,RUTG,7,23,3.3,7,0
1301,Kealon Jackson,UNT,3,23,7.7,10,0
1301,Trevon Clark,CAL,4,23,5.8,9,0
1301,John Jackson,USC,1,23,23.0,23,0
1301,Dylan Leonard,GT,3,23,7.7,15,0
1310,Kene Nwangwu,ISU,3,22,7.3,11,0
1310,Jack Coco,GT,4,22,5.5,8,0
1310,Ivory Kelly-Martin,IOWA,3,22,7.3,17,0
1310,Jake Henry,APP,2,22,11.0,17,0
1310,D.J. Butler,GASO,3,22,7.3,14,1
1310,Tyler Henderson,BAY,4,22,5.5,9,0
1310,Baden Pinson,CCU,2,22,11.0,12,0
1310,Julon Williams,HOU/UTSA,5,22,4.4,11,0
1310,Wyatt Liewer,NEB,3,22,7.3,10,1
1310,Damarius Good,UCF,2,22,11.0,13,0
1310,Kendall Milton,UGA,1,22,22.0,22,0
1310,Tristan Golightly,KU,2,22,11.0,13,0
1310,Isaiah Jacobs,MD,2,22,11.0,22,0
1310,Jaylen Erwin,UCLA,1,22,22.0,22,0
1310,Miles Banks,UTEP,3,22,7.3,10,0
1310,Chris Jackson,BYU,6,22,3.7,13,0
1326,Anselem Umeh,UNM,2,21,10.5,12,0
1326,Brock Wright,ND,3,21,7.0,11,0
1326,Maurice Burkley,LOU,3,21,7.0,14,0
1326,Hunter Bergeron,UL,2,21,10.5,13,0
1326,Clayton Tune,HOU,1,21,21.0,21,0
1326,Lyn-J Dixon,CLEM,3,21,7.0,12,0
1326,Jahmyl Jeter,TXST,5,21,4.2,12,0
1326,Brody Brumm,LIB,4,21,5.3,9,1
1326,Mitchell Pryor,VAN,3,21,7.0,12,0
1326,Timothy Patrick,USU,3,21,7.0,11,0
1326,TW Ayers,ARST,3,21,7.0,17,1
1326,Peny Boone,MD,2,21,10.5,12,0
1326,Dea Dea McDougle,MD,2,21,10.5,21,0
1326,Ethan Wright,CIN,2,21,10.5,13,0
1340,Roscoe Johnson,LOU/UNC,2,20,10.0,10,0
1340,Zac Crosby,APP,4,20,5.0,11,0
1340,Timothy Taylor,MEM,3,20,6.7,13,0
1340,Darius Pittman,TEM,2,20,10.0,18,0
1340,DeAndre Torrey,UNT,4,20,5.0,6,0
1340,Presley Motes,BGSU,2,20,10.0,13,0
1340,Hank Tuipulotu,BYU,1,20,20.0,20,0
1340,Trey Adkins,SC,2,20,10.0,10,0
1340,Trey Potts,MINN,4,20,5.0,10,0
1340,King Doerue,PUR,1,20,20.0,20,1
1340,Jimmy Calloway,TENN,2,20,10.0,14,0
1340,Tyler Scott,CIN,3,20,6.7,9,0
1340,Jayden Harrison,VAN,8,20,2.5,25,0
1340,Malik Jackson,MD,1,20,20.0,20,0
1340,Ryan Graham,ARST,1,20,20.0,20,0
1340,RaJae' Johnson,UAB,2,20,10.0,16,0
1340,Terrion Avery,USA,6,20,3.3,8,0
1340,Demick Starling,UVA,4,20,5.0,9,1
1340,Will Huggins,KU,1,20,20.0,20,1
1340,Tre' Harris,LT,1,20,20.0,20,0
1360,Dylan Koch,BALL,4,19,4.8,8,1
1360,Ryan Carriere,CLT,4,19,4.8,12,0
1360,Darius Pinnix Jr.,ECU,2,19,9.5,17,2
1360,Jake Paulson,MINN,1,19,19.0,19,0
1360,Maverick Wolfley,AKR,2,19,9.5,15,0
1360,Adam Mehelic,M-OH,2,19,9.5,10,0
1360,Amad Anderson Jr.,PUR,5,19,3.8,5,0
1360,Javaughn Williams,KENT,3,19,6.3,13,1
1360,Tyneil Hopper,BSU,2,19,9.5,11,0
1360,Jared Wilson,USA,4,19,4.8,11,0
1360,Trejan Bridges,OU,2,19,9.5,20,0
1360,Rashod Owens,OKST,2,19,9.5,15,0
1360,Rico Powers Jr.,SC,2,19,9.5,14,0
1360,Jake Overman,ORST,1,19,19.0,19,0
1360,Darius Lewis,GASO,3,19,6.3,11,0
1360,Sincere Brown,USF,1,19,19.0,19,0
1360,Francis Sherman,LOU,3,19,6.3,11,1
1360,Michael Redding III,MIAMI,3,19,6.3,7,1
1378,Trey Smith,WYO,3,18,6.0,8,0
1378,Joshua Mack,LIB,6,18,3.0,15,0
1378,Evan Fairs,VT,2,18,9.0,10,0
1378,Chase Rogers,MISS,3,18,6.0,10,0
1378,Julian Hicks,AKR,2,18,9.0,11,0
1378,Chris Reynolds,CLT,1,18,18.0,18,1
1378,Drew Swinney,CLEM,3,18,6.0,12,0
1378,Tyler Shough,ORE,0,18,0.0,18,0
1378,Jordan McCloud,USF,1,18,18.0,18,0
1378,Bryce Carpenter,CCU,2,18,9.0,13,0
1378,AJ Lewis,TROY,2,18,9.0,16,2
1378,Kevin Austin Jr.,ND,1,18,18.0,18,0
1378,Velton Gardner,KU,6,18,3.0,5,0
1378,Asher Alberding,UNT,2,18,9.0,12,0
1378,Jaycob Horn,TXST,1,18,18.0,18,0
1378,Andre Crump Jr.,SJSU,3,18,6.0,8,0
1394,Logan Bonner,ARST,1,17,17.0,17,0
1394,Javan Hawes,ARST,2,17,8.5,17,0
1394,Tayon Fleet-Davis,MD,1,17,17.0,17,0
1394,Jaylon Jackson,COLO,2,17,8.5,14,1
1394,Ben Mason,MICH,2,17,8.5,9,1
1394,Raymond Niro III,NW,2,17,8.5,9,0
1394,Pearse Migl,UL,2,17,8.5,9,1
1394,Christopher Brooks,CAL,4,17,4.3,12,0
1394,La'Darius Jefferson,MSU/WMU,4,17,4.3,6,0
1394,Lincoln Victor,HAW,2,17,8.5,13,0
1394,Marvin Scott III,NEB,2,17,8.5,14,0
1394,Marcus Phillips Jr.,UNLV,2,17,8.5,10,0
1394,Jahmal Banks,WAKE,1,17,17.0,17,0
1394,Joseph Walker,LT,1,17,17.0,17,0
1394,Steven McBride,KU,4,17,4.3,7,0
1409,Jamauri Wakefield,VAN,5,16,3.2,7,0
1409,D'Eriq King,MIAMI,2,16,8.0,15,0
1409,Hendon Hooker,VT,1,16,16.0,20,0
1409,James Sosinski,KU,1,16,16.0,16,0
1409,Garrett Bickhart,PITT,2,16,8.0,10,0
1409,Ryan Montgomery,CIN,4,16,4.0,10,0
1409,Trae Hall,UNM,1,16,16.0,16,1
1409,Jacob Adams,LT,4,16,4.0,13,1
1409,Kyron Cumby,ILL,3,16,5.3,17,0
1409,Kamari Morales,UNC,2,16,8.0,11,1
1409,Raymond Pauwels,FRES,2,16,8.0,12,0
1409,Daniyel Ngata,ASU,1,16,16.0,16,0
1409,Jalen McMillan,WASH,1,16,16.0,16,0
1409,Harlan Dixon,LT,3,16,5.3,7,0
1409,Zamar Wise,MASS,2,16,8.0,15,0
1409,James Burns,M-OH,1,16,16.0,16,0
1409,Greg Garner,LT,3,16,5.3,14,0
1426,Darien Rencher,CLEM,2,15,7.5,8,0
1426,Daetrich Harrington,APP,2,15,7.5,10,0
1426,Michael McFarlane,CCU,1,15,15.0,15,0
1426,Camerun Peoples,APP,3,15,5.0,13,0
1426,Devin Culp,WASH,1,15,15.0,15,0
1426,Monroe Young,CAL,2,15,7.5,8,0
1426,Luke Ford,ILL,2,15,7.5,11,0
1426,Donovan Ollie,WSU,1,15,15.0,15,0
1426,Ron Cook Jr.,BUFF,1,15,15.0,15,0
1426,Maliq Carr,PUR,1,15,15.0,15,0
1426,Nate McCollum,GT,2,15,7.5,10,0
1426,Darion Williamson,FSU,2,15,7.5,8,0
1426,Jeremy Lewis,ECU,3,15,5.0,11,0
1426,Cade McDonald,MSU,2,15,7.5,8,0
1426,Tyler Crowe,BSU,1,15,15.0,15,0
1426,Elelyon Noa,USU,3,15,5.0,9,0
1426,Montana Lemonious-Craig,COLO,1,15,15.0,15,0
1426,Javon Baker,ALA,2,15,7.5,15,0
1444,Drew Schlegel,CAL,2,14,7.0,13,0
1444,Dee Anderson,OKST,1,14,14.0,14,0
1444,Deion Hair-Griffin,UNT,1,14,14.0,14,0
1444,Tre Harbison,CLT/NIU,1,14,14.0,14,0
1444,BJ Emmons,FAU,3,14,4.7,7,0
1444,Jake Zilinskas,PITT,1,14,14.0,14,0
1444,J.D. King,GASO,3,14,4.7,10,0
1444,Darrian Felix,USF,3,14,4.7,19,0
1444,D'vonte Price,FIU,5,14,2.8,6,1
1444,Cameron Sullivan-Brown,PSU,1,14,14.0,14,0
1444,Brenden Bates,UK,1,14,14.0,14,0
1444,Bryce Oliver,UK,2,14,7.0,8,0
1444,Timothy Scippio,AKR,1,14,14.0,14,0
1444,C.J. Schmanski,COLO,3,14,4.7,9,0
1444,Dalton Kincaid,UTAH/USD,1,14,14.0,14,0
1444,Terrell McDonald,UAB,1,14,14.0,14,0
1444,Marquez Cooper,KENT,1,14,14.0,14,0
1444,Willie Taggart Jr.,FAU,2,14,7.0,19,0
1444,Dezmon Jackson,OKST,5,14,2.8,8,0
1444,Brian Darby,OU,1,14,14.0,14,0
1464,Adam Prentice,CSU/SC,2,13,6.5,10,0
1464,Sean McGrew,WASH,3,13,4.3,6,0
1464,Jake Hausmann,OSU,1,13,13.0,13,0
1464,Caleb Huntley,BALL,1,13,13.0,13,0
1464,Michael Bollinger,LIB,1,13,13.0,13,1
1464,Bryce Williams,MINN,2,13,6.5,8,0
1464,O'Shaan Allison,OHIO,1,13,13.0,13,0
1464,Bryan Bradford,KENT,1,13,13.0,13,1
1464,Darius Boone Jr.,EMU,1,13,13.0,13,0
1464,Rashad Amos,SC,3,13,4.3,6,0
1464,Jalen Berger,WISC,2,13,6.5,8,0
1464,Jared Cole,MASS,2,13,6.5,7,0
1464,Avery Morrow,NEV,4,13,3.3,7,0
1464,Ja'Markis Weston,FLA,1,13,13.0,13,0
1464,Brandon Wright,MSU,1,13,13.0,13,0
1464,Kenvontre Bradford,LSU,3,13,4.3,12,1
1464,Brandon Frazier,AUB,2,13,6.5,7,0
1464,Natrone Brooks,USM,1,13,13.0,13,0
1482,Marshall Few,MIAMI,2,12,6.0,6,0
1482,Andrew Marty,NW,1,12,12.0,12,0
1482,James Bostic,VAN,1,12,12.0,12,0
1482,Bentavious Thompson,UCF,3,12,4.0,7,0
1482,Karmi Mackey,EMU,1,12,12.0,12,0
1482,Gunnar Oakes,EMU,1,12,12.0,12,0
1482,Joshua Fields,UTEP,2,12,6.0,11,0
1482,Marcus McElroy Jr.,CSU,1,12,12.0,12,0
1482,Cole McGowan,HOU,1,12,12.0,12,0
1482,Jackson Marcotte,WYO,1,12,12.0,12,0
1482,Jaret Pallotta,MASS,2,12,6.0,7,0
1482,Jerome Buckner,OHIO,2,12,6.0,6,0
1482,Chris Rodriguez Jr.,UK,1,12,12.0,12,0
1482,Brad Cumbest,MSST,2,12,6.0,10,1
1482,Jeremy Tate Jr.,MEM,2,12,6.0,7,0
1482,A.J. Abbott,WISC,2,12,6.0,9,0
1482,Calvin Jackson,WSU,2,12,6.0,7,0
1482,Maclaine Griffin,BSU,2,12,6.0,7,0
1482,Cameron Hatcher-Owens,USA,2,12,6.0,6,0
1482,Jordan Byrd,SDSU,7,12,1.7,9,0
1482,Brett Seither,UGA,1,12,12.0,12,0
1482,Leonard Parker,USF,1,12,12.0,12,0
1482,Dominic Richardson,OKST,1,12,12.0,12,0
1482,Xavier Restrepo,MIAMI,1,12,12.0,12,0
1482,Alec Kritta,IOWA,1,12,12.0,12,0
1482,Devaughn Vele,UTAH,2,12,6.0,9,0
1482,Gavin Thomson,PITT,2,12,6.0,13,0
1482,Pailate Makakona,USU,2,12,6.0,9,0
1482,Dalton King,AFA,1,12,12.0,12,0
1511,Devonta'e Henry-Cole,USU,3,11,3.7,4,0
1511,Tyrell Alexander,VAN,2,11,5.5,6,0
1511,Daevon Vigilant,UNM,5,11,2.2,9,0
1511,Artice Hobbs IV,ARMY,2,11,5.5,6,0
1511,Isaac Martin,LOU,2,11,5.5,7,0
1511,Will Jones,BALL,2,11,5.5,12,0
1511,Aaron Jarman,TEM,1,11,11.0,11,1
1511,Pat McSweeney,CCU,2,11,5.5,8,0
1511,Trent Pennix,NCST,3,11,3.7,5,1
1511,Justin Dunn,NCST,1,11,11.0,11,0
1511,Matt Bjorson,IU,1,11,11.0,11,0
1511,Deneric Prince,TLSA,1,11,11.0,11,0
1511,Stephan Bracey Jr.,WISC,1,11,11.0,11,0
1511,DeWayne Carter,DUKE,1,11,11.0,11,0
1511,Brayden Liebrock,TEX,2,11,5.5,10,0
1511,Milan Tucker,APP,2,11,5.5,8,0
1511,Kamareon Williams,FIU,2,11,5.5,7,0
1511,Israel Abanikanda,PITT,2,11,5.5,15,1
1511,TJ McDaniel,SMU,4,11,2.8,9,0
1511,TJ Sheffield,PUR,2,11,5.5,10,0
1511,Luke Deal,AUB,2,11,5.5,7,0
1511,Cam Jones,CIN,1,11,11.0,11,0
1511,Josh Farr,UTEP,2,11,5.5,6,0
1534,Shakif Seymour,TOL,2,10,5.0,6,0
1534,Peytton Pickett,LIB,3,10,3.3,6,0
1534,Hayden Mitchell,UVA,2,10,5.0,9,0
1534,Gavin Reinwald,CAL,2,10,5.0,6,0
1534,Houston Heimuli,STAN,2,10,5.0,7,0
1534,Johnny Langan,RUTG,2,10,5.0,6,0
1534,Reynaldo Flores,UTEP,1,10,10.0,10,0
1534,Ari Broussard,RICE,1,10,10.0,10,0
1534,Chris Curry,LSU,1,10,10.0,10,0
1534,Tucker Gregg,GAST,2,10,5.0,7,0
1534,Tahj Magee,LT,3,10,3.3,10,0
1534,Keenan Garber,KSU,2,10,5.0,9,0
1534,Henry Ikahihifo,NEV,1,10,10.0,10,0
1534,Jaren Mangham,COLO,1,10,10.0,10,0
1534,Khi Mathieu,MEM,1,10,10.0,10,0
1534,Ronald Thompkins,NEB,1,10,10.0,10,0
1534,Terion Stewart,BGSU,2,10,5.0,7,0
1534,Damien Moore,CAL,1,10,10.0,10,0
1534,Josh Henderson,UNC,3,10,3.3,8,0
1534,Chad Alexander,UNM,5,10,2.0,6,0
1534,Dalen Cambre,UL,1,10,10.0,10,0
1534,Cam Roberson,MASS,1,10,10.0,10,0
1534,Amauri Pesek-Hickson,KU,2,10,5.0,6,0
1534,Zach Rasmussen,ULM,1,10,10.0,10,0
1558,Isaac James-Gray,BALL,1,9,9.0,9,0
1558,Wykeen Gill,KSU,3,9,3.0,6,0
1558,Matt LaRoche,GASO,4,9,2.3,6,0
1558,Calvin Tyler Jr.,ORST,2,9,4.5,7,0
1558,Trevor Hohlt,BALL,1,9,9.0,9,0
1558,Kadas Reams,TEM,1,9,9.0,9,0
1558,Jack Westover,WASH,1,9,9.0,9,0
1558,Jevon Bigelow,FRES,1,9,9.0,9,0
1558,Mark Williams,KENT,1,9,9.0,9,1
1558,Carlinos Acie,NAVY,1,9,9.0,9,0
1558,Tylan Knight,MISS,2,9,4.5,8,0
1558,Sampson James,IU,1,9,9.0,9,0
1558,Ethon Williams,BC,1,9,9.0,9,0
1558,Larry McCammon III,FAU,2,9,4.5,5,0
1558,Onuma Dieke,MASS,1,9,9.0,9,0
1558,Tyson Mobley,CCU,2,9,4.5,6,0
1558,Broc Lane,USU,2,9,4.5,5,0
1558,Shermari Jones,CCU,1,9,9.0,9,0
1576,Nick Lenners,KSU,3,8,2.7,8,0
1576,Jerry Howard Jr.,GT,1,8,8.0,8,0
1576,Tristan Gebbia,ORST,1,8,8.0,8,1
1576,Ben Miles,KU,3,8,2.7,7,0
1576,Mason Barta,KSU,1,8,8.0,8,0
1576,Marquavius Weaver,MEM,1,8,8.0,8,0
1576,Frank Harris,UTSA,1,8,8.0,8,0
1576,Stone Scarcelle,MRSH,1,8,8.0,8,0
1576,Joeseph Sewell,MTSU,1,8,8.0,8,0
1576,Trevor Lawrence,CLEM,1,8,8.0,8,0
1576,Seth Paige,GAST,1,8,8.0,8,0
1576,Juma Otoviano,RICE,1,8,8.0,8,0
1576,Tyler Hussey,TROY,1,8,8.0,8,1
1576,Garland LaFrance,WKU,1,8,8.0,8,0
1576,Caleb McMillan,MRSH,1,8,8.0,8,0
1576,James Palmer,TLSA,2,8,4.0,4,1
1576,Sione Finau,BYU,2,8,4.0,7,0
1576,Garrett Shrader,MSST,1,8,8.0,8,0
1576,Oscar Adaway III,UNT,2,8,4.0,5,0
1576,Ty McCullouch,CSU,1,8,8.0,8,0
1576,Dylan Downing,UNLV,2,8,4.0,7,0
1576,Savion Williams,TCU,1,8,8.0,8,0
1576,Jacob Hopper,USA,1,8,8.0,8,0
1576,Challen Faamatau,MD,1,8,8.0,8,0
1600,Brady White,MEM,1,7,7.0,7,0
1600,Dawson Downing,MIZ,1,7,7.0,7,0
1600,Matt Lynch,COLO,2,7,3.5,6,0
1600,Kameron McQueen,KU,1,7,7.0,7,0
1600,Mark Birmingham,DUKE,1,7,7.0,7,0
1600,Tyler Burns,KSU,2,7,3.5,5,0
1600,Todd Sibley,PITT,1,7,7.0,7,0
1600,Tyler Nevens,SJSU,4,7,1.8,5,0
1600,Osiris St. Brown,STAN,1,7,7.0,7,0
1600,Dalen Morris,NAVY,1,7,7.0,7,0
1600,Clay Markoff,WSU,1,7,7.0,7,0
1600,Conner McCarthy,CCU,1,7,7.0,7,0
1600,Richard Newton,WASH,1,7,7.0,7,0
1600,Max Borghi,WSU,1,7,7.0,7,0
1600,Caden Leggett,TTU,3,7,2.3,3,0
1600,Tyler Walton,OHIO,3,7,2.3,4,0
1600,Jacoby Hopkins,TXST,1,7,7.0,7,0
1600,DeJuan Ellis,MD,1,7,7.0,7,0
1600,Devin Jennings,WYO,1,7,7.0,7,0
1600,Lexington Joseph,FIU,2,7,3.5,7,0
1600,Damon Smith,OU,2,7,3.5,14,0
1600,EJ Smith,STAN,3,7,2.3,5,0
1600,Tyler Moore,MEM,1,7,7.0,7,0
1600,Jake Spiewak,AFA,1,7,7.0,7,0
1600,Leroy Deshazor,ARST,1,7,7.0,7,0
1600,Adam Cousins,UTEP,1,7,7.0,7,0
1600,Landon Burrell,MTSU,2,7,3.5,7,0
1627,Tommy McIntyre,SMU,1,6,6.0,6,0
1627,Jake Molinich,BUFF,1,6,6.0,6,0
1627,Thomas Reid III,ARIZ,1,6,6.0,6,0
1627,Steven Witchoskey,WKU,1,6,6.0,6,0
1627,Lucas Krull,FLA/PITT,1,6,6.0,6,0
1627,Hassan Hall,LOU,3,6,2.0,6,0
1627,Te'Vailance Hunt,TCU,2,6,3.0,5,0
1627,Brady Schipper,WISC,1,6,6.0,6,0
1627,A.J. Howard,ARMY,1,6,6.0,6,0
1627,Asher O'Hara,MTSU,1,6,6.0,6,0
1627,Mekhi Sargent,IOWA,1,6,6.0,6,0
1627,Treshaun Ward,FSU,1,6,6.0,6,0
1627,Konner Fox,KSU,1,6,6.0,6,0
1627,Amir Richardson,MRSH,2,6,3.0,3,1
1627,Alex Adams,LSU,1,6,6.0,6,0
1627,De'Montre Tuggle,OHIO,2,6,3.0,4,0
1627,Bernard Porter,BUFF,1,6,6.0,6,0
1627,Isaiah Johnson,UNT,1,6,6.0,6,0
1627,Hayden Hagler,MRSH,2,6,3.0,5,1
1627,Willie Erdman,TEM,1,6,6.0,6,0
1647,Seth Collins,TTU,1,5,5.0,5,0
1647,Marcus Williams Jr.,APP,3,5,1.7,6,0
1647,Zach Kahn,M-OH,2,5,2.5,4,0
1647,Corey Taylor,TLSA,1,5,5.0,5,0
1647,Chris Elmore,SYR,1,5,5.0,5,0
1647,Chuck McClelland,CIN,1,5,5.0,5,0
1647,Kelan Walker,HOU,1,5,5.0,5,0
1647,TaMerik Williams,SMU,3,5,1.7,6,0
1647,Jordan Travis,FSU,1,5,5.0,5,0
1647,James Tupou,UTEP,2,5,2.5,4,0
1647,Alec Burton,OHIO,1,5,5.0,5,0
1647,John Stephens Jr.,TCU,1,5,5.0,5,0
1647,Kameron Jones,MSST,1,5,5.0,5,0
1647,Damani Burrell,UL,1,5,5.0,5,0
1647,John Vardzel,PITT,1,5,5.0,5,0
1647,Dee Baker,USM,2,5,2.5,5,0
1647,Luke McCaffrey,NEB,1,5,5.0,5,0
1647,Jaelyn Lay,CLEM,1,5,5.0,5,0
1647,Jaquez Pennimon,GAST,1,5,5.0,5,0
1647,Jude Wolfe,USC,2,5,2.5,4,0
1647,Kevin Bauman,ND,1,5,5.0,5,0
1647,Ira Armstead II,UVA,1,5,5.0,5,0
1647,Ger-Cari Caldwell,SC,1,5,5.0,5,0
1647,Ja'Mori Maclin,MIZ,1,5,5.0,5,0
1647,Chip Trayanum,ASU,1,5,5.0,5,0
1647,Logan Loya,UCLA,1,5,5.0,5,0
1647,Noah Whittington,WKU,3,5,1.7,7,0
1647,Ethan Hall,TLSA,3,5,1.7,3,0
1647,Daniel Carter,PITT,1,5,5.0,5,0
1647,Anthony Williams,MSU,1,5,5.0,5,0
1647,Andrew Jayne,NCST,1,5,5.0,5,0
1647,Golden Eke,UL,1,5,5.0,5,0
1647,Donny Marcus,BALL,1,5,5.0,5,0
1680,Luke Sanders,WMU,1,4,4.0,4,0
1680,Major Tennison,ALA,1,4,4.0,4,0
1680,Bryce Wolma,ARIZ,4,4,1.0,3,0
1680,Victor Santiago,MASS,2,4,2.0,5,0
1680,Brevyn Spann-Ford,MINN,1,4,4.0,4,1
1680,Ronnie Stevenson,TEM,1,4,4.0,4,0
1680,Elijah Klein,UTEP,0,4,0.0,4,0
1680,Christoph Henle,BAY,1,4,4.0,4,0
1680,Tanner Allton,OHIO,1,4,4.0,4,0
1680,Brennan Armstrong,UVA,0,4,0.0,4,0
1680,Devon High,NAVY,1,4,4.0,4,0
1680,T.K. Wilkerson,TLSA,2,4,2.0,4,0
1680,Kaymar Mimes,PITT,1,4,4.0,4,0
1680,Jonah Laulu,HAW,2,4,2.0,4,1
1680,Joe Davis,COLO,1,4,4.0,4,0
1680,Kris Abrams-Draine,MIZ,2,4,2.0,2,0
1680,Marcus Crowley,OSU,1,4,4.0,4,0
1680,Isaac Jernagin,NEV,1,4,4.0,4,0
1680,Ja'Quavion Fraziars,FLA,1,4,4.0,4,0
1680,Terry Lockett Jr.,MSU,1,4,4.0,4,0
1680,Taye McWilliams,BAY,1,4,4.0,4,0
1680,Charlie Norman,ULM,1,4,4.0,4,1
1680,Ellis Merriweather,MASS,1,4,4.0,4,0
1680,Jordan Brown,KU,1,4,4.0,4,0
1704,Dylan Autenrieth,NCST,2,3,1.5,2,0
1704,Jordan Chin,WASH,1,3,3.0,3,0
1704,Caleb Spurlin,APP,2,3,1.5,2,2
1704,Erin Collins,NIU,2,3,1.5,4,0
1704,Clevan Thomas,UK,1,3,3.0,3,0
1704,Kris Leach,KENT,1,3,3.0,3,1
1704,Kevin Marks Jr.,BUFF,4,3,0.8,7,0
1704,Matt Dorrity,SMU,1,3,3.0,3,0
1704,Austyn Chestnut,UNC,1,3,3.0,3,0
1704,Trey Hill,UGA,0,3,0.0,3,0
1704,August Pitre III,RICE,1,3,3.0,3,1
1704,Perris Jones,UVA,2,3,1.5,5,0
1704,Daijun Edwards,UGA,1,3,3.0,3,0
1704,Justice Ellison,WAKE,1,3,3.0,3,0
1704,Kenny Tracy,M-OH,1,3,3.0,3,0
1704,Kendall Karr,UNC,1,3,3.0,3,0
1704,Rocko Griffin,VAN,1,3,3.0,3,0
1704,Will Barnard,NEV,1,3,3.0,3,0
1704,Jeremiah Byers,UTEP,1,3,3.0,3,0
1704,Deion Hankins,UTEP,1,3,3.0,3,0
1704,Damien Alford,SYR,1,3,3.0,3,0
1704,Mike Malewitz,UTEP,1,3,3.0,3,0
1726,C.J. Brewer,CCU,1,2,2.0,2,1
1726,Markenzy Pierre,SYR,1,2,2.0,2,0
1726,Maleek Williams,FIU,1,2,2.0,2,0
1726,JoJo Dorceus,MEM,1,2,2.0,2,1
1726,Cannon Montgomery,TLSA,1,2,2.0,2,0
1726,Jay Symonds,STAN,1,2,2.0,2,0
1726,Marcel Murray,ARST,1,2,2.0,2,0
1726,Michael Orphey Jr.,UL,1,2,2.0,2,0
1726,Bryce Mortenson,USU,2,2,1.0,1,0
1726,Eli Wilson,APP,1,2,2.0,2,0
1726,Charles Finley,WVU,1,2,2.0,2,0
1726,Zech Byrd,ECU,1,2,2.0,2,0
1726,Jacoby Clarke,BAY,2,2,1.0,5,0
1726,Riley Wilson,HAW,1,2,2.0,2,0
1726,DJ Taylor Jr.,ASU,1,2,2.0,2,0
1726,Frank Peasant,MTSU,3,2,0.7,3,0
1726,Quinton Hadnot,USU,1,2,2.0,2,0
1726,Will Albright,TENN,1,2,2.0,2,0
1744,Michael Eletise,HAW,1,1,1.0,1,0
1744,Mike Caliendo,WMU,0,1,0.0,1,0
1744,Jacob Mathis,USF,2,1,0.5,5,0
1744,Kurt Rafdal,NEB,1,1,1.0,1,0
1744,Tre Siggers,UNT,1,1,1.0,1,0
1744,Cameron Darling,ULM,1,1,1.0,1,1
1744,Max May,CLEM,1,1,1.0,1,0
1744,A'Jon Vivens,CSU,1,1,1.0,1,0
1744,Spencer Sanders,OKST,1,1,1.0,1,0
1744,Sam Howell,UNC,1,1,1.0,1,1
1744,Jase McClellan,ALA,1,1,1.0,1,0
1744,Jalen Carter,UGA,1,1,1.0,1,1
1744,Don Ragsdale,USM,1,1,1.0,1,0
1744,Marquis Whitmire,AKR,1,1,1.0,1,0
1758,Terrence Horne,USF,4,-1,-0.3,10,0
1758,Willie Eldridge,UTEP,1,-1,-1.0,0,0
1758,Cooper Jewett,NEB,1,-1,-1.0,0,0
1758,Trebor Pena,SYR,1,-1,-1.0,0,0
1762,Trey Sanders,ALA,1,-2,-2.0,0,0
1762,Larry Wooden,UAB,1,-2,-2.0,0,0
1762,Wyatt Davis,OSU,1,-2,-2.0,-2,0
1762,Josh Jackson,CLEM,1,-2,-2.0,-2,0
1762,Larry Hodges,MIAMI,1,-2,-2.0,0,0
1762,Thaiu Jones-Bell,ALA,1,-2,-2.0,0,0
1768,Lindell Stone,UVA,1,-3,-3.0,0,0
1768,Ygenio Booker,TULN,1,-3,-3.0,0,0
1768,Ja'Veon Marlow,VAN,4,-3,-0.8,5,0
1768,Kwatrivous Johnson,MSST,1,-3,-3.0,-3,0
1768,Justin Ball,VAN,1,-3,-3.0,-3,0
1768,Austin Erickson,UNM,1,-3,-3.0,-3,0
1774,ZaQuandre White,SC,2,-4,-2.0,0,0
1774,Sandon McCoy,ARMY,1,-4,-4.0,0,0
1774,John Gentry,USU,1,-4,-4.0,0,0
1774,Kendre Miller,TCU,1,-4,-4.0,0,0
1778,Will Koch,MASS,1,-5,-5.0,0,0
1779,Casey Filkins,STAN,1,-6,-6.0,-6,0
1780,Jordan Waters,DUKE,1,-7,-7.0,0,0
1781,Mac Jones,ALA,1,-8,-8.0,0,0
1781,Grant Miller,VAN,1,-8,-8.0,-8,0
1783,Noah Vedral,RUTG,0,-9,0.0,0,0
1783,Jarret Doege,WVU,1,-9,-9.0,0,0
1785,Shawn Robinson,MIZ,1,-12,-12.0,0,0
1786,Michael Penix Jr.,IU,0,-13,0.0,0,0
1786,Raiqwon O'Neal,RUTG,0,-13,0.0,0,0
1788,Collin Hill,SC,2,-14,-7.0,0,0
1789,Tate Whatley,USM,1,-19,-19.0,0,0
1790,Walter Rouse,STAN,0,-20,0.0,-3,0
