RK,NAME,TEAM,"('Unnamed: 0_level_0', 'POS')","('Touchdowns', 'RUSH')","('Touchdowns', 'REC')","('Touchdowns', 'RET')","('Touchdowns', 'TD')","('Scoring', 'FG')","('Scoring', 'XP')","('Scoring', '2PT')","('Scoring', 'PTS')","('Scoring', 'PTS/G')"
1,Blake Corum,MICH,RB,27,1,0,28,0,0,0,168,11.2
2,Bert Auburn,TEX,PK,0,0,0,0,29,56,0,143,10.2
3,Peyton Woodring,UGA,PK,0,0,0,0,21,71,0,134,9.5
4,Jose Pizano,UNLV,PK,0,0,0,0,26,55,0,133,9.5
5,Ollie Gordon II,OKST,RB,21,1,0,22,0,0,0,132,13.2
6,Ray Davis,UK,RB,14,7,0,21,0,0,0,126,10.5
6,Randy Bond,TA&M,PK,0,0,0,0,26,48,0,126,9.6
6,Collin Rogers,SMU,PK,0,0,0,0,20,66,0,126,9.0
9,Will Reichard,ALA,PK,0,0,0,0,22,55,0,121,8.6
10,Kairee Robinson,SJSU,RB,18,2,0,20,0,0,0,120,10.9
10,Jonah Dalmas,BOIS,PK,0,0,0,0,24,48,0,120,8.5
12,James Turner,MICH,PK,0,0,0,0,18,65,0,119,7.9
13,Alex Hale,OKST,PK,0,0,0,0,27,36,0,117,9.0
13,Harrison Mevis,MIZ,PK,0,0,0,0,24,45,0,117,9.0
13,Grady Gross,WASH,PK,0,0,0,0,18,63,0,117,7.8
16,Graham Nicholson,M-OH,PK,0,0,0,0,27,35,0,116,8.2
17,Ryan Fitzgerald,FSU,PK,0,0,0,0,19,58,0,115,8.2
18,Michael Lantz,GASO,PK,0,0,0,0,23,45,0,114,8.7
18,Ashton Jeanty,BOIS,RB,14,5,0,19,0,0,0,114,12.6
20,Damian Ramos,LSU,PK,0,0,0,0,12,77,0,113,8.6
21,Zach Schmit,OU,PK,0,0,0,0,15,67,0,112,8.6
21,Dylan Lynch,FRES,PK,0,0,0,0,24,40,0,112,8.6
23,Michael Hughes,APP,PK,0,0,0,0,19,54,0,111,7.9
24,Andy Borregales,MIA,PK,0,0,0,0,22,44,0,110,8.4
24,Tyler Loop,ARIZ,PK,0,0,0,0,19,53,0,110,8.4
24,John Love,VT,PK,0,0,0,0,22,44,0,110,8.4
27,RJ Harvey,UCF,RB,16,2,0,18,0,0,0,108,12.0
27,Audric Estime,ND,RB,18,0,0,18,0,0,0,108,10.8
27,Jacory Croskey-Merritt,UNM,RB,17,1,0,18,0,0,0,108,9.8
30,Scott Taylor Renfroe,TROY,PK,0,0,0,0,19,50,0,107,7.6
31,Camden Lewis,ORE,PK,0,0,0,0,12,70,0,106,7.5
31,Spencer Shrader,ND,PK,0,0,0,0,15,61,0,106,8.1
31,Ethan Albertson,NMSU,PK,0,0,0,0,19,49,0,106,7.0
34,Valentino Ambrosio,TULN,PK,0,0,0,0,21,42,0,105,7.5
35,Alex Felkins,PSU,PK,0,0,0,0,19,47,0,104,8.0
35,La'Damian Webb,USA,RB,16,1,0,17,0,0,1,104,10.4
35,Quinshon Judkins,MISS,RB,15,2,0,17,0,0,1,104,9.4
38,Charles Campbell,TENN,PK,0,0,0,0,18,49,0,103,7.9
38,Mason Shipley,TXST,PK,0,0,0,0,15,58,0,103,7.9
40,Blake Watson,MEM,RB,14,3,0,17,0,0,0,102,10.2
40,Brian Thomas Jr.,LSU,WR,0,17,0,17,0,0,0,102,10.2
40,Devin Neal,KU,RB,16,1,0,17,0,0,0,102,10.2
43,Camden Wise,JMU,PK,0,0,0,0,16,53,0,101,7.7
44,Noah Burnette,UNC,PK,0,0,0,0,19,43,0,100,9.0
45,Caden Davis,MISS,PK,0,0,0,0,18,45,0,99,7.6
45,Chase Contreraz,ISU,PK,0,0,0,0,21,36,0,99,7.6
47,Michael Hayes II,WVU,PK,0,0,0,0,17,46,0,97,7.4
47,Jayden Fielding,OSU,PK,0,0,0,0,16,49,0,97,7.4
49,Peny Boone,TOL,RB,15,1,0,16,0,0,0,96,10.6
49,Quinton Cooley,LIB,RB,16,0,0,16,0,0,0,96,12.0
49,Dragan Kesich,MINN,PK,0,0,0,0,23,27,0,96,7.3
49,Omarion Hampton,UNC,RB,15,1,0,16,0,0,0,96,10.6
49,Dillon Johnson,WASH,RB,16,0,0,16,0,0,0,96,9.6
49,Rasheen Ali,MRSH,RB,15,1,0,16,0,0,0,96,13.7
55,Denis Lynch,USC,PK,0,0,0,0,10,65,0,95,7.3
56,Noah Rauschenberg,UNT,PK,0,0,0,0,16,46,0,94,7.8
56,Jalen Royals,USU,WR,0,15,0,15,0,0,2,94,9.4
58,Cam Little,ARK,PK,0,0,0,0,20,33,0,93,7.7
59,Brayden Narveson,NCSU,PK,0,0,0,0,18,38,0,92,7.0
59,Kenneth Almendares,UL,PK,0,0,0,0,14,50,0,92,7.0
59,Dominic Zvada,ARST,PK,0,0,0,0,17,41,0,92,7.6
59,Todd Pelino,DUKE,PK,0,0,0,0,18,38,0,92,7.6
63,Trey Benson,FSU,RB,14,1,0,15,0,0,0,90,11.2
63,Kimani Vidal,TROY,RB,14,1,0,15,0,0,0,90,12.8
63,Rome Odunze,WASH,WR,1,13,1,15,0,0,0,90,10.0
63,Brock Travelstead,LOU,PK,0,0,0,0,17,39,0,90,6.9
63,Marvin Harrison Jr.,OSU,WR,1,14,0,15,0,0,0,90,9.0
63,Joshua Karty,STAN,PK,0,0,0,0,23,21,0,90,7.5
63,Jaydn Ott,CAL,RB,12,2,1,15,0,0,0,90,8.1
70,Chris Tennant,KSU,PK,0,0,0,0,11,56,0,89,6.8
71,Gino Garcia,TTU,PK,0,0,0,0,16,40,0,88,6.7
71,Chase Allen,UTSA,PK,0,0,0,0,13,49,0,88,7.3
71,Aidan Birr,GT,PK,0,0,0,0,17,37,0,88,7.3
74,Atticus Sappington,ORST,PK,0,0,0,0,13,48,0,87,7.2
74,Colton Boomer,UCF,PK,0,0,0,0,13,48,0,87,6.6
74,Gianni Spetic,OHIO,PK,0,0,0,0,18,33,0,87,7.2
77,Cody Schrader,MIZ,RB,14,0,0,14,0,0,1,86,7.8
77,Diego Guajardo,USA,PK,0,0,0,0,14,44,0,86,6.6
77,Troy Franklin,ORE,WR,0,14,0,14,0,0,1,86,8.6
77,Luke Pawlak,TOL,PK,0,0,0,0,12,50,0,86,6.6
77,Griffin Kell,TCU,PK,0,0,0,0,14,44,0,86,7.1
77,Malik Nabers,LSU,WR,0,14,0,14,0,0,1,86,9.5
83,John Cannon,USF,PK,0,0,0,0,11,52,0,85,6.5
83,Will Bettridge,UVA,PK,0,0,0,0,18,31,0,85,7.0
83,Jack Howes,MD,PK,0,0,0,0,13,46,0,85,6.5
86,Kendall Milton,UGA,RB,14,0,0,14,0,0,0,84,8.4
86,Jawhar Jordan,LOU,RB,13,1,0,14,0,0,0,84,10.5
86,Alen Karajic,JVST,PK,0,0,0,0,14,42,0,84,7.0
86,Kyler Halvorsen,SJSU,PK,0,0,0,0,10,54,0,84,6.4
86,Bhayshul Tuten,VT,RB,10,2,2,14,0,0,0,84,9.3
91,Alan Anaya,BGSU,PK,0,0,0,0,13,43,0,82,6.8
92,Chase Meyer,TLSA,PK,0,0,0,0,17,30,0,81,6.7
93,Luke McCaffrey,RICE,WR,0,13,0,13,0,0,1,80,6.6
93,Seth Keller,KU,PK,0,0,0,0,11,47,0,80,6.1
93,Elliott Nimrod,USU,PK,1,0,0,1,11,41,0,80,6.6
93,Trey Smack,FLA,PK,0,0,0,0,17,29,0,80,7.2
93,Nick Brown,LIB,PK,0,0,0,0,5,65,0,80,6.6
98,Alex McPherson,AUB,PK,0,0,0,0,13,40,0,79,6.0
98,Matthew Dapore,AFA,PK,0,0,0,0,15,34,0,79,6.5
98,Nathanial Vakos,WIS,PK,0,0,0,0,15,34,0,79,6.0
101,Rashad Amos,M-OH,RB,13,0,0,13,0,0,0,78,7.8
101,Daijun Edwards,UGA,RB,13,0,0,13,0,0,0,78,9.7
101,Frank Gore Jr.,USM,RB,10,3,0,13,0,0,0,78,9.7
101,Garrett Greene,WVU,WR,13,0,0,13,0,0,0,78,7.0
101,Andrew Stein,USM,PK,0,0,0,0,17,27,0,78,6.5
101,Phil Mafah,CLEM,RB,13,0,0,13,0,0,0,78,11.1
101,Alex Raynor,UK,PK,0,0,0,0,10,48,0,78,6.0
101,Jermaine Brown Jr.,UAB,RB,12,1,0,13,0,0,0,78,9.7
101,Jacob Cowing,ARIZ,WR,0,13,0,13,0,0,0,78,8.6
101,Marcus Carroll,GAST,RB,13,0,0,13,0,0,0,78,9.7
101,Bucky Irving,ORE,RB,11,2,0,13,0,0,0,78,7.8
101,Tommy Castellanos,BC,QB,13,0,0,13,0,0,0,78,6.0
101,DJ Giddens,KSU,RB,10,3,0,13,0,0,0,78,11.1
101,Jai Patel,RUTG,PK,0,0,0,0,15,33,0,78,6.5
101,Ethan Sanchez,ODU,PK,0,0,0,0,14,36,0,78,6.0
116,John Hoyland,WYO,PK,0,0,0,0,13,38,0,77,5.9
116,Tanner Gillis,MEM,P,0,0,0,0,10,47,0,77,7.7
118,Jack Olsen,NU,PK,0,0,0,0,14,33,0,75,5.7
118,Carter Brown,CIN,PK,0,0,0,0,15,30,0,75,6.2
118,Isaiah Hankins,BAY,PK,0,0,0,0,18,21,0,75,6.8
118,Kyle Ferrie,MSST,PK,0,0,0,0,16,27,0,75,6.2
122,Samson Evans,EMU,RB,12,0,0,12,0,0,1,74,8.2
122,Dean Janikowski,WSU,PK,0,0,0,0,10,44,0,74,6.7
122,Jordan Noyes,CSU,PK,0,0,0,0,15,29,0,74,6.7
122,Andrew Conrad,ECU,PK,0,0,0,0,18,20,0,74,6.7
122,Lucas Carneiro,WKU,PK,0,0,0,0,9,47,0,74,5.6
127,Cole Becker,UTAH,PK,0,0,0,0,15,28,0,73,7.3
127,Drew Stevens,IOWA,PK,0,0,0,0,18,19,0,73,6.6
129,Kay'Ron Lynch-Adams,MASS,RB,12,0,0,12,0,0,0,72,9.0
129,Dillon Gabriel,OU,QB,12,0,0,12,0,0,0,72,6.0
129,Jordan Waters,DUKE,RB,12,0,0,12,0,0,0,72,9.0
129,Roman Wilson,MICH,WR,0,12,0,12,0,0,0,72,9.0
129,Jalen Milroe,ALA,QB,12,0,0,12,0,0,0,72,6.0
129,Kaidon Salter,LIB,QB,12,0,0,12,0,0,0,72,5.1
129,Matthew Shipley,HAW,PK,0,0,0,0,14,30,0,72,6.0
129,Braelon Allen,WIS,RB,12,0,0,12,0,0,0,72,10.2
129,Jordan James,ORE,RB,11,1,0,12,0,0,0,72,8.0
129,Brenden Rice,USC,WR,0,12,0,12,0,0,0,72,7.2
129,Ismail Mahdi,TXST,RB,10,1,1,12,0,0,0,72,10.2
129,Jai'Den Thomas,UNLV,RB,12,0,0,12,0,0,0,72,12.0
141,Tim Horn,RICE,PK,0,0,0,0,8,47,0,71,5.4
141,Jonathan Weitz,CLEM,PK,0,0,0,0,14,29,0,71,7.1
141,Matt Quinn,UAB,PK,0,0,0,0,11,38,0,71,5.9
144,Mitch Jeter,SC,PK,0,0,0,0,12,33,0,69,5.7
144,Liam Connor,BC,PK,0,0,0,0,11,36,0,69,5.3
144,Jackson Courville,BALL,PK,0,0,0,0,15,24,0,69,5.7
147,Ja'Mori Maclin,UNT,WR,0,11,0,11,0,0,1,68,8.5
147,Malachi Corley,WKU,WR,0,11,0,11,0,0,1,68,8.5
147,Emmanuel Michel,AFA,FB,11,0,0,11,0,0,1,68,13.6
147,Jack Browning,SDSU,PK,0,0,0,0,15,23,0,68,7.5
147,Byrum Brown,USF,QB,11,0,0,11,0,0,1,68,5.6
147,CJ Donaldson,WVU,RB,11,0,0,11,0,0,1,68,6.8
147,Liam Rickman,GAST,PK,0,0,0,0,9,41,0,68,5.6
154,Luke Drzewiecki,UNM,PK,0,0,0,0,10,37,0,67,5.5
155,Caleb Griffin,ILL,PK,0,0,0,0,14,24,0,66,5.5
155,Isaac Guerendo,LOU,RB,11,0,0,11,0,0,0,66,11.0
155,Caleb Williams,USC,QB,11,0,0,11,0,0,0,66,5.5
155,TreVeyon Henderson,OSU,RB,11,0,0,11,0,0,0,66,8.2
155,Adonai Mitchell,TEX,WR,0,11,0,11,0,0,0,66,7.3
155,Malik Sherrod,FRES,RB,9,1,1,11,0,0,0,66,9.4
155,Keon Coleman,FSU,WR,0,11,0,11,0,0,0,66,9.4
155,Jonathon Brooks,TEX,RB,10,1,0,11,0,0,0,66,8.2
155,Antario Brown,NIU,RB,10,1,0,11,0,0,0,66,11.0
155,Kanon Woodill,NIU,PK,0,1,0,1,11,27,0,66,6.6
155,Gavin Wimsatt,RUTG,QB,11,0,0,11,0,0,0,66,6.0
155,Brady Denaburg,SYR,PK,0,0,0,0,10,36,0,66,5.5
155,Terrell Vaughn,USU,WR,0,11,0,11,0,0,0,66,7.3
155,Robert Henry Jr.,UTSA,RB,11,0,0,11,0,0,0,66,7.3
169,Jacob Barnes,LT,PK,0,0,0,0,12,29,0,65,5.4
169,Zeke Rankin,MTSU,PK,0,0,0,0,10,35,0,65,5.4
169,Will Ferrin,BYU,PK,0,0,0,0,11,32,0,65,5.4
169,Rece Verhoff,MRSH,PK,0,0,0,0,11,32,0,65,5.9
173,Will Howard,KSU,QB,9,1,0,10,0,0,2,64,5.8
173,Brandon Talton,NEV,PK,0,0,0,0,15,19,0,64,5.3
173,Cam Skattebo,ASU,RB,9,1,0,10,0,0,2,64,7.1
176,Tahj Brooks,TTU,RB,10,0,0,10,0,0,1,62,6.8
176,Tez Johnson,ORE,WR,0,10,0,10,0,0,1,62,7.7
176,Matthew Dennis,WAKE,PK,0,0,0,0,14,20,0,62,6.2
176,Tetairoa McMillan,ARIZ,WR,0,10,0,10,0,0,1,62,6.2
176,Nicholas Singleton,PSU,RB,8,2,0,10,0,0,1,62,8.8
176,Palmer Domschke,WMU,PK,0,0,0,0,9,35,0,62,5.6
182,Ben Sauls,PITT,PK,0,0,0,0,11,28,0,61,5.0
182,Quinn Maretzki,ARMY,PK,0,0,0,0,12,25,0,61,6.1
182,Andrew Glass,KENT,PK,0,0,0,0,15,16,0,61,5.0
185,Drake Stoops,OU,WR,0,10,0,10,0,0,0,60,8.5
185,Darren Grainger,GAST,QB,10,0,0,10,0,0,0,60,5.0
185,Jayden Daniels,LSU,QB,10,0,0,10,0,0,0,60,5.0
185,Joshua Cephus,UTSA,WR,0,10,0,10,0,0,0,60,6.6
185,Haynes King,GT,QB,10,0,0,10,0,0,0,60,4.6
185,Ja'Lynn Polk,WASH,WR,1,9,0,10,0,0,0,60,7.5
185,Cameron Carson,MASS,PK,0,0,0,0,11,27,0,60,6.0
185,CJ Daniels,LIB,WR,0,10,0,10,0,0,0,60,6.6
185,Jalen White,GASO,RB,9,1,0,10,0,0,0,60,8.5
185,LaJohntay Wester,FAU,WR,1,8,1,10,0,0,0,60,12.0
185,Nic Anderson,OU,WR,0,10,0,10,0,0,0,60,8.5
185,Colby Sessums,SHSU,PK,0,0,0,0,11,27,0,60,5.4
185,Jase Bauer,CMU,QB,10,0,0,10,0,0,0,60,6.0
185,KC Concepcion,NCSU,WR,0,10,0,10,0,0,0,60,12.0
185,Chris Lewis,TROY,WR,0,10,0,10,0,0,0,60,7.5
185,Kaedin Robinson,APP,WR,0,10,0,10,0,0,0,60,7.5
185,LeQuint Allen Jr.,SYR,RB,9,1,0,10,0,0,0,60,8.5
185,Dean Connors,RICE,RB,7,3,0,10,0,0,0,60,12.0
185,Jalen Buckley,WMU,RB,10,0,0,10,0,0,0,60,8.5
185,Trent Hudson,NMSU,WR,0,10,0,10,0,0,0,60,8.5
205,Alex McNulty,BUFF,PK,0,0,0,0,11,26,0,59,4.9
205,Chris Freeman,IU,PK,0,0,0,0,10,29,0,59,4.9
205,Buzz Flabiano,UTEP,PK,0,0,0,0,10,29,0,59,4.9
208,Jack Martin,HOU,PK,0,0,0,0,8,34,0,58,5.2
209,Jesus Gomez,EMU,PK,0,0,0,0,12,21,0,57,5.1
210,Jonathan Kim,MSU,PK,0,0,0,0,13,17,0,56,5.6
210,Tory Horton,CSU,WR,0,8,1,9,0,0,1,56,8.0
210,Luther Burden III,MIZ,WR,0,9,0,9,0,0,1,56,8.0
210,Kade Hensley,CCU,PK,0,0,0,0,10,26,0,56,6.2
210,Alejandro Mata,COLO,PK,0,0,0,0,10,26,0,56,5.6
210,Elijah Sarratt,JMU,WR,1,8,0,9,0,0,1,56,9.3
216,Tyrone Tracy Jr.,PUR,RB,8,0,1,9,0,0,0,54,7.7
216,Jahmyl Jeter,TXST,RB,9,0,0,9,0,0,0,54,9.0
216,Reggie Brown,JMU,WR,0,9,0,9,0,0,0,54,9.0
216,MarShawn Lloyd,USC,RB,9,0,0,9,0,0,0,54,6.7
216,Jerjuan Newton,TOL,WR,0,9,0,9,0,0,0,54,9.0
216,Taylen Green,BOIS,QB,9,0,0,9,0,0,0,54,5.4
216,Drake Maye,UNC,QB,9,0,0,9,0,0,0,54,4.5
216,Emani Bailey,TCU,RB,8,1,0,9,0,0,0,54,9.0
216,Jacolby George,MIA,WR,1,8,0,9,0,0,0,54,9.0
216,Malik Washington,UVA,WR,0,9,0,9,0,0,0,54,7.7
216,Donavyn Lester,UNLV,RB,9,0,0,9,0,0,0,54,7.7
216,Trevor Etienne,FLA,RB,8,1,0,9,0,0,0,54,9.0
216,Gavin Sawchuk,OU,RB,9,0,0,9,0,0,0,54,7.7
216,Steven McBride,HAW,WR,0,9,0,9,0,0,0,54,9.0
216,Brandon Thomas,MEM,RB,9,0,0,9,0,0,0,54,9.0
216,Quali Conley,SJSU,RB,9,0,0,9,0,0,0,54,7.7
216,Damien Martinez,ORST,RB,9,0,0,9,0,0,0,54,10.8
216,Pofele Ashlock,HAW,WR,0,9,0,9,0,0,0,54,9.0
216,T.J. Harden,UCLA,RB,8,1,0,9,0,0,0,54,7.7
216,Tristan Alvano,NEB,PK,0,0,0,0,9,27,0,54,4.5
216,Kole Wilson,TXST,WR,0,8,1,9,0,0,0,54,7.7
237,Dario Longhetto,ASU,PK,0,0,0,0,11,20,0,53,4.8
238,Tristan Mattson,CMU,PK,0,0,0,0,7,31,0,52,4.3
238,Mateen Bhaghani,CAL,PK,0,0,0,0,8,28,0,52,5.2
240,Jacob Borcila,VAN,PK,0,0,0,0,7,29,0,50,4.5
240,Brady Cook,MIZ,QB,8,0,0,8,0,0,1,50,3.8
240,Tre' Harris,MISS,WR,0,8,0,8,0,0,1,50,10.0
243,RJ Lopez,UCLA,PK,0,0,0,0,6,31,0,49,6.1
244,Jacob Kibodi,UL,RB,7,1,0,8,0,0,0,48,6.8
244,Jordan McCloud,JMU,QB,8,0,0,8,0,0,0,48,3.6
244,Sam Pinckney,CCU,WR,0,8,0,8,0,0,0,48,6.0
244,Isaiah Ifanse,CAL,RB,7,1,0,8,0,0,0,48,12.0
244,Garrett Shrader,SYR,QB,8,0,0,8,0,0,0,48,6.0
244,Mike Hollins,UVA,RB,7,1,0,8,0,0,0,48,12.0
244,Delbert Mimms III,NCSU,RB,8,0,0,8,0,0,0,48,6.8
244,Jacquez Stuart,TOL,RB,6,1,1,8,0,0,0,48,6.8
244,Jase McClellan,ALA,RB,8,0,0,8,0,0,0,48,6.8
244,Jermaine Burton,ALA,WR,0,8,0,8,0,0,0,48,6.8
244,Jaylan Knighton,SMU,RB,7,1,0,8,0,0,0,48,6.8
244,Kobe Hudson,UCF,WR,0,8,0,8,0,0,0,48,12.0
244,Jaylon Armstead,SDSU,RB,8,0,0,8,0,0,0,48,6.8
244,Noah Smith,SHSU,WR,2,6,0,8,0,0,0,48,8.0
244,Jared Wiley,TCU,TE,0,8,0,8,0,0,0,48,9.6
244,Daniel Jackson,MINN,WR,0,8,0,8,0,0,0,48,6.8
244,Brennan Presley,OKST,WR,2,6,0,8,0,0,0,48,8.0
244,Ricky White III,UNLV,WR,0,8,0,8,0,0,0,48,9.6
244,Sieh Bangura,OHIO,RB,7,1,0,8,0,0,0,48,8.0
244,Joey Hobert,TXST,WR,0,8,0,8,0,0,0,48,6.8
244,Courtney Jackson,ARST,WR,0,7,1,8,0,0,0,48,8.0
244,Terion Stewart,BGSU,RB,8,0,0,8,0,0,0,48,9.6
244,Nay'Quan Wright,USF,RB,8,0,0,8,0,0,0,48,6.8
244,Tahj Washington,USC,WR,0,8,0,8,0,0,0,48,8.0
244,Vincent Davis Jr.,UNLV,RB,7,1,0,8,0,0,0,48,6.8
244,Daniel Hishaw Jr.,KU,RB,8,0,0,8,0,0,0,48,8.0
244,Michael Wiley,ARIZ,RB,3,5,0,8,0,0,0,48,12.0
244,Austin Jones,USC,RB,7,1,0,8,0,0,0,48,8.0
244,Nick Nash,SJSU,WR,0,8,0,8,0,0,0,48,9.6
244,Da'Quan Felton,VT,WR,0,8,0,8,0,0,0,48,9.6
244,Josh Kelly,WSU,WR,0,8,0,8,0,0,0,48,8.0
244,Silas Bolden,ORST,WR,2,5,1,8,0,0,0,48,8.0
244,Jordan Moore,DUKE,WR,0,8,0,8,0,0,0,48,8.0
244,Will Sheppard,VAN,WR,0,8,0,8,0,0,0,48,9.6
244,Kyle Monangai,RUTG,RB,8,0,0,8,0,0,0,48,8.0
244,Chase Gabriel,FIU,PK,0,0,0,0,9,21,0,48,4.8
244,Jamal Haynes,GT,RB,7,1,0,8,0,0,0,48,6.8
244,Cam Ward,WSU,QB,8,0,0,8,0,0,0,48,4.0
244,Jaxson Dart,MISS,QB,8,0,0,8,0,0,0,48,4.0
244,Barion Brown,UK,WR,1,4,3,8,0,0,0,48,8.0
244,Ja'Quez Cross,ARST,RB,7,0,1,8,0,0,0,48,12.0
244,Matthew Golden,HOU,WR,0,6,2,8,0,0,0,48,8.0
244,Carson Steele,UCLA,RB,6,2,0,8,0,0,0,48,8.0
244,Jack Velling,ORST,TE,0,8,0,8,0,0,0,48,9.6
244,Kye Robichaux,BC,RB,8,0,0,8,0,0,0,48,8.0
244,Jakarius Caston,USM,WR,1,6,1,8,0,0,0,48,6.8
244,Jamaal Pritchett,USA,WR,0,8,0,8,0,0,0,48,9.6
244,Dylan Sampson,TENN,RB,7,1,0,8,0,0,0,48,12.0
292,Derek McCormick,ULM,PK,0,0,0,0,10,16,0,46,5.1
293,Camden Price,TEM,PK,0,0,0,0,7,24,0,45,4.0
294,Rocky Lombardi,NIU,QB,7,0,0,7,0,0,1,44,4.4
294,Zion Webb,JVST,QB,7,0,0,7,0,0,1,44,6.2
294,Jamari Thrash,LOU,WR,1,6,0,7,0,0,1,44,7.3
294,Ron Cook Jr.,BUFF,RB,6,1,0,7,0,0,1,44,8.8
294,Jeremiah Hunter,CAL,WR,0,7,0,7,0,0,1,44,6.2
294,Deion Burks,PUR,WR,0,7,0,7,0,0,1,44,6.2
294,Lewis Bond,BC,WR,0,7,0,7,0,0,1,44,6.2
294,Donovan Smith,HOU,QB,6,1,0,7,0,0,1,44,4.4
294,Tejhaun Palmer,UAB,WR,0,7,0,7,0,0,1,44,7.3
294,Keith Willis Jr.,LT,RB,7,0,0,7,0,0,1,44,11.0
304,Deshaun Fenwick,ORST,RB,5,2,0,7,0,1,0,43,10.7
304,Kyle Cunanan,CLT,PK,0,0,0,0,9,16,0,43,6.1
306,Joe Milton III,TENN,QB,7,0,0,7,0,0,0,42,3.8
306,Jordan Travis,FSU,QB,7,0,0,7,0,0,0,42,4.2
306,Andrew Peasley,WYO,QB,7,0,0,7,0,0,0,42,3.8
306,Tykee Ogle-Kellogg,UTSA,WR,0,7,0,7,0,0,0,42,7.0
306,Malik Jackson,JVST,RB,7,0,0,7,0,0,0,42,7.0
306,Brennan Armstrong,NCSU,QB,7,0,0,7,0,0,0,42,5.2
306,Nakia Watson,WSU,RB,4,3,0,7,0,0,0,42,6.0
306,Lawrence Keys III,TULN,WR,0,7,0,7,0,0,0,42,7.0
306,Dallin Holker,CSU,TE,1,6,0,7,0,0,0,42,7.0
306,Dequan Finn,TOL,QB,7,0,0,7,0,0,0,42,3.5
306,Kris Mitchell,FIU,WR,0,7,0,7,0,0,0,42,7.0
306,Treshaun Ward,KSU,RB,5,2,0,7,0,0,0,42,6.0
306,Theo Johnson,PSU,TE,0,7,0,7,0,0,0,42,7.0
306,Traeshon Holden,ORE,WR,1,6,0,7,0,0,0,42,7.0
306,Demeer Blankumsee,MEM,WR,0,7,0,7,0,0,0,42,7.0
306,George Holani,BOIS,RB,7,0,0,7,0,0,0,42,10.5
306,Xavier Legette,SC,WR,0,7,0,7,0,0,0,42,10.5
306,Caullin Lacy,USA,WR,0,7,0,7,0,0,0,42,8.4
306,Kyren Lacy,LSU,WR,0,7,0,7,0,0,0,42,7.0
306,Logan Smothers,JVST,QB,7,0,0,7,0,0,0,42,6.0
306,Kiael Kelly,BALL,QB,7,0,0,7,0,0,0,42,8.4
306,Tyler Warren,PSU,TE,0,7,0,7,0,0,0,42,7.0
306,Will Shipley,CLEM,RB,5,2,0,7,0,0,0,42,7.0
306,Brock Bowers,UGA,TE,1,6,0,7,0,0,0,42,7.0
306,Tyler Lavine,SMU,RB,7,0,0,7,0,0,0,42,8.4
306,Michael Johnson Jr.,FAU,QB,7,0,0,7,0,0,0,42,7.0
306,Sean Atkins,USF,WR,0,7,0,7,0,0,0,42,8.4
306,Ayir Asante,WYO,WR,1,6,0,7,0,0,0,42,7.0
306,Ta'Ron Keith,BGSU,RB,4,3,0,7,0,0,0,42,7.0
306,Jaylin Noel,ISU,WR,0,7,0,7,0,0,0,42,8.4
306,Billy Edwards Jr.,MD,QB,7,0,0,7,0,0,0,42,10.5
306,Pat Bryant,ILL,WR,0,7,0,7,0,0,0,42,7.0
306,Logan Diggs,LSU,RB,7,0,0,7,0,0,0,42,7.0
306,Kaytron Allen,PSU,RB,6,1,0,7,0,0,0,42,7.0
306,Jordan Hudson,SMU,WR,0,7,0,7,0,0,0,42,7.0
306,Devin Mockobee,PUR,RB,6,1,0,7,0,0,0,42,6.0
306,Robert Lewis,GAST,WR,0,7,0,7,0,0,0,42,7.0
306,Roman Hemby,MD,RB,4,3,0,7,0,0,0,42,7.0
306,Javon Baker,UCF,WR,0,7,0,7,0,0,0,42,7.0
306,Devontez Walker,UNC,WR,0,7,0,7,0,0,0,42,10.5
306,RJ Maryland,SMU,TE,0,7,0,7,0,0,0,42,6.0
306,Jarquez Hunter,AUB,RB,7,0,0,7,0,0,0,42,8.4
306,Makhi Hughes,TULN,RB,7,0,0,7,0,0,0,42,7.0
306,Avery Johnson,KSU,QB,7,0,0,7,0,0,0,42,7.0
306,John Lee Eldridge III,AFA,RB,6,1,0,7,0,0,0,42,8.4
306,Bryson Daily,ARMY,QB,7,0,0,7,0,0,0,42,5.2
306,Tyrone Howell,ULM,WR,0,7,0,7,0,0,0,42,8.4
306,Kanye Roberts,APP,RB,7,0,0,7,0,0,0,42,7.0
306,Dawson Pendergrass,BAY,RB,5,2,0,7,0,0,0,42,8.4
306,Tawee Walker,OU,RB,7,0,0,7,0,0,0,42,8.4
306,Kelly Akharaiyi,UTEP,WR,0,7,0,7,0,0,0,42,8.4
306,Diego Pavia,NMSU,QB,7,0,0,7,0,0,0,42,3.0
358,Joe McFadden,CONN,PK,0,0,0,0,7,20,0,41,5.1
359,Terrance Ferguson,ORE,TE,0,6,0,6,0,0,2,40,5.7
360,Ben Freehill,PUR,PK,0,0,0,0,6,21,0,39,5.5
361,Phillip Brooks,KSU,WR,1,5,0,6,0,0,1,38,7.6
361,Sean Dollars,NEV,RB,6,0,0,6,0,0,1,38,7.6
361,Dalvin Smith,WKU,WR,0,6,0,6,0,0,1,38,6.3
361,Xavier Weaver,COLO,WR,2,4,0,6,0,0,1,38,9.5
361,Xavier Restrepo,MIA,WR,0,6,0,6,0,0,1,38,7.6
361,Tai Felton,MD,WR,0,6,0,6,0,0,1,38,7.6
361,Kyle Williams,WSU,WR,0,6,0,6,0,0,1,38,5.4
361,Greg Desrosiers Jr.,MASS,RB,4,2,0,6,0,0,1,38,9.5
361,Jalen Moss,FRES,WR,0,6,0,6,0,0,1,38,5.4
361,Liam Gray,CCU,PK,0,0,0,0,7,17,0,38,7.6
361,Eugene Wilson III,FLA,WR,0,6,0,6,0,0,1,38,6.3
361,Keyone Jenkins,FIU,QB,6,0,0,6,0,0,1,38,4.2
361,Daelen Alexander,RICE,RB,5,1,0,6,0,0,1,38,12.6
374,Trey Sanders,TCU,RB,6,0,0,6,0,0,0,36,9.0
374,Bentley Hanshaw,LIB,TE,0,6,0,6,0,0,0,36,6.0
374,Jaelen Gill,FRES,WR,0,6,0,6,0,0,0,36,6.0
374,Joseph Scates,MEM,WR,0,6,0,6,0,0,0,36,6.0
374,Lorenzo Lingard,AKR,RB,4,2,0,6,0,0,0,36,6.0
374,Cam Johnson,NU,WR,0,6,0,6,0,0,0,36,6.0
374,Ty Son Lawton,JMU,RB,5,1,0,6,0,0,0,36,7.2
374,Bo Nix,ORE,QB,6,0,0,6,0,0,0,36,2.5
374,Ramel Keyton,TENN,WR,0,6,0,6,0,0,0,36,7.2
374,Theo Wease Jr.,MIZ,WR,0,6,0,6,0,0,0,36,6.0
374,Oscar Adaway III,UNT,RB,6,0,0,6,0,0,0,36,6.0
374,Billy Lucas,LIB,RB,6,0,0,6,0,0,0,36,6.0
374,Bub Means,PITT,WR,0,6,0,6,0,0,0,36,6.0
374,Ricky Pearsall,FLA,WR,2,4,0,6,0,0,0,36,6.0
374,Lincoln Victor,WSU,WR,1,5,0,6,0,0,0,36,7.2
374,DJ Uiagalelei,ORST,QB,6,0,0,6,0,0,0,36,3.2
374,Woody Marks,MSST,RB,4,2,0,6,0,0,0,36,7.2
374,Malik Hornsby,TXST,WR,6,0,0,6,0,0,0,36,9.0
374,Jalen McMillan,WASH,WR,1,5,0,6,0,0,0,36,9.0
374,Lawrence Arnold,KU,WR,0,6,0,6,0,0,0,36,9.0
374,Eli Wilson,APP,TE,1,5,0,6,0,0,0,36,6.0
374,Henry Parrish Jr.,MIA,RB,6,0,0,6,0,0,0,36,9.0
374,Elijah Metcalf,MTSU,WR,0,6,0,6,0,0,0,36,7.2
374,Rocko Griffin,UTSA,RB,6,0,0,6,0,0,0,36,6.0
374,Luke Grimm,KU,WR,0,6,0,6,0,0,0,36,12.0
374,Elijah Young,WKU,RB,3,3,0,6,0,0,0,36,7.2
374,Christan Horn,APP,WR,0,6,0,6,0,0,0,36,9.0
374,Josh Williams,LSU,RB,5,1,0,6,0,0,0,36,7.2
374,Wyatt Wieland,WYO,WR,1,5,0,6,0,0,0,36,7.2
374,Zak Wallace,ARST,RB,6,0,0,6,0,0,0,36,9.0
374,Jelani Stafford,CONN,DL,6,0,0,6,0,0,0,36,9.0
374,Logan Lupo,FAU,P,0,0,0,0,5,21,0,36,5.1
374,Zac Larrier,AFA,QB,6,0,0,6,0,0,0,36,5.1
374,Rahjai Harris,ECU,RB,5,1,0,6,0,0,0,36,9.0
374,Donaven McCulley,IU,WR,0,6,0,6,0,0,0,36,6.0
374,Talique Williams,GAST,WR,0,6,0,6,0,0,0,36,6.0
374,Jaylin Lane,VT,WR,0,6,0,6,0,0,0,36,7.2
374,Derwin Burgess Jr.,GASO,WR,0,6,0,6,0,0,0,36,6.0
374,Rivaldo Fairweather,AUB,TE,0,6,0,6,0,0,0,36,7.2
374,Xavier Worthy,TEX,WR,0,5,1,6,0,0,0,36,6.0
374,Will Pauling,WIS,WR,0,6,0,6,0,0,0,36,6.0
374,Joseph Manjack IV,HOU,WR,0,6,0,6,0,0,0,36,6.0
374,Montrell Johnson Jr.,FLA,RB,5,1,0,6,0,0,0,36,9.0
374,Kamdyn Benjamin,TLSA,WR,0,6,0,6,0,0,0,36,7.2
374,Dane Key,UK,WR,0,6,0,6,0,0,0,36,6.0
374,Beau Pribula,PSU,QB,6,0,0,6,0,0,0,36,4.5
374,Roydell Williams,ALA,RB,5,1,0,6,0,0,0,36,6.0
374,Kevorian Barnes,UTSA,RB,6,0,0,6,0,0,0,36,9.0
374,Ben Sinnott,KSU,TE,0,6,0,6,0,0,0,36,7.2
374,Ron Wiggins,JVST,RB,6,0,0,6,0,0,0,36,7.2
374,Micah Davis,USU,WR,0,6,0,6,0,0,0,36,6.0
374,Elijah Gilliam,FRES,RB,5,1,0,6,0,0,0,36,12.0
374,Jonah Coleman,ARIZ,RB,5,1,0,6,0,0,0,36,9.0
374,Jimmy Horn Jr.,COLO,WR,0,6,0,6,0,0,0,36,6.0
374,Jaquez Moore,DUKE,RB,6,0,0,6,0,0,0,36,6.0
374,Demond Claiborne,WAKE,RB,5,0,1,6,0,0,0,36,7.2
374,Zeon Chriss-Gremillion,UL,QB,6,0,0,6,0,0,0,36,5.1
374,Marion Lukes,CMU,RB,5,0,1,6,0,0,0,36,6.0
374,Ayo Adeyi,UNT,RB,6,0,0,6,0,0,0,36,9.0
374,Gage Larvadain,M-OH,WR,0,6,0,6,0,0,0,36,12.0
374,Jayden Higgins,ISU,WR,0,6,0,6,0,0,0,36,6.0
374,Zach Horton,JMU,TE,0,6,0,6,0,0,0,36,9.0
374,Amari Daniels,TA&M,RB,6,0,0,6,0,0,0,36,6.0
374,Elic Ayomanor,STAN,WR,0,6,0,6,0,0,0,36,9.0
374,Jahiem White,WVU,RB,4,2,0,6,0,0,0,36,7.2
374,Abu Sama III,ISU,RB,6,0,0,6,0,0,0,36,12.0
374,Harold Fannin Jr.,BGSU,TE,0,6,0,6,0,0,0,36,7.2
374,Star Thomas,NMSU,RB,4,2,0,6,0,0,0,36,7.2
374,Eric Singleton Jr.,GT,WR,0,6,0,6,0,0,0,36,6.0
374,Kadarius Calloway,ODU,RB,5,1,0,6,0,0,0,36,9.0
374,Davon Booth,USU,RB,6,0,0,6,0,0,0,36,9.0
445,Trond Grizzell,CAL,WR,0,5,0,5,0,0,2,34,6.8
445,Nathan Kirkwood,NAVY,PK,0,0,0,0,6,16,0,34,3.7
447,David Martin-Robinson,TEM,TE,1,4,0,5,0,0,1,32,8.0
447,Jack Westover,WASH,TE,1,4,0,5,0,0,1,32,8.0
447,Smoke Harris,LT,WR,0,4,1,5,0,0,1,32,6.4
447,Rashod Owens,OKST,WR,0,5,0,5,0,0,1,32,8.0
447,Chamon Metayer,CIN,TE,0,5,0,5,0,0,1,32,8.0
447,Malachi Fields,UVA,WR,0,5,0,5,0,0,1,32,6.4
447,Eli Sanders,ISU,RB,4,1,0,5,0,0,1,32,6.4
447,Michael Harrison,COLO,TE,0,5,0,5,0,0,1,32,8.0
447,Chase Roberts,BYU,WR,0,5,0,5,0,0,1,32,5.3
447,Ajay Allen,MIA,RB,5,0,0,5,0,0,1,32,8.0
447,Jaylen Raynor,ARST,QB,5,0,0,5,0,0,1,32,3.5
447,Andrew Armstrong,ARK,WR,0,5,0,5,0,0,1,32,6.4
447,Grayson Barnes,NIU,TE,0,5,0,5,0,0,1,32,6.4
447,Rahsul Faison,USU,RB,5,0,0,5,0,0,1,32,5.3
461,Dontae Smith,GT,RB,4,1,0,5,0,0,0,30,7.5
461,Erik Brooks,FRES,WR,0,5,0,5,0,0,0,30,7.5
461,Dakereon Joyner,SC,RB,5,0,0,5,0,0,0,30,6.0
461,Jalen Mayden,SDSU,QB,5,0,0,5,0,0,0,30,3.3
461,Tyre Shelton,LT,RB,5,0,0,5,0,0,0,30,7.5
461,McCallan Castles,TENN,TE,0,5,0,5,0,0,0,30,6.0
461,Jeremiah Hixon,UNM,WR,0,5,0,5,0,0,0,30,10.0
461,Phoenix Sproles,JMU,WR,0,5,0,5,0,0,0,30,7.5
461,John Rhys Plumlee,UCF,QB,5,0,0,5,0,0,0,30,3.7
461,Cade Stover,OSU,TE,0,5,0,5,0,0,0,30,7.5
461,Ulysses Bentley IV,MISS,RB,4,1,0,5,0,0,0,30,6.0
461,Khafre Brown,USF,WR,0,5,0,5,0,0,0,30,6.0
461,Aaron Bedgood,LIB,WR,3,2,0,5,0,0,0,30,7.5
461,Damon Ward Jr.,UNT,WR,0,5,0,5,0,0,0,30,7.5
461,Dante Wright,TEM,WR,0,4,0,4,0,0,3,30,5.0
461,Hudson Card,PUR,QB,5,0,0,5,0,0,0,30,2.7
461,AJ Henning,NU,WR,1,4,0,5,0,0,0,30,6.0
461,Lawrance Toafili,FSU,RB,4,1,0,5,0,0,0,30,6.0
461,Tulu Griffin,MSST,WR,1,4,0,5,0,0,0,30,7.5
461,Drake Dabney,BAY,TE,0,5,0,5,0,0,0,30,7.5
461,Neal Johnson,UL,TE,0,5,0,5,0,0,0,30,7.5
461,Bryce Kirtz,NU,WR,0,5,0,5,0,0,0,30,7.5
461,Larry McCammon III,FAU,RB,5,0,0,5,0,0,0,30,7.5
461,Myles Price,TTU,WR,0,5,0,5,0,0,0,30,6.0
461,Keshawn Wicks,ODU,RB,4,1,0,5,0,0,0,30,10.0
461,Kentrel Bullock,USA,RB,4,1,0,5,0,0,0,30,7.5
461,Jake Briningstool,CLEM,TE,0,5,0,5,0,0,0,30,7.5
461,Logan Loya,UCLA,WR,0,5,0,5,0,0,0,30,6.0
461,Kejon Owens,FIU,RB,5,0,0,5,0,0,0,30,10.0
461,Ahmari Huggins-Bruce,LOU,WR,1,4,0,5,0,0,0,30,7.5
461,Corey Kiner,CIN,RB,5,0,0,5,0,0,0,30,7.5
461,Kaden Prather,MD,WR,0,5,0,5,0,0,0,30,6.0
461,Donovan Edwards,MICH,RB,5,0,0,5,0,0,0,30,7.5
461,TJ Finley,TXST,QB,5,0,0,5,0,0,0,30,3.0
461,Kendall Karr,CCU,TE,0,5,0,5,0,0,0,30,6.0
461,Camar Wheaton,SMU,RB,5,0,0,5,0,0,0,30,7.5
461,John Gentry,SHSU,RB,3,2,0,5,0,0,0,30,7.5
461,Anthony Sambucci,WMU,WR,0,5,0,5,0,0,0,30,10.0
461,Luke Floriea,KENT,WR,1,4,0,5,0,0,0,30,10.0
461,Taulia Tagovailoa,MD,QB,5,0,0,5,0,0,0,30,2.7
461,D.J. Williams,ARIZ,RB,5,0,0,5,0,0,0,30,7.5
461,Khaleb Hood,GASO,WR,0,5,0,5,0,0,0,30,6.0
461,Isaiah Williams,ILL,WR,0,5,0,5,0,0,0,30,7.5
461,Sean Brown,JVST,TE,0,5,0,5,0,0,0,30,7.5
461,Deion Hankins,UTEP,RB,5,0,0,5,0,0,0,30,6.0
461,Harrison Waylee,WYO,RB,5,0,0,5,0,0,0,30,6.0
461,Camden Orth,BGSU,QB,5,0,0,5,0,0,0,30,5.0
461,Roderick Daniels Jr.,SMU,WR,0,4,1,5,0,0,0,30,6.0
461,Eric McAlister,BOIS,WR,0,5,0,5,0,0,0,30,7.5
461,Bryson Nesbit,UNC,TE,0,5,0,5,0,0,0,30,6.0
461,Seth Henigan,MEM,QB,5,0,0,5,0,0,0,30,2.3
461,Jabre Barber,TROY,WR,0,5,0,5,0,0,0,30,6.0
461,Dan Villari,SYR,TE,2,3,0,5,0,0,0,30,6.0
461,Braydon Bennett,CCU,RB,5,0,0,5,0,0,0,30,6.0
461,Holden Willis,MTSU,TE,0,5,0,5,0,0,0,30,7.5
461,Nate Noel,APP,RB,5,0,0,5,0,0,0,30,7.5
461,Kyron Drones,VT,QB,5,0,0,5,0,0,0,30,3.3
461,Zahir Abdus-Salaam,WMU,RB,5,0,0,5,0,0,0,30,7.5
461,Heinrich Haarberg,NEB,TE,5,0,0,5,0,0,0,30,4.2
461,Marquis Shoulders,TLSA,WR,0,5,0,5,0,0,0,30,10.0
461,Justin Lamson,STAN,QB,5,0,0,5,0,0,0,30,6.0
461,Michael Pratt,TULN,QB,5,0,0,5,0,0,0,30,2.7
461,Miles Cross,OHIO,WR,0,5,0,5,0,0,0,30,7.5
461,Travis Hunter,COLO,WR,0,5,0,5,0,0,0,30,7.5
461,Le'Veon Moss,TA&M,RB,5,0,0,5,0,0,0,30,6.0
461,Jadarian Price,ND,RB,3,1,1,5,0,0,0,30,6.0
461,Cam Porter,NU,RB,4,1,0,5,0,0,0,30,10.0
461,DJ Thomas-Jones,USA,TE,0,5,0,5,0,0,0,30,15.0
461,Grant Wilson,ODU,QB,4,1,0,5,0,0,0,30,3.0
461,Kaelon Black,JMU,RB,1,4,0,5,0,0,0,30,10.0
461,Jaylon Jackson,EMU,RB,2,2,1,5,0,0,0,30,6.0
461,Robby Ashford,AUB,QB,5,0,0,5,0,0,0,30,7.5
461,Naiem Simmons,USF,WR,0,5,0,5,0,0,0,30,6.0
461,Jared Brown,CCU,WR,1,4,0,5,0,0,0,30,10.0
461,Konata Mumpfield,PITT,WR,0,5,0,5,0,0,0,30,7.5
461,Jayden Gibson,OU,WR,0,5,0,5,0,0,0,30,6.0
461,Noah Thomas,TA&M,WR,0,5,0,5,0,0,0,30,10.0
461,Alex Bauman,TULN,TE,0,5,0,5,0,0,0,30,7.5
461,Jonathan Brady,NMSU,WR,1,4,0,5,0,0,0,30,7.5
461,CJ Baxter,TEX,RB,5,0,0,5,0,0,0,30,6.0
461,Zachariah Branch,USC,WR,1,2,2,5,0,0,0,30,7.5
461,Mark Fletcher Jr.,MIA,RB,5,0,0,5,0,0,0,30,7.5
461,Jaden Greathouse,ND,WR,0,5,0,5,0,0,0,30,7.5
461,Jaylin Lucas,IU,RB,2,2,1,5,0,0,0,30,7.5
461,Cardell Williams,TLSA,QB,5,0,0,5,0,0,0,30,4.2
461,Quinn Ewers,TEX,QB,5,0,0,5,0,0,0,30,2.5
461,Louis Brown IV,CSU,WR,0,5,0,5,0,0,0,30,6.0
461,Sione Vaki,UTAH,S,2,3,0,5,0,0,0,30,10.0
461,LJ Martin,BYU,RB,4,1,0,5,0,0,0,30,10.0
461,Dylan Edwards,COLO,RB,1,4,0,5,0,0,0,30,15.0
461,Darius Taylor,MINN,RB,5,0,0,5,0,0,0,30,7.5
461,Eli Heidenreich,NAVY,WR,1,4,0,5,0,0,0,30,6.0
461,Alex Tecza,NAVY,RB,5,0,0,5,0,0,0,30,7.5
461,Cam Edwards,CONN,RB,4,1,0,5,0,0,0,30,10.0
461,Chris Brazzell II,TULN,WR,0,5,0,5,0,0,0,30,7.5
461,Colbie Young,MIA,WR,0,5,0,5,0,0,0,30,6.0
461,Rickey Hunt Jr.,OHIO,RB,4,1,0,5,0,0,0,30,30.0
558,Tanner Mordecai,WIS,QB,4,0,0,4,0,0,1,26,3.2
558,Tyler Brown,CLEM,WR,0,4,0,4,0,0,1,26,6.5
558,Brendon Lewis,NEV,QB,4,0,0,4,0,0,1,26,6.5
558,Jalon Calhoun,DUKE,WR,0,4,0,4,0,0,1,26,4.3
558,KeAndre Lambert-Smith,PSU,WR,0,4,0,4,0,0,1,26,5.2
558,John Copenhaver,UNC,TE,0,4,0,4,0,0,1,26,5.2
558,Jerand Bradley,TTU,WR,0,4,0,4,0,0,1,26,5.2
558,Chandler Rogers,UNT,QB,4,0,0,4,0,0,1,26,2.3
558,Malik Rutherford,GT,WR,0,4,0,4,0,0,1,26,8.6
558,Caden Prieskorn,MISS,TE,0,4,0,4,0,0,1,26,8.6
558,Anthony Simpson,MASS,WR,1,3,0,4,0,0,1,26,5.2
558,Isaiah Bond,ALA,WR,0,4,0,4,0,0,1,26,5.2
558,Jjay Mcafee,GASO,TE,0,4,0,4,0,0,1,26,5.2
558,Wesley Grimes,WAKE,WR,0,4,0,4,0,0,1,26,8.6
558,Devon Dampier,UNM,QB,4,0,0,4,0,0,1,26,3.7
558,Landon Sides,UNT,WR,0,4,0,4,0,0,1,26,8.6
574,Frank Harris,UTSA,QB,4,0,0,4,0,0,0,24,2.6
574,Perry Carter,JVST,WR,0,4,0,4,0,0,0,24,6.0
574,Ben Bryant,NU,QB,4,0,0,4,0,0,0,24,3.0
574,Emory Jones,CIN,QB,4,0,0,4,0,0,0,24,2.4
574,Jeshaun Jones,MD,WR,0,4,0,4,0,0,0,24,6.0
574,Jordan Smith,TEM,TE,0,4,0,4,0,0,0,24,8.0
574,Trent Pennix,NCSU,TE,1,3,0,4,0,0,0,24,8.0
574,Quincy Patterson,TEM,QB,4,0,0,4,0,0,0,24,8.0
574,Anthony Torres,TOL,TE,0,3,0,3,0,0,3,24,4.8
574,Juma Otoviano,RICE,RB,4,0,0,4,0,0,0,24,12.0
574,Gino Campiotti,MASS,TE,0,4,0,4,0,0,0,24,6.0
574,Austin Reed,WKU,QB,4,0,0,4,0,0,0,24,2.0
574,Jacob Warren,TENN,TE,0,4,0,4,0,0,0,24,6.0
574,Dylan McDuffie,KU,RB,4,0,0,4,0,0,0,24,8.0
574,Roderic Burns,UNT,WR,0,4,0,4,0,0,0,24,12.0
574,Tanner McLachlan,ARIZ,TE,0,4,0,4,0,0,0,24,8.0
574,Graham Mertz,FLA,QB,4,0,0,4,0,0,0,24,2.1
574,Spencer Rattler,SC,QB,4,0,0,4,0,0,0,24,2.6
574,Chez Mellusi,WIS,RB,4,0,0,4,0,0,0,24,8.0
574,Jacob Zeno,UAB,QB,4,0,0,4,0,0,0,24,2.6
574,Joachim Bangda,CLT,RB,4,0,0,4,0,0,0,24,8.0
574,Noah Cain,LSU,RB,3,1,0,4,0,0,0,24,6.0
574,Jeff Foreman,ARST,WR,0,4,0,4,0,0,0,24,8.0
574,Jha'Quan Jackson,TULN,WR,0,4,0,4,0,0,0,24,8.0
574,Peter LeBlanc,UL,WR,0,4,0,4,0,0,0,24,6.0
574,Nathaniel Peat,MIZ,RB,3,1,0,4,0,0,0,24,6.0
574,Courtney Reese,UNLV,RB,4,0,0,4,0,0,0,24,8.0
574,Tayvion Robinson,UK,WR,0,4,0,4,0,0,0,24,8.0
574,Brett Seither,GT,TE,0,4,0,4,0,0,0,24,8.0
574,Treon Sibley,LIB,WR,0,4,0,4,0,0,0,24,6.0
574,Dayton Wade,MISS,WR,0,4,0,4,0,0,0,24,6.0
574,Casey Washington,ILL,WR,0,4,0,4,0,0,0,24,12.0
574,Marcus Rosemy-Jacksaint,UGA,WR,0,4,0,4,0,0,0,24,8.0
574,Gary Bryant Jr.,ORE,WR,0,4,0,4,0,0,0,24,8.0
574,Bryce Farrell,STAN,WR,3,1,0,4,0,0,0,24,8.0
574,Elijhah Badger,ASU,WR,1,3,0,4,0,0,0,24,4.8
574,Javon Harvey,ODU,WR,0,4,0,4,0,0,0,24,6.0
574,Kurtis Rourke,OHIO,QB,4,0,0,4,0,0,0,24,2.6
574,Marquez Cooper,BALL,RB,4,0,0,4,0,0,0,24,6.0
574,Chris Tyree,ND,WR,0,3,1,4,0,0,0,24,6.0
574,Carson Beck,UGA,QB,4,0,0,4,0,0,0,24,1.8
574,Caziah Holmes,FSU,RB,2,2,0,4,0,0,0,24,8.0
574,Moochie Dixon,SMU,WR,0,4,0,4,0,0,0,24,8.0
574,Rodney Hammond Jr.,PITT,RB,4,0,0,4,0,0,0,24,8.0
574,Behren Morton,TTU,QB,4,0,0,4,0,0,0,24,2.6
574,Jordan Watkins,MISS,WR,0,3,1,4,0,0,0,24,6.0
574,Savion Williams,TCU,WR,0,4,0,4,0,0,0,24,6.0
574,Eli Stowers,NMSU,TE,2,2,0,4,0,0,0,24,8.0
574,Roc Taylor,MEM,WR,0,4,0,4,0,0,0,24,8.0
574,LJ Johnson Jr.,SMU,RB,4,0,0,4,0,0,0,24,6.0
574,Shedeur Sanders,COLO,QB,4,0,0,4,0,0,0,24,2.1
574,Preston Stone,SMU,QB,4,0,0,4,0,0,0,24,2.1
574,Kole Taylor,WVU,TE,0,4,0,4,0,0,0,24,6.0
574,Blake Shapen,BAY,QB,4,0,0,4,0,0,0,24,3.0
574,Keilan Robinson,TEX,RB,3,0,1,4,0,0,0,24,12.0
574,Ja'Varrius Johnson,AUB,WR,1,3,0,4,0,0,0,24,8.0
574,Emeka Egbuka,OSU,WR,0,4,0,4,0,0,0,24,8.0
574,J'Wan Evans,JVST,RB,4,0,0,4,0,0,0,24,8.0
574,Anthony Watkins,TLSA,RB,4,0,0,4,0,0,0,24,6.0
574,Jahmal Banks,WAKE,WR,0,4,0,4,0,0,0,24,6.0
574,Marlyn Johnson,BUFF,WR,0,4,0,4,0,0,0,24,8.0
574,Aaron Young,RUTG,RB,1,2,1,4,0,0,0,24,6.0
574,Jalon Jones,CLT,QB,4,0,0,4,0,0,0,24,4.8
574,OJ Hiliare,BGSU,WR,0,4,0,4,0,0,0,24,6.0
574,Thomas Fidone II,NEB,TE,0,4,0,4,0,0,0,24,6.0
574,Mason Tharp,TTU,TE,0,4,0,4,0,0,0,24,6.0
574,Dominic Lovett,UGA,WR,0,4,0,4,0,0,0,24,6.0
574,Yulkeith Brown,TULN,WR,2,2,0,4,0,0,0,24,6.0
574,Brashard Smith,MIA,RB,1,2,1,4,0,0,0,24,6.0
574,Trey Cooley,GT,RB,3,1,0,4,0,0,0,24,12.0
574,Nathan Carter,MSU,RB,4,0,0,4,0,0,0,24,12.0
574,Sam Olson,SJSU,TE,1,3,0,4,0,0,0,24,6.0
574,Ahmon Green,GAST,TE,0,4,0,4,0,0,0,24,12.0
574,J. Michael Sturdivant,UCLA,WR,0,4,0,4,0,0,0,24,6.0
574,Jaylen Wright,TENN,RB,4,0,0,4,0,0,0,24,6.0
574,Riley Leonard,DUKE,QB,4,0,0,4,0,0,0,24,4.8
574,Tyson Davis,CMU,WR,0,4,0,4,0,0,0,24,6.0
574,Tahj Bullock,AKR,QB,4,0,0,4,0,0,0,24,6.0
574,Germie Bernard,WASH,WR,2,2,0,4,0,0,0,24,6.0
574,Jaydon Blue,TEX,RB,3,1,0,4,0,0,0,24,6.0
574,Cade Klubnik,CLEM,QB,4,0,0,4,0,0,0,24,2.1
574,Jake Johnson,TA&M,TE,0,4,0,4,0,0,0,24,6.0
574,Gi'Bran Payne,ND,RB,2,2,0,4,0,0,0,24,6.0
574,Evan Stewart,TA&M,WR,0,4,0,4,0,0,0,24,8.0
574,Holden Staes,ND,TE,0,4,0,4,0,0,0,24,8.0
574,Tre Watson,FRES,TE,0,4,0,4,0,0,0,24,8.0
574,Kobe Pace,UVA,RB,1,3,0,4,0,0,0,24,8.0
574,Braden Smith,CIN,WR,0,4,0,4,0,0,0,24,6.0
574,Frank Peasant,MTSU,RB,4,0,0,4,0,0,0,24,6.0
574,Tyson Riley,ARMY,RB,1,3,0,4,0,0,0,24,6.0
574,Robert Williams,UL,WR,0,4,0,4,0,0,0,24,6.0
574,Ja'Quinden Jackson,UTAH,RB,4,0,0,4,0,0,0,24,8.0
574,Shomari Lawrence,FIU,RB,4,0,0,4,0,0,0,24,6.0
574,Reggie Love III,ILL,RB,4,0,0,4,0,0,0,24,6.0
574,Cam Fancher,MRSH,QB,4,0,0,4,0,0,0,24,3.4
574,Arlis Boardingham,FLA,TE,0,4,0,4,0,0,0,24,8.0
574,Monaray Baldwin,BAY,WR,0,4,0,4,0,0,0,24,6.0
574,Jensen Jones,AFA,QB,4,0,0,4,0,0,0,24,8.0
574,Dillon Bell,UGA,WR,2,2,0,4,0,0,0,24,6.0
574,Drew Allar,PSU,QB,4,0,0,4,0,0,0,24,2.1
574,Colston Loveland,MICH,TE,0,4,0,4,0,0,0,24,8.0
574,Sutton Smith,MEM,RB,2,2,0,4,0,0,0,24,8.0
574,Junior Vandeross III,TOL,WR,0,4,0,4,0,0,0,24,8.0
574,Richard Reese,BAY,RB,2,0,2,4,0,0,0,24,12.0
574,OJ Arnold,GASO,RB,4,0,0,4,0,0,0,24,6.0
574,Tate Carney,WAKE,RB,4,0,0,4,0,0,0,24,6.0
574,Nate Johnson,UTAH,WR,4,0,0,4,0,0,0,24,4.0
574,Amari Niblack,ALA,TE,0,4,0,4,0,0,0,24,6.0
574,Chrishon McCray,KENT,WR,0,4,0,4,0,0,0,24,12.0
574,Jeremiah Cobb,AUB,RB,2,2,0,4,0,0,0,24,6.0
574,Kaleb Jackson,LSU,RB,4,0,0,4,0,0,0,24,8.0
574,Tony Johnson,FAU,WR,0,4,0,4,0,0,0,24,8.0
574,Brendan Sorsby,IU,QB,4,0,0,4,0,0,0,24,3.4
574,Semaj Morgan,MICH,WR,2,2,0,4,0,0,0,24,6.0
574,Cyrus Allen,LT,WR,0,4,0,4,0,0,0,24,6.0
574,Easton Messer,WKU,WR,0,4,0,4,0,0,0,24,6.0
574,Sedrick Alexander,VAN,RB,4,0,0,4,0,0,0,24,8.0
574,London Humphreys,VAN,WR,0,4,0,4,0,0,0,24,6.0
574,Darius Lassiter,BYU,WR,0,4,0,4,0,0,0,24,6.0
574,Jesse Prewitt III,CMU,WR,0,4,0,4,0,0,0,24,6.0
574,Lee Beebe Jr.,UAB,RB,4,0,0,4,0,0,0,24,8.0
574,Dominic Dutton,ODU,WR,0,4,0,4,0,0,0,24,6.0
574,Hudson Clement,WVU,WR,0,4,0,4,0,0,0,24,12.0
574,Jordan Faison,ND,WR,0,4,0,4,0,0,0,24,6.0
574,Ethan Conner,TROY,TE,0,4,0,4,0,0,0,24,8.0
574,Brendan Doyle,MEM,TE,0,4,0,4,0,0,0,24,8.0
574,Donerio Davenport,TXST,RB,2,2,0,4,0,0,0,24,6.0
574,Owen Wiley,AKR,PK,0,0,0,0,4,12,0,24,4.8
574,Mario Anderson Jr.,SC,RB,3,1,0,4,0,0,0,24,6.0
703,Seth Morgan,MEM,PK,0,0,0,0,3,14,0,23,7.6
704,Anthony Landphere,MEM,TE,0,3,0,3,0,0,2,22,4.4
704,Quincy Skinner Jr.,VAN,WR,0,3,0,3,0,0,2,22,4.4
704,Jace Feely,COLO,PK,0,0,0,0,4,10,0,22,7.3
707,Michael Luckhurst,CAL,PK,0,0,0,0,3,12,0,21,4.2
708,DeCarlos Brooks,ASU,RB,3,0,0,3,0,0,1,20,10.0
708,Trey Cleveland,UNT,WR,0,3,0,3,0,0,1,20,6.6
708,Patrick Herbert,ORE,TE,0,3,0,3,0,0,1,20,6.6
708,Trayvon Rudolph,NIU,WR,1,2,0,3,0,0,1,20,3.3
708,George Johnson III,MASS,WR,0,3,0,3,0,0,1,20,5.0
708,Christian Dremel,RUTG,WR,0,3,0,3,0,0,1,20,5.0
708,Luke Altmyer,ILL,QB,3,0,0,3,0,0,1,20,2.5
708,Montana Lemonious-Craig,ARIZ,WR,0,3,0,3,0,0,1,20,5.0
708,Matt Lauter,BOIS,TE,0,3,0,3,0,0,1,20,6.6
708,Bryson Barnes,UTAH,QB,3,0,0,3,0,0,1,20,3.3
708,Tip Reiman,ILL,TE,0,3,0,3,0,0,1,20,5.0
708,John Michael Gyllenborg,WYO,TE,0,3,0,3,0,0,1,20,5.0
708,Ashton Daniels,STAN,QB,3,0,0,3,0,0,1,20,2.8
708,Luke Hasz,ARK,TE,0,3,0,3,0,0,1,20,10.0
708,Traylon Ray,WVU,WR,0,3,0,3,0,0,1,20,6.6
708,Devin McCuin,UTSA,WR,0,3,0,3,0,0,1,20,6.6
708,Amare Thomas,UAB,WR,0,3,0,3,0,0,1,20,5.0
708,Junior Sherrill,VAN,WR,0,3,0,3,0,0,1,20,6.6
726,Blake Glessner,UCLA,PK,0,0,0,0,2,13,0,19,3.8
726,Carter Davis,FAU,PK,0,0,0,0,1,16,0,19,3.8
728,Zack Dobson,MTSU,WR,1,2,0,3,0,0,0,18,9.0
728,Hamze El-Zayat,EMU,WR,0,2,1,3,0,0,0,18,6.0
728,Hunter Smith,ULM,RB,3,0,0,3,0,0,0,18,6.0
728,Ryan Montgomery,CIN,RB,1,2,0,3,0,0,0,18,6.0
728,Michael Penix Jr.,WASH,QB,3,0,0,3,0,0,0,18,1.3
728,Jason Bean,KU,QB,3,0,0,3,0,0,0,18,2.2
728,Joey Gatewood,LOU,TE,0,3,0,3,0,0,0,18,6.0
728,Amad Anderson Jr.,TEM,WR,0,3,0,3,0,0,0,18,9.0
728,Anthony Queeley,GASO,WR,0,3,0,3,0,0,0,18,6.0
728,Sam Hartman,ND,QB,3,0,0,3,0,0,0,18,1.6
728,O'Shaan Allison,OHIO,RB,3,0,0,3,0,0,0,18,9.0
728,Kobe Lewis,FAU,RB,3,0,0,3,0,0,0,18,6.0
728,Anthony Grant,NEB,RB,3,0,0,3,0,0,0,18,6.0
728,Tanner Knue,EMU,WR,0,3,0,3,0,0,0,18,6.0
728,Noah Frith,LIB,WR,0,3,0,3,0,0,0,18,6.0
728,Caleb McMillan,MRSH,WR,1,2,0,3,0,0,0,18,6.0
728,C'Bo Flemister,PITT,RB,2,1,0,3,0,0,0,18,9.0
728,Brennan Jackson,WSU,EDGE,0,0,3,3,0,0,0,18,9.0
728,Chevan Cordeiro,SJSU,QB,3,0,0,3,0,0,0,18,1.5
728,Markese Stepp,WKU,RB,3,0,0,3,0,0,0,18,6.0
728,Sam Wiglusz,OHIO,WR,0,3,0,3,0,0,0,18,6.0
728,DeQuece Carter,IU,WR,0,3,0,3,0,0,0,18,6.0
728,Dashaun Davis,APP,WR,0,3,0,3,0,0,0,18,6.0
728,Easton Dean,ISU,TE,0,3,0,3,0,0,0,18,6.0
728,Mason Fairchild,KU,TE,0,3,0,3,0,0,0,18,9.0
728,Kelley Joiner,USF,RB,1,2,0,3,0,0,0,18,9.0
728,Erick All Jr.,IOWA,TE,0,3,0,3,0,0,0,18,4.5
728,Trey Potts,PSU,RB,2,1,0,3,0,0,0,18,6.0
728,Collin Schlee,UCLA,QB,3,0,0,3,0,0,0,18,4.5
728,Kedon Slovis,BYU,QB,3,0,0,3,0,0,0,18,2.5
728,Ainias Smith,TA&M,WR,0,2,1,3,0,0,0,18,6.0
728,Cadarrius Thompson,GAST,WR,0,3,0,3,0,0,0,18,9.0
728,Levi Williams,USU,QB,3,0,0,3,0,0,0,18,6.0
728,Jaheim Bell,FSU,TE,1,2,0,3,0,0,0,18,9.0
728,Tyrone Broden,ARK,WR,0,3,0,3,0,0,0,18,6.0
728,Taj Davis,CAL,WR,0,3,0,3,0,0,0,18,6.0
728,Darrell Harding Jr.,BUFF,WR,0,3,0,3,0,0,0,18,6.0
728,Loic Fouonji,TTU,WR,0,2,1,3,0,0,0,18,9.0
728,Maliq Carr,MSU,TE,0,3,0,3,0,0,0,18,9.0
728,Payton Thorne,AUB,QB,3,0,0,3,0,0,0,18,1.8
728,Xzavier Henderson,CIN,WR,0,3,0,3,0,0,0,18,9.0
728,Troy Omeire,ASU,WR,0,3,0,3,0,0,0,18,6.0
728,Darvon Hubbard,TEM,RB,3,0,0,3,0,0,0,18,6.0
728,Chip Trayanum,OSU,RB,3,0,0,3,0,0,0,18,6.0
728,Gavin Williams,NIU,RB,3,0,0,3,0,0,0,18,9.0
728,Mac Dalena,FRES,WR,0,3,0,3,0,0,0,18,6.0
728,Jackson Acker,WIS,TE,2,1,0,3,0,0,0,18,6.0
728,Billy Bowman Jr.,OU,S,0,0,3,3,0,0,0,18,6.0
728,Beaux Collins,CLEM,WR,0,3,0,3,0,0,0,18,6.0
728,Mark Redman,SDSU,TE,0,3,0,3,0,0,0,18,9.0
728,Kenny Tracy,M-OH,RB,2,1,0,3,0,0,0,18,6.0
728,Sy'veon Wilkerson,COLO,RB,3,0,0,3,0,0,0,18,6.0
728,Kobe Paysour,UNC,WR,0,3,0,3,0,0,0,18,6.0
728,Monte Watkins,NMSU,RB,2,1,0,3,0,0,0,18,6.0
728,Stephen Gosnell,VT,WR,0,3,0,3,0,0,0,18,6.0
728,Isaiah Jacobs,UAB,RB,3,0,0,3,0,0,0,18,9.0
728,Miyan Williams,OSU,RB,3,0,0,3,0,0,0,18,9.0
728,Tramel Logan,USF,DL,0,0,3,3,0,0,0,18,6.0
728,Mike Wright Jr.,MSST,QB,3,0,0,3,0,0,0,18,3.0
728,J.J. McCarthy,MICH,QB,3,0,0,3,0,0,0,18,1.6
728,Jayden Harrison,MRSH,WR,0,1,2,3,0,0,0,18,6.0
728,Josh Henderson,IU,RB,2,1,0,3,0,0,0,18,6.0
728,Hudson Habermehl,UCLA,TE,0,3,0,3,0,0,0,18,9.0
728,Cade McDonald,M-OH,WR,0,3,0,3,0,0,0,18,6.0
728,Devaughn Vele,UTAH,WR,0,3,0,3,0,0,0,18,9.0
728,Isaac Rex,BYU,TE,0,3,0,3,0,0,0,18,6.0
728,Trevor Wilson,KU,WR,0,2,1,3,0,0,0,18,6.0
728,Elijah Spencer,MINN,WR,0,3,0,3,0,0,0,18,6.0
728,DJ England-Chisolm,MTSU,WR,0,3,0,3,0,0,0,18,6.0
728,Jakobi Buchanan,ARMY,RB,3,0,0,3,0,0,0,18,6.0
728,Sam Brown Jr.,HOU,WR,0,3,0,3,0,0,0,18,6.0
728,Dalton Stroman,APP,WR,0,3,0,3,0,0,0,18,6.0
728,AJ Green,ARK,RB,2,1,0,3,0,0,0,18,9.0
728,J.J. Jones,UNC,WR,0,3,0,3,0,0,0,18,6.0
728,Montorie Foster Jr.,MSU,WR,0,3,0,3,0,0,0,18,6.0
728,Landen King,UTAH,TE,0,3,0,3,0,0,0,18,6.0
728,David Larkins,APP,TE,0,3,0,3,0,0,0,18,6.0
728,Keelan Marion,BYU,WR,3,0,0,3,0,0,0,18,6.0
728,Damien Alford,SYR,WR,0,3,0,3,0,0,0,18,9.0
728,Key'Shawn Smith,SMU,WR,0,3,0,3,0,0,0,18,6.0
728,Ladd McConkey,UGA,WR,1,2,0,3,0,0,0,18,6.0
728,Myles Montgomery,CIN,RB,3,0,0,3,0,0,0,18,9.0
728,Chris Parker,CMU,WR,0,3,0,3,0,0,0,18,6.0
728,Max Balthazar,CCU,WR,2,1,0,3,0,0,0,18,6.0
728,JP Richardson,TCU,WR,0,3,0,3,0,0,0,18,6.0
728,Jayden Maiava,UNLV,QB,3,0,0,3,0,0,0,18,2.0
728,Carsen Ryan,UCLA,TE,0,3,0,3,0,0,0,18,6.0
728,Dre Washington,UL,RB,2,1,0,3,0,0,0,18,6.0
728,Isaiah Johnson,UNT,RB,3,0,0,3,0,0,0,18,9.0
728,Cole Harrity,BUFF,WR,0,3,0,3,0,0,0,18,9.0
728,Trexler Ivey,CLT,QB,3,0,0,3,0,0,0,18,3.0
728,Craig Burt Jr.,WKU,WR,0,3,0,3,0,0,0,18,6.0
728,Umari Hatcher,SYR,WR,0,3,0,3,0,0,0,18,6.0
728,Chandler Morris,TCU,QB,3,0,0,3,0,0,0,18,3.0
728,Trapper Pannell,SHSU,QB,3,0,0,3,0,0,0,18,9.0
728,Jayden de Laura,ARIZ,QB,3,0,0,3,0,0,0,18,3.6
728,River Helms,WKU,TE,0,3,0,3,0,0,0,18,6.0
728,Austin Henderson,LIB,TE,0,3,0,3,0,0,0,18,9.0
728,Owen Burk,AFA,RB,3,0,0,3,0,0,0,18,6.0
728,Oscar Delp,UGA,TE,0,3,0,3,0,0,0,18,6.0
728,Stephon Johnson,HOU,WR,0,3,0,3,0,0,0,18,9.0
728,K.D. Hutchinson,WKU,WR,1,2,0,3,0,0,0,18,6.0
728,Hahsaun Wilson,CLT,RB,3,0,0,3,0,0,0,18,18.0
728,Devonte Ross,PSU,WR,0,3,0,3,0,0,0,18,6.0
728,Jameson Tucker,CCU,WR,0,3,0,3,0,0,0,18,6.0
728,Dorian Singer,USC,WR,0,3,0,3,0,0,0,18,6.0
728,Tyrell Henry,MSU,WR,0,3,0,3,0,0,0,18,6.0
728,Rocco Becht,ISU,QB,3,0,0,3,0,0,0,18,1.3
728,Xavier Townsend,UCF,WR,0,3,0,3,0,0,0,18,6.0
728,Kaleb Johnson,IOWA,RB,3,0,0,3,0,0,0,18,6.0
728,Jordan McDonald,UCF,RB,3,0,0,3,0,0,0,18,9.0
728,Jaiden Credle,MTSU,RB,2,1,0,3,0,0,0,18,9.0
728,Terrance Carter Jr.,UL,TE,0,3,0,3,0,0,0,18,6.0
728,Kaden Feagin,ILL,RB,2,1,0,3,0,0,0,18,6.0
728,Nico Iamaleava,TENN,QB,3,0,0,3,0,0,0,18,9.0
728,Brett Norfleet,MIZ,TE,0,3,0,3,0,0,0,18,9.0
728,Rueben Owens II,TA&M,RB,3,0,0,3,0,0,0,18,6.0
728,Creed Whittemore,MSST,WR,1,2,0,3,0,0,0,18,9.0
728,Victor Rosa,CONN,RB,3,0,0,3,0,0,0,18,9.0
728,Jordan Nubin,MINN,RB,3,0,0,3,0,0,0,18,9.0
728,Austin Hence,WMU,TE,0,3,0,3,0,0,0,18,6.0
728,Myles Bailey,CMU,RB,3,0,0,3,0,0,0,18,6.0
728,Mitchel Collier,CMU,TE,0,3,0,3,0,0,0,18,9.0
728,Kevin Hurley,UTEP,WR,3,0,0,3,0,0,0,18,4.5
728,C.J. Ogbonna,BUFF,QB,3,0,0,3,0,0,0,18,4.5
728,Drae McCray,TTU,WR,0,2,1,3,0,0,0,18,6.0
728,Ashtyn Hawkins,TXST,WR,0,3,0,3,0,0,0,18,6.0
728,Juju McDowell,SC,RB,2,1,0,3,0,0,0,18,9.0
728,Bryce Damous,UAB,TE,0,3,0,3,0,0,0,18,6.0
728,Daba Fofana,NAVY,FB,3,0,0,3,0,0,0,18,6.0
728,Anton Hall Jr.,NAVY,RB,2,1,0,3,0,0,0,18,6.0
728,Chuck Montgomery,MRSH,WR,0,3,0,3,0,0,0,18,6.0
728,Andrew Henry,UNM,RB,3,0,0,3,0,0,0,18,6.0
728,Jack Hestera,CLT,WR,0,3,0,3,0,0,0,18,6.0
728,Cartevious Norton,ISU,RB,3,0,0,3,0,0,0,18,9.0
728,Jordin Parker,NMSU,WR,0,3,0,3,0,0,0,18,6.0
728,Justus Ross-Simmons,CSU,WR,0,3,0,3,0,0,0,18,6.0
728,John Mateer,WSU,QB,3,0,0,3,0,0,0,18,6.0
728,Zylan Perry,UL,RB,2,0,1,3,0,0,0,18,6.0
728,Tanner Koziol,BALL,TE,0,3,0,3,0,0,0,18,6.0
728,Tiger Bachmeier,STAN,WR,1,2,0,3,0,0,0,18,6.0
728,Parker Jenkins,HOU,RB,3,0,0,3,0,0,0,18,18.0
728,Aidan Chiles,ORST,QB,3,0,0,3,0,0,0,18,3.6
728,Marquis Johnson,MIZ,WR,0,3,0,3,0,0,0,18,6.0
728,Isaiah Sategna III,ARK,WR,0,2,1,3,0,0,0,18,6.0
728,Vann Schield,CSU,RB,3,0,0,3,0,0,0,18,6.0
728,Boden Groen,RICE,TE,0,3,0,3,0,0,0,18,9.0
728,Latreal Jones,USM,WR,0,3,0,3,0,0,0,18,6.0
728,Alex Perry,HAW,WR,0,3,0,3,0,0,0,18,6.0
728,Moni Jones,NMSU,RB,3,0,0,3,0,0,0,18,6.0
728,Cade Harris,AFA,WR,2,1,0,3,0,0,0,18,9.0
728,Anwar Lewis,JVST,RB,3,0,0,3,0,0,0,18,6.0
728,Torrance Burgess Jr.,UTEP,RB,2,0,1,3,0,0,0,18,6.0
728,Noah Perez,AKR,PK,0,0,0,0,3,9,0,18,3.6
728,Ty Mims,USM,WR,0,2,1,3,0,0,0,18,6.0
728,Jared Roznos,AFA,WR,0,3,0,3,0,0,0,18,6.0
728,Jaylen Lloyd,NEB,WR,0,3,0,3,0,0,0,18,6.0
728,Jayce Brown,KSU,WR,0,3,0,3,0,0,0,18,6.0
728,Luke McGary,TLSA,TE,0,3,0,3,0,0,0,18,6.0
728,Jake Retzlaff,BYU,QB,3,0,0,3,0,0,0,18,6.0
728,Mike Franklin,UTEP,RB,3,0,0,3,0,0,0,18,6.0
728,Landon Ransom-Goelz,RICE,WR,0,3,0,3,0,0,0,18,6.0
728,Desna Washington,UNM,WR,0,3,0,3,0,0,0,18,6.0
728,Joey Aguilar,APP,QB,3,0,0,3,0,0,0,18,1.5
728,Reymello Murphy,ODU,WR,0,3,0,3,0,0,0,18,9.0
728,Jeffery Pittman,MSST,RB,1,2,0,3,0,0,0,18,6.0
728,Jacob De Jesus,UNLV,WR,1,2,0,3,0,0,0,18,6.0
728,Bill Davis,UL,RB,3,0,0,3,0,0,0,18,9.0
896,Ryan Coe,UNC,PK,0,0,0,0,3,8,0,17,8.5
896,Teagen Lenderink,LIB,PK,0,0,0,0,4,5,0,17,8.5
896,Robert Gunn III,CLEM,PK,0,0,0,0,1,14,0,17,5.6
899,Julio Macias,PUR,PK,0,0,0,0,2,9,0,15,5.0
900,Tyler Walton,OHIO,WR,0,2,0,2,0,0,1,14,4.6
900,Michael Brown-Stephens,USF,WR,0,2,0,2,0,0,1,14,4.6
900,Edward Saydee,TEM,RB,0,2,0,2,0,0,1,14,7.0
900,Nick Lopez,LOU,PK,0,0,0,0,1,11,0,14,3.5
900,Antwain Littleton Jr.,MD,RB,2,0,0,2,0,0,1,14,4.6
900,Mario Williams,USC,WR,0,2,0,2,0,0,1,14,4.6
900,Trenton Bourguet,ASU,QB,2,0,0,2,0,0,1,14,7.0
900,Leroy Thomas,WMU,WR,0,2,0,2,0,0,1,14,4.6
900,Josh McCray,ILL,RB,2,0,0,2,0,0,1,14,4.6
900,Josh Hoover,TCU,QB,2,0,0,2,0,0,1,14,2.0
900,Ty Simpson,ALA,QB,2,0,0,2,0,0,1,14,4.6
900,Brandon Frazier,AUB,TE,0,2,0,2,0,0,1,14,7.0
900,Sam Scott,WYO,RB,2,0,0,2,0,0,1,14,7.0
900,Ethan Vasko,CCU,QB,2,0,0,2,0,0,1,14,3.5
900,Rawson MacNeill,RICE,WR,0,2,0,2,0,0,1,14,4.6
900,Zavion Thomas,MSST,WR,0,1,1,2,0,0,1,14,4.6
900,Hayden Hansen,FLA,TE,0,2,0,2,0,0,1,14,4.6
900,Josh Sapp,CLEM,TE,0,2,0,2,0,0,1,14,4.6
900,Justin Joly,CONN,TE,0,2,0,2,0,0,1,14,7.0
900,Hayden Reed,ARMY,RB,2,0,0,2,0,0,1,14,4.6
900,Jack Endries,CAL,TE,0,2,0,2,0,0,1,14,4.6
900,Gabriel Plascencia,SDSU,PK,0,0,0,0,4,2,0,14,7.0
922,William Testa,USU,PK,0,0,0,0,2,7,0,13,4.3
923,John Adams,TEM,WR,0,2,0,2,0,0,0,12,6.0
923,Dalen Morris,HAW,QB,2,0,0,2,0,0,0,12,6.0
923,Eddie Heckard,BYU,CB,0,0,2,2,0,0,0,12,6.0
923,Isaiah Woullard,ULM,RB,1,1,0,2,0,0,0,12,6.0
923,Deion Smith,BYU,RB,1,1,0,2,0,0,0,12,6.0
923,Tyler Shough,TTU,QB,2,0,0,2,0,0,0,12,4.0
923,Chris Carter,TULN,TE,0,2,0,2,0,0,0,12,12.0
923,Brevyn Spann-Ford,MINN,TE,0,2,0,2,0,0,0,12,6.0
923,Devin Culp,WASH,TE,0,2,0,2,0,0,0,12,6.0
923,Drake Anderson,AKR,RB,1,1,0,2,0,0,0,12,6.0
923,Devin Carter,WVU,WR,0,2,0,2,0,0,0,12,6.0
923,Al'vonte Woodard,SHSU,WR,0,2,0,2,0,0,0,12,12.0
923,Alan Bowman,OKST,QB,2,0,0,2,0,0,0,12,1.3
923,Shane Hooks,AUB,WR,0,2,0,2,0,0,0,12,6.0
923,Alec Holler,UCF,TE,0,2,0,2,0,0,0,12,6.0
923,Dee Wiggins,CIN,WR,0,2,0,2,0,0,0,12,6.0
923,Keaton Upshaw,GASO,TE,0,2,0,2,0,0,0,12,6.0
923,Warren Thompson,TCU,WR,0,2,0,2,0,0,0,12,6.0
923,Koby Duru,LT,WR,0,2,0,2,0,0,0,12,6.0
923,Josiah Norwood,UCLA,WR,0,2,0,2,0,0,0,12,6.0
923,Tyrek Funderburk,APP,CB,0,0,2,2,0,0,0,12,6.0
923,Je'Quan Burton,FAU,WR,0,2,0,2,0,0,0,12,12.0
923,DJ Irons,AKR,QB,2,0,0,2,0,0,0,12,4.0
923,Perris Jones,UVA,RB,2,0,0,2,0,0,0,12,6.0
923,Billy Kemp IV,NEB,WR,1,1,0,2,0,0,0,12,6.0
923,Jeremy Tate Jr.,MTSU,WR,0,2,0,2,0,0,0,12,6.0
923,Christian Turner,IU,RB,2,0,0,2,0,0,0,12,6.0
923,British Brooks,UNC,RB,2,0,0,2,0,0,0,12,6.0
923,Ben Wooldridge,UL,QB,2,0,0,2,0,0,0,12,6.0
923,Jaylen Johnson,ECU,WR,0,2,0,2,0,0,0,12,6.0
923,Elijah Collins,OKST,RB,2,0,0,2,0,0,0,12,6.0
923,Riley Sharp,ORST,TE,0,2,0,2,0,0,0,12,6.0
923,Dominick Blaylock,GT,WR,0,2,0,2,0,0,0,12,6.0
923,Baylor Cupp,TTU,TE,0,2,0,2,0,0,0,12,12.0
923,Dylan Wright,TCU,WR,0,2,0,2,0,0,0,12,6.0
923,Taisun Phommachanh,MASS,QB,2,0,0,2,0,0,0,12,1.5
923,Connor Bazelak,BGSU,QB,2,0,0,2,0,0,0,12,1.5
923,Colby Bowman,USU,WR,0,2,0,2,0,0,0,12,6.0
923,Marcus Major Jr.,OU,RB,1,1,0,2,0,0,0,12,6.0
923,Hank Bachmeier,LT,QB,2,0,0,2,0,0,0,12,1.5
923,Oscar Cardenas,UTSA,TE,0,2,0,2,0,0,0,12,6.0
923,Dante Cephas,PSU,WR,0,2,0,2,0,0,0,12,12.0
923,Blair Conwright,UNT,WR,0,2,0,2,0,0,0,12,6.0
923,Michel Dukes,USF,RB,2,0,0,2,0,0,0,12,6.0
923,Brett Gabbert,M-OH,QB,2,0,0,2,0,0,0,12,2.0
923,Tahj Gary,TLSA,RB,2,0,0,2,0,0,0,12,6.0
923,Ta'Quan Roberson,CONN,QB,2,0,0,2,0,0,0,12,1.5
923,Gerald Green,ECU,RB,2,0,0,2,0,0,0,12,6.0
923,Ali Jennings,VT,WR,0,2,0,2,0,0,0,12,12.0
923,Keegan Jones,UCLA,RB,2,0,0,2,0,0,0,12,12.0
923,Casey Kelly,ORE,TE,0,2,0,2,0,0,0,12,6.0
923,Dominick Mazotti,SJSU,TE,0,2,0,2,0,0,0,12,6.0
923,Tre Mosley,MSU,WR,0,2,0,2,0,0,0,12,6.0
923,Mike Sainristil,MICH,CB,0,0,2,2,0,0,0,12,6.0
923,Milan Tucker,APP,WR,1,1,0,2,0,0,0,12,6.0
923,Luke Doty,SC,WR,1,1,0,2,0,0,0,12,6.0
923,Arian Smith,UGA,WR,0,2,0,2,0,0,0,12,6.0
923,CJ Beasley,CCU,RB,2,0,0,2,0,0,0,12,6.0
923,Austin Bolt,BOIS,WR,0,2,0,2,0,0,0,12,6.0
923,Evan Conley,LOU,QB,2,0,0,2,0,0,0,12,6.0
923,Chandler Fields,UL,QB,2,0,0,2,0,0,0,12,3.0
923,Corey Dyches,MD,TE,0,2,0,2,0,0,0,12,6.0
923,Anthony Gould,ORST,WR,0,2,0,2,0,0,0,12,6.0
923,Daequan Hardy,PSU,CB,0,0,2,2,0,0,0,12,12.0
923,Karter Johnson,PITT,TE,0,2,0,2,0,0,0,12,6.0
923,Jordan Kerley,SMU,WR,0,2,0,2,0,0,0,12,12.0
923,LaMareon James,ODU,CB,0,0,2,2,0,0,0,12,12.0
923,Isaac Jernagin,SJSU,WR,0,2,0,2,0,0,0,12,6.0
923,Munir McClain,UTAH,WR,0,2,0,2,0,0,0,12,6.0
923,TJ Sheffield,PUR,WR,0,2,0,2,0,0,0,12,6.0
923,Joshua Simon,SC,TE,0,2,0,2,0,0,0,12,6.0
923,Charvis Thornton,LT,RB,1,1,0,2,0,0,0,12,6.0
923,Treyton Welch,WYO,TE,0,2,0,2,0,0,0,12,6.0
923,Dominic Richardson,BAY,RB,1,1,0,2,0,0,0,12,6.0
923,Reese White,CCU,RB,2,0,0,2,0,0,0,12,6.0
923,Dariyan Wiley,ULM,WR,0,2,0,2,0,0,0,12,6.0
923,Hayden Wolff,WMU,QB,2,0,0,2,0,0,0,12,2.4
923,Alex Adams,AKR,WR,0,2,0,2,0,0,0,12,6.0
923,Jimmy Holiday,WKU,WR,0,2,0,2,0,0,0,12,6.0
923,Romello Brinson,SMU,WR,0,2,0,2,0,0,0,12,6.0
923,Dacari Collins,NCSU,WR,0,2,0,2,0,0,0,12,6.0
923,Jalil Farooq,OU,WR,0,2,0,2,0,0,0,12,6.0
923,Blake Nowell,TCU,WR,0,1,1,2,0,0,0,12,6.0
923,Money Parks,UTAH,WR,0,2,0,2,0,0,0,12,6.0
923,Chris Hilton Jr.,LSU,WR,0,2,0,2,0,0,0,12,6.0
923,Mello Dotson,KU,CB,0,0,2,2,0,0,0,12,6.0
923,Ken Seals,VAN,QB,2,0,0,2,0,0,0,12,1.5
923,Ketron Jackson Jr.,BAY,WR,0,1,0,1,0,0,3,12,3.0
923,Ashton Stredick,CAL,RB,2,0,0,2,0,0,0,12,6.0
923,Leshon Williams,IOWA,RB,1,1,0,2,0,0,0,12,6.0
923,Miller Moss,USC,QB,2,0,0,2,0,0,0,12,3.0
923,Ja'Tavion Sanders,TEX,TE,0,2,0,2,0,0,0,12,6.0
923,Jayden Thomas,ND,WR,0,2,0,2,0,0,0,12,6.0
923,Caleb Coombs,MRSH,WR,0,2,0,2,0,0,0,12,6.0
923,Mason Garcia,ECU,QB,2,0,0,2,0,0,0,12,4.0
923,Ahmani Marshall,APP,RB,2,0,0,2,0,0,0,12,6.0
923,Avery Morrow,CSU,RB,2,0,0,2,0,0,0,12,6.0
923,Keyon Mozee,M-OH,RB,2,0,0,2,0,0,0,12,12.0
923,Jabari Small,TENN,RB,2,0,0,2,0,0,0,12,6.0
923,Stacy Sneed,HOU,RB,1,1,0,2,0,0,0,12,6.0
923,Noah Whittington,ORE,RB,2,0,0,2,0,0,0,12,6.0
923,JoJo Earle,TCU,WR,0,2,0,2,0,0,0,12,6.0
923,Kamarro Edmonds,ECU,RB,2,0,0,2,0,0,0,12,12.0
923,Bryson Green,WIS,WR,0,2,0,2,0,0,0,12,6.0
923,Athan Kaliakmanis,MINN,QB,2,0,0,2,0,0,0,12,1.3
923,Moliki Matavao,UCLA,TE,0,2,0,2,0,0,0,12,6.0
923,Kyron Hudson,USC,WR,0,2,0,2,0,0,0,12,6.0
923,Mitch Griffis,WAKE,QB,2,0,0,2,0,0,0,12,1.7
923,Caleb Medford,UNM,WR,0,2,0,2,0,0,0,12,6.0
923,Corey Rucker,ARST,WR,0,2,0,2,0,0,0,12,12.0
923,Upton Stout,WKU,CB,0,0,2,2,0,0,0,12,6.0
923,Issiah Nixon,SHSU,LB,2,0,0,2,0,0,0,12,12.0
923,Deacon Hill,IOWA,QB,2,0,0,2,0,0,0,12,1.7
923,Kaleo Ballungay,UNLV,TE,0,2,0,2,0,0,0,12,6.0
923,Cameron Hite,WAKE,TE,0,2,0,2,0,0,0,12,6.0
923,Taylor Morin,WAKE,WR,0,2,0,2,0,0,0,12,12.0
923,KJ Jefferson,ARK,QB,2,0,0,2,0,0,0,12,1.3
923,Trey Knox,SC,TE,0,2,0,2,0,0,0,12,6.0
923,Jadon Jackson,KSU,WR,0,2,0,2,0,0,0,12,6.0
923,Rodrigues Clark,USM,RB,2,0,0,2,0,0,0,12,6.0
923,Daniel Carter,PITT,RB,2,0,0,2,0,0,0,12,6.0
923,Ryan O'Keefe,BC,WR,1,1,0,2,0,0,0,12,6.0
923,Cam Ross,CONN,WR,0,2,0,2,0,0,0,12,6.0
923,Jaylen Thomas,KENT,RB,2,0,0,2,0,0,0,12,6.0
923,Kyle Maxwell,LT,WR,0,2,0,2,0,0,0,12,4.0
923,Dalevon Campbell,NEV,WR,0,2,0,2,0,0,0,12,6.0
923,Sean Greeley,MD,LB,0,2,0,2,0,0,0,12,6.0
923,Shane Calhoun,ECU,TE,0,2,0,2,0,0,0,12,6.0
923,Jaden Alexis,USF,WR,0,2,0,2,0,0,0,12,6.0
923,Byron Murphy II,TEX,DT,1,1,0,2,0,0,0,12,6.0
923,T.J. Jones,UAB,WR,0,2,0,2,0,0,0,12,6.0
923,Bradley Rozner,NCSU,WR,0,2,0,2,0,0,0,12,6.0
923,Dalton Andrews,TOL,TE,0,2,0,2,0,0,0,12,6.0
923,Garrett Miller,PUR,TE,0,2,0,2,0,0,0,12,6.0
923,PaSean Wimberly,BGSU,RB,1,0,1,2,0,0,0,12,6.0
923,Ke'Shawn Williams,WAKE,WR,1,1,0,2,0,0,0,12,6.0
923,Kacper Rutkiewicz,NIU,WR,0,2,0,2,0,0,0,12,6.0
923,Payten Singletary,CIN,TE,0,2,0,2,0,0,0,12,6.0
923,Kobe Johnson,CSU,RB,1,0,1,2,0,0,0,12,6.0
923,Brett Buckman,CONN,WR,0,2,0,2,0,0,0,12,6.0
923,Davion Ervin-Poindexter,WKU,RB,1,1,0,2,0,0,0,12,6.0
923,Brian Holloway,TXST,LB,0,0,2,2,0,0,0,12,12.0
923,Gavin Hardison,UTEP,QB,2,0,0,2,0,0,0,12,3.0
923,Kevin Davis,M-OH,RB,1,1,0,2,0,0,0,12,6.0
923,Avery Boyd,GT,WR,0,2,0,2,0,0,0,12,6.0
923,Dane Kinamon,AFA,WR,0,2,0,2,0,0,0,12,6.0
923,Abdul-Fatai Ibrahim,BGSU,WR,0,2,0,2,0,0,0,12,6.0
923,Chris Carter,NIU,TE,0,2,0,2,0,0,0,12,6.0
923,Rico Barfield,BALL,RB,1,1,0,2,0,0,0,12,12.0
923,Christian Leary,GT,WR,0,2,0,2,0,0,0,12,6.0
923,Colby McDonald,MD,RB,2,0,0,2,0,0,0,12,6.0
923,Dylan Goffney,CSU,WR,0,2,0,2,0,0,0,12,6.0
923,Jaedon Wilson,ARK,WR,0,2,0,2,0,0,0,12,6.0
923,Austin Smith,EMU,QB,2,0,0,2,0,0,0,12,1.5
923,Isaiah Nwokobia,SMU,S,0,0,2,2,0,0,0,12,6.0
923,Raheim Sanders,ARK,RB,2,0,0,2,0,0,0,12,12.0
923,Jaylen Henderson,TA&M,QB,2,0,0,2,0,0,0,12,4.0
923,Demie Sumo-Karngbaye,UK,RB,1,1,0,2,0,0,0,12,6.0
923,Tar'Varish Dawson,COLO,WR,1,1,0,2,0,0,0,12,12.0
923,Nohl Williams,CAL,CB,0,0,2,2,0,0,0,12,6.0
923,Markeston Douglas,FSU,TE,0,2,0,2,0,0,0,12,6.0
923,Anderson Castle,APP,RB,2,0,0,2,0,0,0,12,6.0
923,Quentin Skinner,KU,WR,0,2,0,2,0,0,0,12,12.0
923,Jamaal Bell,NEV,WR,1,1,0,2,0,0,0,12,6.0
923,Julian Gray,NCSU,RB,0,1,1,2,0,0,0,12,6.0
923,Jimmy Valsin III,ORST,WR,0,2,0,2,0,0,0,12,6.0
923,Nicholas Vattiato,MTSU,QB,2,0,0,2,0,0,0,12,1.2
923,Brendan Sullivan,NU,QB,2,0,0,2,0,0,0,12,2.4
923,Jaden Nixon,OKST,RB,1,1,0,2,0,0,0,12,6.0
923,Patrick Smith,VAN,RB,2,0,0,2,0,0,0,12,6.0
923,Keagan Johnson,KSU,WR,0,2,0,2,0,0,0,12,4.0
923,Aaron Turner,CIN,WR,0,2,0,2,0,0,0,12,6.0
923,Trent Howland,IU,RB,2,0,0,2,0,0,0,12,6.0
923,Jaden Bray,OKST,WR,0,2,0,2,0,0,0,12,6.0
923,Damien Taylor,TROY,RB,1,1,0,2,0,0,0,12,6.0
923,O'Mega Blake,SC,WR,0,2,0,2,0,0,0,12,6.0
923,Jairus Mack,CLT,WR,0,2,0,2,0,0,0,12,6.0
923,Marco Lee Jr.,USA,RB,2,0,0,2,0,0,0,12,6.0
923,Noe Ruelas,CONN,PK,0,0,0,0,3,3,0,12,3.0
923,Moose Muhammad III,TA&M,WR,0,2,0,2,0,0,0,12,6.0
923,Donald Chaney,MIA,RB,2,0,0,2,0,0,0,12,6.0
923,Jacurri Brown,MIA,QB,2,0,0,2,0,0,0,12,12.0
923,Kevin Coleman Jr.,LOU,WR,0,2,0,2,0,0,0,12,6.0
923,Anthony Hankerson,COLO,RB,1,1,0,2,0,0,0,12,6.0
923,Tobias Merriweather,ND,WR,0,2,0,2,0,0,0,12,6.0
923,Jam Miller,ALA,RB,1,1,0,2,0,0,0,12,6.0
923,Brenen Thompson,OU,WR,0,2,0,2,0,0,0,12,6.0
923,Conner Weigman,TA&M,QB,2,0,0,2,0,0,0,12,4.0
923,Samuel Brown V,RUTG,RB,2,0,0,2,0,0,0,12,6.0
923,Damari Alston,AUB,RB,2,0,0,2,0,0,0,12,6.0
923,James Jointer Jr.,LIB,RB,2,0,0,2,0,0,0,12,6.0
923,Max Johnson,TA&M,QB,2,0,0,2,0,0,0,12,1.5
923,Johnny Wilson,FSU,WR,0,2,0,2,0,0,0,12,12.0
923,Tai Lavatai,NAVY,QB,2,0,0,2,0,0,0,12,2.0
923,Xavier Arline,NAVY,QB,2,0,0,2,0,0,0,12,6.0
923,Evan Warren,NAVY,PK,0,0,0,0,2,6,0,12,4.0
923,Malachi Thomas,VT,RB,2,0,0,2,0,0,0,12,4.0
923,Larry Stephens III,TOL,WR,0,2,0,2,0,0,0,12,12.0
923,Jared Casey,KU,TE,0,2,0,2,0,0,0,12,6.0
923,Daniel Jackson,ISU,WR,0,2,0,2,0,0,0,12,12.0
923,Mike Washington Jr.,BUFF,RB,2,0,0,2,0,0,0,12,12.0
923,Gunnar Helm,TEX,TE,0,2,0,2,0,0,0,12,6.0
923,Jalen Clark,UL,S,0,0,2,2,0,0,0,12,12.0
923,Koby Drake,MEM,WR,0,2,0,2,0,0,0,12,6.0
923,Maxwell Hairston,UK,CB,0,0,2,2,0,0,0,12,12.0
923,Tyrell Robinson,ARMY,RB,2,0,0,2,0,0,0,12,6.0
923,Isaiah Alston,ARMY,WR,0,2,0,2,0,0,0,12,12.0
923,Isaiah Jones,SYR,WR,0,2,0,2,0,0,0,12,12.0
923,Preston Fox,WVU,WR,0,2,0,2,0,0,0,12,6.0
923,Earnest Crownover,TA&M,RB,0,2,0,2,0,0,0,12,6.0
923,Abdul Janneh Jr.,GT,WR,0,2,0,2,0,0,0,12,6.0
923,Regis Velez,NAVY,WR,0,2,0,2,0,0,0,12,6.0
923,Khalil Dinkins,PSU,TE,0,2,0,2,0,0,0,12,6.0
923,Mekhi Shaw,SDSU,WR,0,2,0,2,0,0,0,12,6.0
923,Richard Toney Jr.,NEV,DB,0,0,2,2,0,0,0,12,6.0
923,Kai Horton,TULN,QB,2,0,0,2,0,0,0,12,4.0
923,Vaughn Pemberton,BALL,LB,1,1,0,2,0,0,0,12,6.0
923,Brayden Schager,HAW,QB,2,0,0,2,0,0,0,12,1.0
923,Manny Stevenson Jr.,ARST,TE,0,2,0,2,0,0,0,12,6.0
923,Jay Fair,AUB,WR,0,2,0,2,0,0,0,12,6.0
923,Eric Rivers,FIU,WR,0,2,0,2,0,0,0,12,12.0
923,Javon Antonio,COLO,WR,0,2,0,2,0,0,0,12,6.0
923,Rashod Dubinion,ARK,RB,1,1,0,2,0,0,0,12,6.0
923,Omar Cooper Jr.,IU,WR,0,2,0,2,0,0,0,12,6.0
923,Ron Tiavaasue,NMSU,TE,1,1,0,2,0,0,0,12,6.0
923,Katin Houser,MSU,QB,2,0,0,2,0,0,0,12,3.0
923,Garrett Oakley,KSU,TE,0,2,0,2,0,0,0,12,6.0
923,Jaylon Glover,UTAH,RB,2,0,0,2,0,0,0,12,6.0
923,DJ Riles,MTSU,WR,1,1,0,2,0,0,0,12,6.0
923,Nate Kurisky,LOU,TE,0,2,0,2,0,0,0,12,6.0
923,Josh Kattus,UK,TE,0,2,0,2,0,0,0,12,6.0
923,Alex Broome,BC,RB,1,1,0,2,0,0,0,12,6.0
923,Javon Tracy,M-OH,WR,0,2,0,2,0,0,0,12,6.0
923,Gavin Garcia,KENT,RB,2,0,0,2,0,0,0,12,12.0
923,Emmett Johnson,NEB,RB,2,0,0,2,0,0,0,12,6.0
923,Fernando Mendoza,CAL,QB,2,0,0,2,0,0,0,12,1.5
923,Ty Washington,ARK,TE,0,2,0,2,0,0,0,12,12.0
923,AJ Padgett,RICE,QB,2,0,0,2,0,0,0,12,2.4
923,Dane Pardridge,NIU,WR,0,1,1,2,0,0,0,12,6.0
923,Robert Briggs,USU,RB,2,0,0,2,0,0,0,12,6.0
923,Braylen Walker,RICE,WR,0,2,0,2,0,0,0,12,6.0
923,Chris Bell,LOU,WR,0,2,0,2,0,0,0,12,6.0
923,Kobe Prentice,ALA,WR,0,2,0,2,0,0,0,12,6.0
923,Devin Grant,BUFF,DB,0,0,2,2,0,0,0,12,12.0
923,Maddux Madsen,BOIS,QB,2,0,0,2,0,0,0,12,1.7
923,Benjamin Brahmer,ISU,TE,0,2,0,2,0,0,0,12,6.0
923,Justice Haynes,ALA,RB,2,0,0,2,0,0,0,12,12.0
923,Jeremiyah Love,ND,RB,1,1,0,2,0,0,0,12,6.0
923,Ja'Kobi Lane,USC,WR,0,2,0,2,0,0,0,12,12.0
923,Cayden Lee,MISS,WR,0,2,0,2,0,0,0,12,6.0
923,Duce Robinson,USC,WR,0,2,0,2,0,0,0,12,6.0
923,Treyaun Webb,FLA,RB,2,0,0,2,0,0,0,12,12.0
923,Thomaz Whitford,NMSU,TE,0,2,0,2,0,0,0,12,12.0
923,Clayton Ollendieck,TROY,TE,0,2,0,2,0,0,0,12,6.0
923,Addison Ostrenga,IOWA,TE,0,2,0,2,0,0,0,12,6.0
923,Matt Jones,MISS,RB,2,0,0,2,0,0,0,12,6.0
923,NyNy Davis,ULM,WR,0,2,0,2,0,0,0,12,6.0
923,Tru Edwards,LT,WR,0,2,0,2,0,0,0,12,6.0
923,Isiah Paige,ODU,WR,0,2,0,2,0,0,0,12,6.0
923,Elijah Smoot,LIB,WR,0,2,0,2,0,0,0,12,12.0
923,Adrian Murdaugh,SHSU,RB,2,0,0,2,0,0,0,12,6.0
923,Miles Scott,ILL,DB,0,0,2,2,0,0,0,12,6.0
923,Will Kacmarek,OHIO,TE,0,2,0,2,0,0,0,12,6.0
923,Blake Bosma,WMU,TE,0,2,0,2,0,0,0,12,6.0
923,Maquel Haywood,APP,RB,2,0,0,2,0,0,0,12,6.0
923,Xzavior Kautai,UNT,LB,0,2,0,2,0,0,0,12,6.0
923,Cash Jones,UGA,RB,1,1,0,2,0,0,0,12,6.0
923,Mekhi Mews,UGA,WR,0,1,1,2,0,0,0,12,6.0
923,Jiya Wright,ULM,QB,2,0,0,2,0,0,0,12,1.7
923,Gavin Freeman,OU,WR,0,1,1,2,0,0,0,12,12.0
923,Dalen Cobb,GASO,WR,0,2,0,2,0,0,0,12,6.0
923,Andrew Paul,UGA,RB,1,1,0,2,0,0,0,12,6.0
923,Iverson Hooks,UAB,WR,0,2,0,2,0,0,0,12,6.0
923,Makhilyn Young,NMSU,RB,2,0,0,2,0,0,0,12,6.0
923,Devan Williams,TLSA,WR,0,2,0,2,0,0,0,12,6.0
923,Lucky Sutton,SDSU,RB,2,0,0,2,0,0,0,12,12.0
923,Bert Emanuel Jr.,CMU,QB,2,0,0,2,0,0,0,12,6.0
923,Coy Eakin,TTU,WR,0,2,0,2,0,0,0,12,6.0
923,Roderick Robinson II,UGA,RB,2,0,0,2,0,0,0,12,6.0
923,Harvey Broussard III,UL,WR,0,2,0,2,0,0,0,12,6.0
923,Gio Lopez,USA,QB,2,0,0,2,0,0,0,12,4.0
923,Joquez Smith,TEM,RB,1,1,0,2,0,0,0,12,12.0
923,Dylan Wade,MD,TE,0,2,0,2,0,0,0,12,6.0
923,CJ Hester,WMU,RB,2,0,0,2,0,0,0,12,6.0
923,Kenny Johnson,PITT,WR,0,1,1,2,0,0,0,12,6.0
923,Ian Strong,RUTG,WR,0,2,0,2,0,0,0,12,6.0
923,Zeke Moore,FAU,TE,0,2,0,2,0,0,0,12,6.0
923,Jambres Dubar,BOIS,RB,2,0,0,2,0,0,0,12,6.0
923,Cedric Hawkins,ARST,RB,2,0,0,2,0,0,0,12,12.0
923,Connor Walendzak,TOL,RB,2,0,0,2,0,0,0,12,6.0
923,Jacob Fields,LT,DB,2,0,0,2,0,0,0,12,6.0
923,Justin Marshall,CSU,RB,2,0,0,2,0,0,0,12,6.0
923,Jaziun Patterson,IOWA,RB,2,0,0,2,0,0,0,12,6.0
923,Squirrel White,TENN,WR,0,2,0,2,0,0,0,12,6.0
923,Antonio Williams,CLEM,WR,0,2,0,2,0,0,0,12,12.0
923,Jayson Littlejohn,USF,TE,0,2,0,2,0,0,0,12,6.0
923,Noah Short,ARMY,WR,0,2,0,2,0,0,0,12,6.0
923,Evan Svoboda,WYO,TE,2,0,0,2,0,0,0,12,6.0
923,Luke Bottari,UTAH,QB,2,0,0,2,0,0,0,12,12.0
923,Kamrean Johnson,VAN,TE,0,2,0,2,0,0,0,12,6.0
923,Makai Jackson,APP,WR,0,2,0,2,0,0,0,12,6.0
923,Richie Hoskins,VAN,WR,0,2,0,2,0,0,0,12,6.0
923,Jack Turner,LT,QB,2,0,0,2,0,0,0,12,2.4
923,Kamari Moulton,IOWA,RB,2,0,0,2,0,0,0,12,12.0
923,Elijah Sohn,SHSU,TE,0,2,0,2,0,0,0,12,6.0
923,Ja'shon Benjamin,RUTG,RB,1,1,0,2,0,0,0,12,6.0
923,Cooper Rusk,TOL,WR,0,2,0,2,0,0,0,12,6.0
923,Jaivian Thomas,CAL,RB,1,1,0,2,0,0,0,12,6.0
923,Jekail Middlebrook,MTSU,RB,2,0,0,2,0,0,0,12,12.0
923,Isaac TeSlaa,ARK,WR,0,2,0,2,0,0,0,12,6.0
923,Jay Haynes,CLEM,RB,1,1,0,2,0,0,0,12,12.0
923,David Mbadinga,GASO,RB,2,0,0,2,0,0,0,12,6.0
923,Willie McCoy III,UTSA,WR,0,2,0,2,0,0,0,12,6.0
923,Prince Strachan,BOIS,WR,0,2,0,2,0,0,0,12,6.0
923,Dylan Carson,AFA,RB,2,0,0,2,0,0,0,12,6.0
923,Kelby Williams,ODU,WR,0,2,0,2,0,0,0,12,6.0
923,Jahdae Walker,TA&M,WR,0,2,0,2,0,0,0,12,6.0
923,Jacqez Barksdale,BUFF,RB,2,0,0,2,0,0,0,12,6.0
1241,Jake Larson,CLT,PK,0,0,0,0,2,5,0,11,2.7
1241,Reagan Tubbs,AFA,PK,0,0,0,0,1,8,0,11,3.6
1243,Jake Seibert,NIU,PK,0,0,0,0,2,4,0,10,2.5
1243,Joey Cheek,UTAH,PK,0,0,0,0,1,7,0,10,3.3
1243,Garrison Rippa,JVST,PK,0,0,0,0,2,4,0,10,10.0
1246,Wyett Ekeler,WYO,S,0,0,1,1,1,0,0,9,9.0
1246,Dante Jackson,AKR,PK,0,0,0,0,2,3,0,9,9.0
1246,Caden Costa,MISS,PK,0,0,0,0,1,6,0,9,3.0
1249,Stefan Cobbs,BOIS,WR,0,1,0,1,0,0,1,8,4.0
1249,Mohamed Kamara,CSU,EDGE,0,0,1,1,0,0,0,8,4.0
1249,Devin Price,FAU,WR,0,1,0,1,0,0,1,8,4.0
1249,Jordan Whittington,TEX,WR,0,1,0,1,0,0,1,8,8.0
1249,Quinton Lane,JVST,WR,0,1,0,1,0,0,1,8,4.0
1249,Logan Fife,FRES,QB,1,0,0,1,0,0,1,8,1.6
1249,Broc Lane,USU,TE,0,1,0,1,0,0,1,8,4.0
1249,Jayden Umbarger,NAVY,WR,0,1,0,1,0,0,1,8,4.0
1249,Drew Donley,TXST,WR,0,1,0,1,0,0,1,8,4.0
1249,Gavin Stewart,GT,PK,0,0,0,0,0,8,0,8,4.0
1249,Riley Nowakowski,WIS,TE,0,1,0,1,0,0,1,8,4.0
1249,Devon Tauaefa,HAW,TE,0,1,0,1,0,0,1,8,4.0
1249,Djouvensky Schlenbaker,WSU,RB,0,1,0,1,0,0,1,8,8.0
1249,Brayden Fowler-Nicolosi,CSU,QB,1,0,0,1,0,0,1,8,0.8
1249,Rico Flores Jr.,ND,WR,0,1,0,1,0,0,1,8,4.0
1249,Jake Boust,FRES,TE,0,1,0,1,0,0,1,8,4.0
1249,Buck Buchanan,LT,PK,0,0,0,0,2,2,0,8,2.6
1249,Chase Sowell,ECU,WR,0,1,0,1,0,0,1,8,4.0
1268,Sander Sahaydak,PSU,PK,0,0,0,0,0,7,0,7,1.7
1268,Adam Mihalek,FLA,PK,0,0,0,0,1,4,0,7,3.5
1268,Logan Ward,OKST,PK,0,0,0,0,0,7,0,7,3.5
1268,Kenyon Bowyer,EMU,PK,0,0,0,0,1,4,0,7,7.0
1268,Braxton Guilbeau,ULM,P,0,0,0,0,1,4,0,7,2.3
1268,Kameron Lake,MRSH,PK,0,0,0,0,1,4,0,7,7.0
1274,TeamIOWA,IOWA,-,0,0,0,0,0,0,0,6,2.0
1274,Will Rogers,MSST,QB,1,0,0,1,0,0,0,6,0.8
1274,Michael Dansby,SJSU,DB,0,0,1,1,0,0,0,6,6.0
1274,Chris Autman-Bell,MINN,WR,0,1,0,1,0,0,0,6,6.0
1274,Xavier Williams,KENT,RB,1,0,0,1,0,0,0,6,6.0
1274,Spencer Curtis,NEV,WR,0,1,0,1,0,0,0,6,6.0
1274,David Bailey,TA&M,RB,1,0,0,1,0,0,0,6,6.0
1274,Malik Langham,PUR,DL,0,0,1,1,0,0,0,6,6.0
1274,Jaylon Robinson,TCU,WR,0,1,0,1,0,0,0,6,6.0
1274,Ron Hardge III,CSU,DB,0,0,1,1,0,0,0,6,6.0
1274,Geordon Porter,CONN,WR,0,1,0,1,0,0,0,6,6.0
1274,Isaac Hodgins,ORST,DL,0,1,0,1,0,0,0,6,6.0
1274,Antonio Grier Jr.,ARK,LB,0,0,1,1,0,0,0,6,6.0
1274,Bryce Williams,MINN,RB,1,0,0,1,0,0,0,6,6.0
1274,Thomas Yassmin,UTAH,TE,0,1,0,1,0,0,0,6,6.0
1274,Colson Yankoff,UCLA,RB,1,0,0,1,0,0,0,6,6.0
1274,Layne Hatcher,BALL,QB,1,0,0,1,0,0,0,6,2.0
1274,Charlie Mangieri,NU,TE,0,1,0,1,0,0,0,6,6.0
1274,Thomas Pannunzio,CMU,WR,0,1,0,1,0,0,0,6,6.0
1274,George Takacs,BC,TE,0,1,0,1,0,0,0,6,6.0
1274,Asa Martin,TROY,RB,0,1,0,1,0,0,0,6,6.0
1274,Josh Proctor,OSU,S,0,0,1,1,0,0,0,6,6.0
1274,Blue Smith,WKU,WR,0,1,0,1,0,0,0,6,6.0
1274,Daniel George,AKR,WR,0,1,0,1,0,0,0,6,6.0
1274,Jack Plummer,LOU,QB,1,0,0,1,0,0,0,6,0.5
1274,Payton Wilson,NCSU,LB,0,0,1,1,0,0,0,6,6.0
1274,Devin Leary,UK,QB,1,0,0,1,0,0,0,6,0.4
1274,Malik Dunlap,TTU,CB,0,0,1,1,0,0,0,6,6.0
1274,Gunner Gentry,WYO,WR,0,1,0,1,0,0,0,6,6.0
1274,Josiah Johnson,OKST,TE,0,1,0,1,0,0,0,6,6.0
1274,Byron Vaughns,BAY,LB,0,0,1,1,0,0,0,6,6.0
1274,Sterling Galban,JVST,WR,0,1,0,1,0,0,0,6,6.0
1274,TJ Banks,AKR,TE,0,1,0,1,0,0,0,6,6.0
1274,Keni-H Lovely,WMU,CB,0,0,1,1,0,0,0,6,6.0
1274,Carter Bradley,USA,QB,1,0,0,1,0,0,0,6,0.6
1274,Keye Thompson,OHIO,LB,0,0,1,1,0,0,0,6,6.0
1274,Davis Brin,GASO,QB,1,0,0,1,0,0,0,6,0.5
1274,Mark Pope,MASS,WR,0,1,0,1,0,0,0,6,6.0
1274,Jarron Morris,FAU,DB,0,0,1,1,0,0,0,6,6.0
1274,Gunnar Watson,TROY,QB,1,0,0,1,0,0,0,6,0.4
1274,Dominic Gicinto,UNLV,WR,0,1,0,1,0,0,0,6,6.0
1274,Brendon Harris,WAKE,S,0,0,1,1,0,0,0,6,6.0
1274,Dashaun Jerkins,MASS,S,0,0,1,1,0,0,0,6,6.0
1274,Beanie Bishop Jr.,WVU,CB,0,0,1,1,0,0,0,6,6.0
1274,Patrick Mensah,UL,S,0,0,1,1,0,0,0,6,6.0
1274,Dylan Hopkins,UNM,QB,1,0,0,1,0,0,0,6,0.8
1274,Freddie Roberson,MSST,WR,0,1,0,1,0,0,0,6,6.0
1274,Sherod White,UNM,RB,1,0,0,1,0,0,0,6,6.0
1274,Jeff Undercuffler Jr.,AKR,QB,1,0,0,1,0,0,0,6,2.0
1274,Alex Johnson,UCLA,DB,0,0,1,1,0,0,0,6,6.0
1274,Matt Alaimo,CCU,TE,0,1,0,1,0,0,0,6,6.0
1274,Jax Sherrard,SHSU,TE,0,1,0,1,0,0,0,6,6.0
1274,Nolan Quinlan,ULM,TE,0,1,0,1,0,0,0,6,6.0
1274,Ahmad Edwards,BALL,WR,0,1,0,1,0,0,0,6,6.0
1274,Malik Feaster,MEM,DB,0,0,1,1,0,0,0,6,6.0
1274,Ja'Terious Evans,ULM,LB,0,0,1,1,0,0,0,6,6.0
1274,Landon Parker,TROY,WR,0,1,0,1,0,0,0,6,6.0
1274,Max Wright,TA&M,TE,0,1,0,1,0,0,0,6,6.0
1274,Monroe Young,CAL,WR,0,1,0,1,0,0,0,6,6.0
1274,Phil Jurkovec,PITT,QB,1,0,0,1,0,0,0,6,2.0
1274,Joe Wilkins Jr.,M-OH,WR,0,1,0,1,0,0,0,6,6.0
1274,Joshua Fleeks,NEB,WR,1,0,0,1,0,0,0,6,6.0
1274,Seth Porter,KSU,WR,0,1,0,1,0,0,0,6,6.0
1274,Billy Bowens,BOIS,WR,0,1,0,1,0,0,0,6,6.0
1274,Riley Smith,BOIS,TE,0,1,0,1,0,0,0,6,6.0
1274,Tyneil Hopper,MSU,TE,0,1,0,1,0,0,0,6,6.0
1274,Isaah Crocker,NEV,WR,0,1,0,1,0,0,0,6,6.0
1274,Desmond Trotter,USA,QB,1,0,0,1,0,0,0,6,3.0
1274,Jesiah Irish,ORST,WR,0,1,0,1,0,0,0,6,6.0
1274,Rweha Munyagi Jr.,ORST,WR,0,1,0,1,0,0,0,6,6.0
1274,Andrew Erickson,UNM,WR,0,1,0,1,0,0,0,6,6.0
1274,Isaiah Hamilton,WSU,WR,0,1,0,1,0,0,0,6,6.0
1274,Shelton Zeon III,UNLV,TE,0,1,0,1,0,0,0,6,6.0
1274,Edefuan Ulofoshio,WASH,LB,0,0,1,1,0,0,0,6,6.0
1274,JT Daniels,RICE,QB,1,0,0,1,0,0,0,6,0.6
1274,Tauskie Dove,MEM,WR,0,1,0,1,0,0,0,6,6.0
1274,Trevor Williams,SHSU,LB,0,0,1,1,0,0,0,6,6.0
1274,Devin Maddox,TOL,WR,0,1,0,1,0,0,0,6,6.0
1274,John Emery Jr.,LSU,RB,1,0,0,1,0,0,0,6,6.0
1274,Bru McCoy,TENN,WR,0,1,0,1,0,0,0,6,6.0
1274,Kyle Ford,UCLA,WR,0,1,0,1,0,0,0,6,6.0
1274,Austin Stogner,OU,TE,0,1,0,1,0,0,0,6,6.0
1274,Devyn Ford,ND,RB,0,1,0,1,0,0,0,6,6.0
1274,Jarrian Jones,FSU,CB,0,0,1,1,0,0,0,6,6.0
1274,Boobie Curry,BUFF,WR,0,1,0,1,0,0,0,6,6.0
1274,Chase Lane,GT,WR,0,1,0,1,0,0,0,6,6.0
1274,Cornelius Johnson,MICH,WR,0,1,0,1,0,0,0,6,6.0
1274,Shilo Sanders,COLO,S,0,0,1,1,0,0,0,6,6.0
1274,Keenan Garber,KSU,CB,0,0,1,1,0,0,0,6,6.0
1274,Elijah Alston,MRSH,DL,0,0,1,1,0,0,0,6,6.0
1274,Chike Anigbogu,RICE,S,0,0,1,1,0,0,0,6,6.0
1274,Darwin Barlow,USC,RB,1,0,0,1,0,0,0,6,6.0
1274,Micah Bernard,UTAH,RB,1,0,0,1,0,0,0,6,6.0
1274,Ahmarean Brown,SC,WR,0,1,0,1,0,0,0,6,6.0
1274,Jett Bush,TEX,LB,0,0,1,1,0,0,0,6,6.0
1274,Sebastian Castro,IOWA,S,0,0,1,1,0,0,0,6,6.0
1274,DeWayne Carter,DUKE,DT,0,0,1,1,0,0,0,6,6.0
1274,Kenan Christon II,SDSU,RB,0,1,0,1,0,0,0,6,6.0
1274,Kevens Clercius,CONN,WR,0,1,0,1,0,0,0,6,6.0
1274,MJ Devonshire Jr.,PITT,CB,0,0,1,1,0,0,0,6,6.0
1274,Brian Driscoll,CAL,OL,1,0,0,1,0,0,0,6,6.0
1274,Jaylen McCollough,TENN,DB,0,0,1,1,0,0,0,6,6.0
1274,Zakhari Franklin,MISS,WR,0,1,0,1,0,0,0,6,6.0
1274,Kendre Gant,UL,LB,0,0,1,1,0,0,0,6,6.0
1274,Velton Gardner,SMU,RB,1,0,0,1,0,0,0,6,6.0
1274,Kalen DeLoach,FSU,LB,0,0,1,1,0,0,0,6,6.0
1274,Jarrett Guest,CCU,QB,1,0,0,1,0,0,0,6,1.5
1274,Kamal Hadden,TENN,CB,0,0,1,1,0,0,0,6,6.0
1274,Kobe Hilton,M-OH,DL,0,0,1,1,0,0,0,6,6.0
1274,Eugene Asante,AUB,LB,0,0,1,1,0,0,0,6,6.0
1274,Giles Jackson,WASH,WR,0,1,0,1,0,0,0,6,6.0
1274,Khadry Jackson,GASO,LB,0,0,1,1,0,0,0,6,6.0
1274,Anthony Adkins,UCLA,RB,1,0,0,1,0,0,0,6,6.0
1274,Hayden Junker,KENT,TE,0,1,0,1,0,0,0,6,6.0
1274,JT Killen,CCU,LB,0,0,1,1,0,0,0,6,6.0
1274,Keshawn King,WMU,RB,1,0,0,1,0,0,0,6,6.0
1274,Demetrius Knight Jr.,CLT,LB,0,0,1,1,0,0,0,6,6.0
1274,Cole Kramer,MINN,QB,1,0,0,1,0,0,0,6,6.0
1274,Torry Locklin,KU,RB,0,1,0,1,0,0,0,6,6.0
1274,Kenny Logan Jr.,KU,S,0,0,1,1,0,0,0,6,6.0
1274,Tony Mathis Jr.,HOU,RB,0,1,0,1,0,0,0,6,6.0
1274,Nolan Matthews-Harris,SMU,TE,0,1,0,1,0,0,0,6,6.0
1274,Grayson McCall,CCU,QB,1,0,0,1,0,0,0,6,0.8
1274,Dontae McMillan,EMU,RB,1,0,0,1,0,0,0,6,6.0
1274,Malikhi Miller,SJSU,WR,0,1,0,1,0,0,0,6,6.0
1274,Mehki Miller,NMSU,LB,0,0,1,1,0,0,0,6,6.0
1274,Dane Motley,ARST,LB,0,0,1,1,0,0,0,6,6.0
1274,Kalani Norris,MTSU,WR,0,1,0,1,0,0,0,6,6.0
1274,Kendric Nowling,EMU,LB,0,0,1,1,0,0,0,6,6.0
1274,Justin Olson,MTSU,WR,0,1,0,1,0,0,0,6,6.0
1274,Brionne Penny,SDSU,WR,0,1,0,1,0,0,0,6,6.0
1274,Kori Roberson Jr.,SMU,DT,0,0,1,1,0,0,0,6,6.0
1274,Isaiah Rutherford,MASS,DB,0,0,1,1,0,0,0,6,6.0
1274,Reddy Steward,TROY,CB,0,0,1,1,0,0,0,6,6.0
1274,Melquan Stovall,ASU,WR,1,0,0,1,0,0,0,6,6.0
1274,T'Vondre Sweat,TEX,DT,0,1,0,1,0,0,0,6,6.0
1274,Yusuf Terry,USF,WR,0,1,0,1,0,0,0,6,6.0
1274,Charlie Vincent,UTAH,RB,1,0,0,1,0,0,0,6,6.0
1274,Jacob Bernard,UL,WR,0,1,0,1,0,0,0,6,6.0
1274,Christian Wells,MASS,WR,0,1,0,1,0,0,0,6,6.0
1274,Jude Wolfe,USC,TE,0,1,0,1,0,0,0,6,6.0
1274,Chris Braswell,ALA,EDGE,0,0,1,1,0,0,0,6,6.0
1274,Demarkcus Bowman,UCF,RB,1,0,0,1,0,0,0,6,6.0
1274,Major Burns,LSU,S,0,0,1,1,0,0,0,6,6.0
1274,Jeff Sims,NEB,QB,1,0,0,1,0,0,0,6,3.0
1274,Tonka Hemingway,SC,DT,1,0,0,1,0,0,0,6,6.0
1274,Gee Scott Jr.,OSU,TE,0,1,0,1,0,0,0,6,6.0
1274,Kalel Mullings,MICH,RB,1,0,0,1,0,0,0,6,6.0
1274,Mike Drennen II,TOL,RB,1,0,0,1,0,0,0,6,6.0
1274,John Humphreys,STAN,WR,0,1,0,1,0,0,0,6,6.0
1274,Jaiden Francois,USU,LB,0,0,1,1,0,0,0,6,6.0
1274,Sam Adams II,WASH,RB,1,0,0,1,0,0,0,6,6.0
1274,Zae Baines,TEM,WR,0,1,0,1,0,0,0,6,6.0
1274,Jaylon Barden,GASO,WR,0,1,0,1,0,0,0,6,6.0
1274,Cobee Bryant,KU,CB,0,0,1,1,0,0,0,6,6.0
1274,Sevaughn Clark,UGA,RB,1,0,0,1,0,0,0,6,6.0
1274,Mikele Colasurdo,GAST,QB,1,0,0,1,0,0,0,6,6.0
1274,Brandon Crum,USA,TE,0,1,0,1,0,0,0,6,6.0
1274,Dom D'Antonio,NU,OL,1,0,0,1,0,0,0,6,6.0
1274,Doug Brumfield,UNLV,QB,1,0,0,1,0,0,0,6,6.0
1274,Justice Ellison,WAKE,RB,1,0,0,1,0,0,0,6,6.0
1274,Konner Fox,TXST,TE,0,1,0,1,0,0,0,6,6.0
1274,Patrick Garwo III,BC,RB,1,0,0,1,0,0,0,6,6.0
1274,Jalen Geiger,UK,S,0,0,1,1,0,0,0,6,6.0
1274,DeMarcus Harris,MRSH,WR,0,1,0,1,0,0,0,6,6.0
1274,Jimmy Calloway,LOU,WR,0,0,1,1,0,0,0,6,6.0
1274,Kobie Campbell,RICE,WR,0,1,0,1,0,0,0,6,6.0
1274,Latrell Jean,FAU,DT,0,0,1,1,0,0,0,6,6.0
1274,Jayden Jernigan,MIZ,DL,0,0,1,1,0,0,0,6,6.0
1274,Marshawn Kneeland,WMU,EDGE,1,0,0,1,0,0,0,6,6.0
1274,Shedro Louis,TULN,RB,0,0,1,1,0,0,0,6,6.0
1274,Dominique Johnson,ARK,RB,1,0,0,1,0,0,0,6,6.0
1274,Deshawn McCuin,SDSU,S,0,0,1,1,0,0,0,6,6.0
1274,Griffin Moore,ILL,TE,0,1,0,1,0,0,0,6,6.0
1274,Latrele Palmer,JMU,RB,1,0,0,1,0,0,0,6,6.0
1274,JuTahn McClain,UK,RB,1,0,0,1,0,0,0,6,6.0
1274,Aidan Robbins,BYU,RB,1,0,0,1,0,0,0,6,6.0
1274,Chris Russell,TA&M,LB,0,0,1,1,0,0,0,6,6.0
1274,Will Nixon,WASH,RB,1,0,0,1,0,0,0,6,6.0
1274,Stanley Ta'ufo'ou,USC,DL,0,0,1,1,0,0,0,6,6.0
1274,Zac Welch,NEV,OL,0,0,1,1,0,0,0,6,6.0
1274,Grant Wells,VT,QB,1,0,0,1,0,0,0,6,3.0
1274,Curley Young Jr.,JVST,EDGE,0,0,1,1,0,0,0,6,6.0
1274,Daniyel Ngata,WASH,RB,1,0,0,1,0,0,0,6,6.0
1274,EJ Smith,STAN,RB,1,0,0,1,0,0,0,6,6.0
1274,Michael Alaimo,KENT,QB,1,0,0,1,0,0,0,6,3.0
1274,Chubba Purdy,NEB,QB,1,0,0,1,0,0,0,6,3.0
1274,Jalen Berger,MSU,RB,1,0,0,1,0,0,0,6,6.0
1274,Jaden Dottin,TOL,S,0,1,0,1,0,0,0,6,6.0
1274,Lorando Johnson,ARK,CB,0,0,1,1,0,0,0,6,6.0
1274,Alex Huntley,SC,DT,0,1,0,1,0,0,0,6,6.0
1274,Jerrin Thompson,TEX,S,0,0,1,1,0,0,0,6,6.0
1274,Jadon Thompson,LOU,WR,0,1,0,1,0,0,0,6,6.0
1274,Brian Battie,AUB,RB,1,0,0,1,0,0,0,6,6.0
1274,Xavier Watts,ND,S,0,0,1,1,0,0,0,6,6.0
1274,Christian Fitzpatrick,MSU,WR,0,1,0,1,0,0,0,6,6.0
1274,Cal Haladay,MSU,LB,0,0,1,1,0,0,0,6,6.0
1274,D'Eryk Jackson,UK,LB,0,0,1,1,0,0,0,6,6.0
1274,Malachai Jones,TLSA,S,0,1,0,1,0,0,0,6,6.0
1274,Deion Colzie,ND,WR,0,1,0,1,0,0,0,6,6.0
1274,Clarence Lewis,ND,DB,0,0,1,1,0,0,0,6,6.0
1274,Qian Magwood,BALL,WR,0,1,0,1,0,0,0,6,6.0
1274,Gunner Maldonado,ARIZ,S,0,0,1,1,0,0,0,6,6.0
1274,Chimere Dike,WIS,WR,0,1,0,1,0,0,0,6,6.0
1274,Tamatoa Mokiao-Atimalala,HAW,WR,1,0,0,1,0,0,0,6,6.0
1274,Christian Moore,KSU,TE,0,1,0,1,0,0,0,6,6.0
1274,Devonte Golden-Nelson,AKR,CB,0,0,1,1,0,0,0,6,6.0
1274,Dylan Downing,PUR,RB,1,0,0,1,0,0,0,6,6.0
1274,Jordan Mosley,MSST,WR,0,1,0,1,0,0,0,6,6.0
1274,Tyler Buchner,ALA,WR,1,0,0,1,0,0,0,6,6.0
1274,Brandon Buckhaulter,UAB,WR,0,1,0,1,0,0,0,6,6.0
1274,Calen Bullock,USC,S,0,0,1,1,0,0,0,6,6.0
1274,Nolan Rucci,WIS,OL,0,1,0,1,0,0,0,6,6.0
1274,Jarris Williams,TROY,RB,1,0,0,1,0,0,0,6,6.0
1274,Tyleik Williams,OSU,DT,0,0,1,1,0,0,0,6,6.0
1274,Tyrell Davis,GASO,DB,0,0,1,1,0,0,0,6,6.0
1274,JaQues Evans,WKU,LB,0,0,1,1,0,0,0,6,6.0
1274,Casey Filkins,STAN,RB,1,0,0,1,0,0,0,6,6.0
1274,Tyler Grubbs,TULN,LB,0,0,1,1,0,0,0,6,6.0
1274,Ramon Henderson,ND,DB,0,0,1,1,0,0,0,6,6.0
1274,Jacob Hopper,USA,TE,0,1,0,1,0,0,0,6,6.0
1274,Deshawn Jones Jr.,BGSU,CB,0,0,1,1,0,0,0,6,6.0
1274,Trevor Kardell,KU,TE,0,1,0,1,0,0,0,6,6.0
1274,DJ Lundy,FSU,LB,1,0,0,1,0,0,0,6,6.0
1274,Nate McCollum,UNC,WR,0,1,0,1,0,0,0,6,6.0
1274,Nate Muersch,M-OH,TE,0,1,0,1,0,0,0,6,6.0
1274,Jake Roberts,BAY,TE,0,1,0,1,0,0,0,6,6.0
1274,Kahlil Brantley,FAU,TE,0,1,0,1,0,0,0,6,6.0
1274,Carlos Del Rio-Wilson,SYR,QB,1,0,0,1,0,0,0,6,3.0
1274,Thad Franklin Jr.,ULM,RB,1,0,0,1,0,0,0,6,6.0
1274,Antonio Harmon,MSST,WR,0,1,0,1,0,0,0,6,6.0
1274,Dontavius Nash,ECU,DB,0,0,1,1,0,0,0,6,6.0
1274,Sawyer Robertson,BAY,QB,1,0,0,1,0,0,0,6,2.0
1274,Jermaine Terry II,ORST,TE,0,1,0,1,0,0,0,6,6.0
1274,Dont'e Thornton Jr.,TENN,WR,0,1,0,1,0,0,0,6,6.0
1274,Jeremiah Trotter Jr.,CLEM,LB,0,0,1,1,0,0,0,6,6.0
1274,Sean Jackson,AUB,RB,1,0,0,1,0,0,0,6,6.0
1274,Eric Rogers,RUTG,DB,0,0,1,1,0,0,0,6,6.0
1274,Trevonte Sylvester,LOU,OL,0,1,0,1,0,0,0,6,6.0
1274,Cedric Woods,LT,DB,0,0,1,1,0,0,0,6,6.0
1274,Ben Yurosek,STAN,TE,0,1,0,1,0,0,0,6,6.0
1274,Daylan Carnell,MIZ,S,0,0,1,1,0,0,0,6,6.0
1274,Timmy McClain,UCF,QB,1,0,0,1,0,0,0,6,1.5
1274,Will Swanson,KSU,TE,0,1,0,1,0,0,0,6,6.0
1274,Joshua Rawlings,UVA,TE,0,1,0,1,0,0,0,6,6.0
1274,Aamaris Brown,USF,DB,0,0,1,1,0,0,0,6,6.0
1274,Jere Getzinger,EMU,TE,0,1,0,1,0,0,0,6,6.0
1274,Jordan Brunson,M-OH,RB,1,0,0,1,0,0,0,6,6.0
1274,Roman Parodie,OHIO,CB,0,0,1,1,0,0,0,6,6.0
1274,Tyree Skipper,UL,S,0,0,1,1,0,0,0,6,6.0
1274,James Bomba,IU,TE,0,1,0,1,0,0,0,6,6.0
1274,Diante Vines,IOWA,WR,0,1,0,1,0,0,0,6,6.0
1274,Omarion Dollison,JMU,WR,0,1,0,1,0,0,0,6,6.0
1274,Kydran Jenkins,PUR,EDGE,0,0,1,1,0,0,0,6,6.0
1274,Lake McRee,USC,TE,0,1,0,1,0,0,0,6,6.0
1274,Marcus Banks,MSST,S,0,0,1,1,0,0,0,6,6.0
1274,Mark-Antony Richards,UCF,RB,1,0,0,1,0,0,0,6,6.0
1274,Jaylin Simpson,AUB,S,0,0,1,1,0,0,0,6,6.0
1274,Darion Williamson,FSU,WR,0,1,0,1,0,0,0,6,6.0
1274,Jsi Hatfield,ECU,WR,0,1,0,1,0,0,0,6,6.0
1274,Javon Ivory,USA,WR,0,1,0,1,0,0,0,6,6.0
1274,Justin Ball,VAN,TE,0,1,0,1,0,0,0,6,6.0
1274,Grayson James,FIU,QB,1,0,0,1,0,0,0,6,6.0
1274,Taji Hudson,JMU,WR,0,1,0,1,0,0,0,6,3.0
1274,Garrett Nussmeier,LSU,QB,1,0,0,1,0,0,0,6,2.0
1274,K'Wan Powell,USF,RB,1,0,0,1,0,0,0,6,6.0
1274,Keionte Newson,BALL,LB,0,0,1,1,0,0,0,6,6.0
1274,Jaylen Coleman,DUKE,RB,1,0,0,1,0,0,0,6,6.0
1274,Demarcus Jones II,NCSU,RB,1,0,0,1,0,0,0,6,6.0
1274,Adrian Cole,FIU,CB,0,0,1,1,0,0,0,6,6.0
1274,Jackson Mitchell,CONN,LB,0,0,1,1,0,0,0,6,6.0
1274,Charles Ross,SJSU,WR,0,1,0,1,0,0,0,6,6.0
1274,Nick Rempert,TLSA,WR,0,1,0,1,0,0,0,6,6.0
1274,Jonathan McGill,SMU,S,0,0,1,1,0,0,0,6,6.0
1274,Millard Bradford,TCU,S,0,0,1,1,0,0,0,6,6.0
1274,Xavier White,TTU,WR,0,1,0,1,0,0,0,6,6.0
1274,Miki Suguturaga,UTAH,TE,0,1,0,1,0,0,0,6,6.0
1274,Mishael Powell,WASH,DB,0,0,1,1,0,0,0,6,6.0
1274,Thomas Gordon,NU,TE,0,1,0,1,0,0,0,6,6.0
1274,Justin Johnson Jr.,WVU,RB,1,0,0,1,0,0,0,6,6.0
1274,Ryan Marquez,WYO,WR,0,1,0,1,0,0,0,6,6.0
1274,Keanu Hill,BYU,TE,0,1,0,1,0,0,0,6,6.0
1274,Jason Simmons Jr.,SYR,DB,0,0,1,1,0,0,0,6,6.0
1274,Cole Snyder,BUFF,QB,1,0,0,1,0,0,0,6,0.6
1274,Samario Rudolph,UAB,WR,0,1,0,1,0,0,0,6,6.0
1274,Ryan Davis,UNM,WR,0,1,0,1,0,0,0,6,6.0
1274,Jack Bradley,RICE,TE,0,1,0,1,0,0,0,6,6.0
1274,Jonah Panoke,HAW,WR,0,1,0,1,0,0,0,6,6.0
1274,Adam Jones,ARST,WR,0,1,0,1,0,0,0,6,6.0
1274,Chris McDonald,TOL,CB,0,0,1,1,0,0,0,6,6.0
1274,Joshua Gray,ORST,G,1,0,0,1,0,0,0,6,6.0
1274,Richard Kinley,MTSU,DL,0,0,1,1,0,0,0,6,6.0
1274,Devin Voisin,USA,WR,0,1,0,1,0,0,0,6,6.0
1274,Aaron Beasley,TENN,LB,0,0,1,1,0,0,0,6,6.0
1274,Trevian Thomas,ARST,S,0,0,1,1,0,0,0,6,6.0
1274,Bayne Tryon,TLSA,TE,0,1,0,1,0,0,0,6,6.0
1274,Owen McGowan,BC,LB,0,1,0,1,0,0,0,6,6.0
1274,Kam Brown,UCLA,WR,0,1,0,1,0,0,0,6,6.0
1274,Bryce Butler,OHIO,TE,0,1,0,1,0,0,0,6,6.0
1274,Gavin Pringle,GAST,CB,0,0,1,1,0,0,0,6,6.0
1274,Keegan Shoemaker,SHSU,QB,1,0,0,1,0,0,0,6,0.7
1274,Leon Franklin,MICH,RB,1,0,0,1,0,0,0,6,6.0
1274,Jeremiah Webb,USA,WR,0,1,0,1,0,0,0,6,6.0
1274,Jalen Green,JMU,DL,0,0,1,1,0,0,0,6,6.0
1274,Tyrese Chambers,MD,WR,0,1,0,1,0,0,0,6,6.0
1274,Isaiah Washington,RUTG,WR,0,1,0,1,0,0,0,6,6.0
1274,Dylan Leonard,GT,TE,0,1,0,1,0,0,0,6,6.0
1274,Nick Harris,CONN,TE,0,1,0,1,0,0,0,6,6.0
1274,Aveon Smith,M-OH,QB,1,0,0,1,0,0,0,6,3.0
1274,Sevion Morrison,KU,RB,1,0,0,1,0,0,0,6,6.0
1274,AJ Barner,MICH,TE,0,1,0,1,0,0,0,6,6.0
1274,Alijah Huzzie,UNC,CB,0,0,1,1,0,0,0,6,6.0
1274,Jordan Younge-Humphrey,UNLV,RB,1,0,0,1,0,0,0,6,6.0
1274,Jaden Walley,MSST,WR,0,1,0,1,0,0,0,6,6.0
1274,Kaleb Culp,TXST,S,0,0,1,1,0,0,0,6,6.0
1274,Kaylon Horton,UNT,WR,0,1,0,1,0,0,0,6,6.0
1274,Andrel Anthony,OU,WR,0,1,0,1,0,0,0,6,6.0
1274,Cam'Ron Valdez,TTU,RB,1,0,0,1,0,0,0,6,6.0
1274,Troy Stellato,CLEM,WR,0,1,0,1,0,0,0,6,6.0
1274,Jameson Geers,MINN,TE,0,1,0,1,0,0,0,6,6.0
1274,Brady Lichtenberg,CIN,QB,1,0,0,1,0,0,0,6,3.0
1274,Alec Mock,AFA,LB,0,0,1,1,0,0,0,6,6.0
1274,Michael Jackson III,USC,WR,0,1,0,1,0,0,0,6,6.0
1274,Michael Trigg,MISS,TE,0,1,0,1,0,0,0,6,6.0
1274,Caleb Hood,UNC,RB,1,0,0,1,0,0,0,6,6.0
1274,Oronde Gadsden,SYR,TE,0,1,0,1,0,0,0,6,6.0
1274,Gabe Ervin Jr.,NEB,RB,1,0,0,1,0,0,0,6,6.0
1274,Le'Meke Brockington,MINN,WR,0,1,0,1,0,0,0,6,6.0
1274,Kamren Kinchens,MIA,S,0,0,1,1,0,0,0,6,6.0
1274,Jordan Hancock,OSU,CB,0,0,1,1,0,0,0,6,6.0
1274,Mikey Keene,FRES,QB,1,0,0,1,0,0,0,6,0.6
1274,Al-Jay Henderson,BUFF,RB,1,0,0,1,0,0,0,6,6.0
1274,Jordan Oladokun,BGSU,CB,0,0,1,1,0,0,0,6,6.0
1274,Nate Wiggins,CLEM,CB,0,0,1,1,0,0,0,6,6.0
1274,Ike Larsen,USU,S,0,0,1,1,0,0,0,6,6.0
1274,Jeffrey Bassa,ORE,LB,0,0,1,1,0,0,0,6,6.0
1274,Jordan Poole,NCSU,RB,0,1,0,1,0,0,0,6,6.0
1274,Terrence Williams,UL,LB,1,0,0,1,0,0,0,6,6.0
1274,Jared Ivey,MISS,EDGE,0,0,1,1,0,0,0,6,6.0
1274,Terry Wilkins,MTSU,RB,1,0,0,1,0,0,0,6,6.0
1274,EJ Horton Jr.,WVU,WR,0,1,0,1,0,0,0,6,6.0
1274,Caleb Driskill,WYO,FB,0,1,0,1,0,0,0,6,6.0
1274,Maximilian Mang,SYR,TE,0,1,0,1,0,0,0,6,6.0
1274,Trey Walker,IU,TE,0,1,0,1,0,0,0,6,6.0
1274,Khari Johnson,BC,DB,0,0,1,1,0,0,0,6,6.0
1274,Jaison Patterson,BGSU,RB,1,0,0,1,0,0,0,6,6.0
1274,Jakob Robinson,BYU,CB,0,0,1,1,0,0,0,6,6.0
1274,Devontae Houston,CONN,RB,0,1,0,1,0,0,0,6,6.0
1274,Obie Sanni,ODU,RB,1,0,0,1,0,0,0,6,6.0
1274,Marques Watson-Trent,GASO,LB,0,0,1,1,0,0,0,6,6.0
1274,Will Benton IV,SMU,LS,0,0,1,1,0,0,0,6,6.0
1274,Jake Clemons,CLT,TE,0,1,0,1,0,0,0,6,6.0
1274,Duece Jones,UNM,DB,0,1,0,1,0,0,0,6,6.0
1274,Gunnar Greenwald,USF,TE,0,1,0,1,0,0,0,6,6.0
1274,Stone Eby,SMU,TE,0,1,0,1,0,0,0,6,6.0
1274,Ricardo Hallman,WIS,CB,0,0,1,1,0,0,0,6,6.0
1274,Malik McClain,PSU,WR,0,1,0,1,0,0,0,6,6.0
1274,Cooper DeJean,IOWA,CB,0,0,1,1,0,0,0,6,6.0
1274,Al-Shadee Salaam,RUTG,DB,1,0,0,1,0,0,0,6,6.0
1274,Jeremiah Ballard,UTEP,WR,0,1,0,1,0,0,0,6,6.0
1274,Luke Wysong,UNM,WR,0,1,0,1,0,0,0,6,6.0
1274,Ke'Travion Hargrove,MEM,RB,1,0,0,1,0,0,0,6,6.0
1274,Billy Wiles,USM,QB,1,0,0,1,0,0,0,6,0.8
1274,Tyler Moore,ISU,TE,0,1,0,1,0,0,0,6,6.0
1274,Skyler Bell,WIS,WR,0,1,0,1,0,0,0,6,6.0
1274,Drew Biber,PUR,TE,0,1,0,1,0,0,0,6,6.0
1274,Nate Yarnell,PITT,QB,1,0,0,1,0,0,0,6,2.0
1274,Branden Alvarez,SJSU,WR,0,1,0,1,0,0,0,6,6.0
1274,Danny Stutsman,OU,LB,0,0,1,1,0,0,0,6,6.0
1274,Kendall Long,SYR,WR,0,1,0,1,0,0,0,6,6.0
1274,Mitchell Evans,ND,TE,0,1,0,1,0,0,0,6,6.0
1274,Justin Lynch,NIU,WR,1,0,0,1,0,0,0,6,3.0
1274,Tanner Arkin,ILL,TE,0,1,0,1,0,0,0,6,6.0
1274,Xavier Coleman,BC,RB,1,0,0,1,0,0,0,6,6.0
1274,Bill Jackson,TLSA,RB,1,0,0,1,0,0,0,6,6.0
1274,Cameron Friel,UNLV,QB,1,0,0,1,0,0,0,6,6.0
1274,RJ Garcia II,KSU,WR,0,1,0,1,0,0,0,6,6.0
1274,Garner Wallace,NU,DB,0,0,1,1,0,0,0,6,6.0
1274,Tobias Fletcher,CCU,S,0,0,1,1,0,0,0,6,6.0
1274,Shi'Keem Laister,TULN,S,0,0,1,1,0,0,0,6,6.0
1274,Josh Moten,MRSH,CB,0,0,1,1,0,0,0,6,6.0
1274,Blake Smith,OU,TE,0,1,0,1,0,0,0,6,6.0
1274,Tyler Van Dyke,MIA,QB,1,0,0,1,0,0,0,6,0.7
1274,Jaden Hicks,WSU,S,0,0,1,1,0,0,0,6,6.0
1274,Michael Allen,NCSU,RB,1,0,0,1,0,0,0,6,6.0
1274,Henry Belin IV,DUKE,QB,1,0,0,1,0,0,0,6,3.0
1274,Raleek Brown,USC,RB,1,0,0,1,0,0,0,6,6.0
1274,Jovantae Barnes,OU,RB,1,0,0,1,0,0,0,6,6.0
1274,Stone Blanton,SC,LB,0,0,1,1,0,0,0,6,6.0
1274,Lander Barton,UTAH,LB,0,0,1,1,0,0,0,6,6.0
1274,Janiran Bonner,NEB,WR,1,0,0,1,0,0,0,6,6.0
1274,Kaleb Brown,IOWA,WR,0,1,0,1,0,0,0,6,6.0
1274,Jihaad Campbell,ALA,LB,0,0,1,1,0,0,0,6,6.0
1274,Tychaun Chapman,UNC,WR,0,1,0,1,0,0,0,6,6.0
1274,Antonio Gates Jr.,MSU,WR,0,1,0,1,0,0,0,6,6.0
1274,Benji Gosnell,VT,TE,0,1,0,1,0,0,0,6,6.0
1274,Rodney Hill,FSU,RB,1,0,0,1,0,0,0,6,6.0
1274,Isaiah Horton,MIA,WR,0,1,0,1,0,0,0,6,6.0
1274,Preston Howard,MD,TE,0,1,0,1,0,0,0,6,6.0
1274,Will Johnson,MICH,CB,0,0,1,1,0,0,0,6,6.0
1274,Rayshon Luke,ARIZ,RB,1,0,0,1,0,0,0,6,6.0
1274,Nicco Marchiol,WVU,QB,1,0,0,1,0,0,0,6,2.0
1274,Derrick Moore,MICH,EDGE,0,0,1,1,0,0,0,6,6.0
1274,Tyler Morris,MICH,WR,0,1,0,1,0,0,0,6,6.0
1274,Jaden Mickey,ND,DB,0,0,1,1,0,0,0,6,6.0
1274,Keenan Nelson Jr.,SC,DB,0,0,1,1,0,0,0,6,6.0
1274,Alex Orji,MICH,QB,1,0,0,1,0,0,0,6,6.0
1274,Harold Perkins Jr.,LSU,LB,1,0,0,1,0,0,0,6,6.0
1274,Keon Sabb,MICH,DB,0,0,1,1,0,0,0,6,6.0
1274,Kaden Saunders,PSU,WR,0,1,0,1,0,0,0,6,6.0
1274,Shemar Stewart,TA&M,EDGE,0,0,1,1,0,0,0,6,6.0
1274,Kenvontre Bradford,LSU,RB,1,0,0,1,0,0,0,6,6.0
1274,Derrick Graham,TROY,OL,1,0,0,1,0,0,0,6,6.0
1274,Bryce Childress,NMSU,WR,0,1,0,1,0,0,0,6,6.0
1274,Camari Williams,NAVY,WR,0,1,0,1,0,0,0,6,6.0
1274,Jordan Brown,TTU,WR,0,1,0,1,0,0,0,6,6.0
1274,Stevo Klotz,ISU,TE,0,1,0,1,0,0,0,6,6.0
1274,Bryce Bailey,MTSU,WR,0,1,0,1,0,0,0,6,6.0
1274,Chris Carpenter,UTSA,WR,0,0,1,1,0,0,0,6,6.0
1274,Cooper Jones,USU,WR,1,0,0,1,0,0,0,6,6.0
1274,Tsion Nunnally,WSU,WR,0,1,0,1,0,0,0,6,6.0
1274,Joshua Meredith,WSU,WR,0,1,0,1,0,0,0,6,6.0
1274,Jordan Bly,ODU,WR,0,1,0,1,0,0,0,6,6.0
1274,Malachi Holt-Bennett,UAB,WR,0,1,0,1,0,0,0,6,6.0
1274,Nash Jones,TXST,OL,1,0,0,1,0,0,0,6,6.0
1274,Jyzaiah Rockwell,SHSU,WR,0,1,0,1,0,0,0,6,6.0
1274,Jake McConnachie,PITT,WR,0,1,0,1,0,0,0,6,6.0
1274,Bryce Kennon,CLT,TE,0,1,0,1,0,0,0,6,6.0
1274,Chase Ketterer,ND,RB,1,0,0,1,0,0,0,6,6.0
1274,Ty Robinson,BALL,WR,0,1,0,1,0,0,0,6,6.0
1274,Bo Nicolas-Paul,ARMY,DB,0,0,1,1,0,0,0,6,6.0
1274,Ay'Jaun Marshall,ARMY,WR,1,0,0,1,0,0,0,6,6.0
1274,Zach Fryar,UTEP,TE,0,1,0,1,0,0,0,6,6.0
1274,Johnny Richardson,UCF,RB,1,0,0,1,0,0,0,6,6.0
1274,B.J. Alexander,FAU,WR,0,1,0,1,0,0,0,6,6.0
1274,Michael Hetzel,APP,WR,0,1,0,1,0,0,0,6,6.0
1274,Robert Kennedy,NCSU,DB,0,0,1,1,0,0,0,6,6.0
1274,Savion Red,TEX,RB,1,0,0,1,0,0,0,6,6.0
1274,Alfahiym Walcott,ARK,DB,0,0,1,1,0,0,0,6,6.0
1274,Jayden York,TTU,TE,0,1,0,1,0,0,0,6,6.0
1274,Preston Daniel,FSU,TE,0,1,0,1,0,0,0,6,6.0
1274,Robbie Ouzts,ALA,TE,0,1,0,1,0,0,0,6,6.0
1274,Tyler Baron,TENN,EDGE,0,0,1,1,0,0,0,6,6.0
1274,Glendon Miller,MD,DB,0,0,1,1,0,0,0,6,6.0
1274,Charlie Spegal,BALL,RB,1,0,0,1,0,0,0,6,6.0
1274,Kahleil Jackson,FLA,WR,0,1,0,1,0,0,0,6,6.0
1274,Koali Nishigaya,HAW,WR,0,1,0,1,0,0,0,6,6.0
1274,Trey Taylor,AFA,S,0,0,1,1,0,0,0,6,6.0
1274,Kendall Johnson,UAB,DE,0,0,1,1,0,0,0,6,6.0
1274,Chandler Martin,MEM,LB,0,0,1,1,0,0,0,6,6.0
1274,Chase Curtis,TCU,TE,0,1,0,1,0,0,0,6,6.0
1274,Devin Brown,OSU,QB,1,0,0,1,0,0,0,6,3.0
1274,Nate Valcarcel,NIU,S,0,0,1,1,0,0,0,6,6.0
1274,Xavier Guillory,ASU,WR,0,1,0,1,0,0,0,6,6.0
1274,Juice Wells Jr.,SC,WR,0,1,0,1,0,0,0,6,6.0
1274,Freddie Brock IV,GAST,RB,1,0,0,1,0,0,0,6,6.0
1274,Kenneth Womack,WMU,WR,0,1,0,1,0,0,0,6,6.0
1274,Deuce Spann,FSU,WR,0,0,1,1,0,0,0,6,6.0
1274,Cooper Mathers,WSU,TE,0,1,0,1,0,0,0,6,6.0
1274,Dylan Paine,WSU,RB,1,0,0,1,0,0,0,6,6.0
1274,Meki Pei,HAW,DB,0,0,1,1,0,0,0,6,6.0
1274,Anthony Ward,ARIZ,LB,0,0,1,1,0,0,0,6,6.0
1274,RaRa Thomas,UGA,WR,0,1,0,1,0,0,0,6,6.0
1274,Shane Bonner,OHIO,DE,0,0,1,1,0,0,0,6,6.0
1274,Dallan Hayden,OSU,RB,1,0,0,1,0,0,0,6,6.0
1274,Harrison Wallace III,PSU,WR,0,1,0,1,0,0,0,6,6.0
1274,Will Pelissier,WYO,WR,0,1,0,1,0,0,0,6,6.0
1274,Joseph Griffin Jr.,BC,WR,0,1,0,1,0,0,0,6,6.0
1274,Jaden Williams,BC,WR,0,1,0,1,0,0,0,6,6.0
1274,Mumu Bin-Wahad,CONN,DB,0,0,1,1,0,0,0,6,6.0
1274,Jacques Badolato-Birdsell,NEV,RB,1,0,0,1,0,0,0,6,6.0
1274,Kaydin Pope,UNM,WR,0,1,0,1,0,0,0,6,6.0
1274,Zach Evans,MINN,RB,1,0,0,1,0,0,0,6,6.0
1274,Omari Evans,PSU,WR,0,1,0,1,0,0,0,6,6.0
1274,Chandler Rivers,DUKE,CB,0,0,1,1,0,0,0,6,6.0
1274,Ahmarian Granger,ODU,WR,0,1,0,1,0,0,0,6,3.0
1274,Mehki Wall,DUKE,WR,0,1,0,1,0,0,0,6,6.0
1274,Christian Carter,MEM,WR,0,1,0,1,0,0,0,6,6.0
1274,Desmond Purnell,KSU,LB,0,0,1,1,0,0,0,6,6.0
1274,Gavin Bartholomew,PITT,TE,0,1,0,1,0,0,0,6,6.0
1274,Jeremiah Franklin,BC,TE,0,1,0,1,0,0,0,6,6.0
1274,Kyre Duplessis,CCU,WR,0,1,0,1,0,0,0,6,6.0
1274,Anthony Tyus III,NU,RB,1,0,0,1,0,0,0,6,6.0
1274,Ethan Payne,MRSH,RB,1,0,0,1,0,0,0,6,6.0
1274,Myles Walker,AKR,WR,0,1,0,1,0,0,0,6,6.0
1274,Joshua Nicholson,SDSU,WR,0,1,0,1,0,0,0,6,6.0
1274,JB Mitchell III,EMU,WR,0,1,0,1,0,0,0,6,6.0
1274,DJ Rogers,TCU,TE,0,1,0,1,0,0,0,6,6.0
1274,De'Zhaun Stribling,OKST,WR,0,1,0,1,0,0,0,6,6.0
1274,Corey Walker,WMU,LB,0,0,1,1,0,0,0,6,6.0
1274,Kris Caine,ODU,DE,0,0,1,1,0,0,0,6,6.0
1274,Seni Tuiaki,USU,DT,0,0,1,1,0,0,0,6,6.0
1274,Jasaiah Gathings,AKR,WR,0,1,0,1,0,0,0,6,6.0
1274,Mekhi Miller,MIZ,WR,0,1,0,1,0,0,0,6,6.0
1274,Evan Lester Jr.,GASO,TE,0,1,0,1,0,0,0,6,6.0
1274,Fred Farrier II,UAB,WR,0,1,0,1,0,0,0,6,6.0
1274,Cameron Epps,OKST,S,0,0,1,1,0,0,0,6,6.0
1274,Maurice Clark,TEM,TE,0,1,0,1,0,0,0,6,6.0
1274,Harrison Saint Germain,VT,TE,0,1,0,1,0,0,0,6,6.0
1274,Michael Pettway,JVST,WR,0,1,0,1,0,0,0,6,6.0
1274,Isaiah Hamilton,HOU,CB,0,0,1,1,0,0,0,6,6.0
1274,Tony Muskett,UVA,QB,1,0,0,1,0,0,0,6,2.0
1274,Victor Venn,LIB,RB,0,1,0,1,0,0,0,6,6.0
1274,Conner Harrell,UNC,QB,1,0,0,1,0,0,0,6,3.0
1274,Tayven Jackson,IU,QB,1,0,0,1,0,0,0,6,2.0
1274,Demari Henderson,UCF,DB,0,0,1,1,0,0,0,6,6.0
1274,Mason Taylor,LSU,TE,0,1,0,1,0,0,0,6,6.0
1274,De'Andre Coleman,CCU,WR,0,1,0,1,0,0,0,6,6.0
1274,Joseph Himon II,NU,RB,0,1,0,1,0,0,0,6,6.0
1274,AJ Bianco,NEV,QB,1,0,0,1,0,0,0,6,1.5
1274,Aidan Laughery,ILL,RB,1,0,0,1,0,0,0,6,6.0
1274,Eli Raridon,ND,TE,0,1,0,1,0,0,0,6,6.0
1274,Ihson Jackson-Anderson,EMU,RB,0,1,0,1,0,0,0,6,6.0
1274,Jayden Bellamy,SYR,DB,0,0,1,1,0,0,0,6,6.0
1274,Sam Martin,TEM,DB,0,0,1,1,0,0,0,6,6.0
1274,Mark Nabou Jr.,TA&M,OL,1,0,0,1,0,0,0,6,6.0
1274,Jeremiah Cooper,ISU,DB,0,0,1,1,0,0,0,6,6.0
1274,Sean Sallis,MRSH,TE,0,1,0,1,0,0,0,6,6.0
1274,Izaiah Guy,GAST,CB,0,0,1,1,0,0,0,6,6.0
1274,Jerry Wilson,SYR,DB,0,0,1,1,0,0,0,6,6.0
1274,Wade Woodaz,CLEM,LB,0,0,1,1,0,0,0,6,6.0
1274,Bryce Cowan,VAN,LB,0,0,1,1,0,0,0,6,6.0
1274,Maurice Turner,LOU,RB,1,0,0,1,0,0,0,6,6.0
1274,Amari Jackson,BC,DB,0,0,1,1,0,0,0,6,6.0
1274,Kaleb Webb,TENN,WR,0,1,0,1,0,0,0,6,6.0
1274,Tucker Holloway,VT,WR,1,0,0,1,0,0,0,6,6.0
1274,Jake McNamara,UTEP,QB,1,0,0,1,0,0,0,6,6.0
1274,Reggie Virgil,M-OH,WR,0,1,0,1,0,0,0,6,6.0
1274,Octavian Smith Jr.,MD,WR,0,1,0,1,0,0,0,6,6.0
1274,Maximus Webster,BALL,TE,0,1,0,1,0,0,0,6,6.0
1274,Caleb Douglas,FLA,WR,0,1,0,1,0,0,0,6,6.0
1274,Jameel Gardner Jr.,KENT,WR,0,1,0,1,0,0,0,6,6.0
1274,Jeremiah Hasley,DUKE,TE,0,1,0,1,0,0,0,6,6.0
1274,Nik McMillan,BUFF,WR,0,1,0,1,0,0,0,6,6.0
1274,Jordyn Bailey,TCU,WR,0,1,0,1,0,0,0,6,6.0
1274,Jackson Arnold,OU,QB,1,0,0,1,0,0,0,6,2.0
1274,Javious Bond,ECU,DB,1,0,0,1,0,0,0,6,6.0
1274,Anthony Brown-Stephens,UK,WR,0,1,0,1,0,0,0,6,6.0
1274,Raymond Cottrell,TA&M,WR,0,1,0,1,0,0,0,6,6.0
1274,Malik Elzy,ILL,WR,0,1,0,1,0,0,0,6,6.0
1274,Karmello English,MICH,WR,0,1,0,1,0,0,0,6,6.0
1274,Caleb Downs,ALA,S,0,0,1,1,0,0,0,6,6.0
1274,Cooper Flanagan,ND,TE,0,1,0,1,0,0,0,6,6.0
1274,Martel Hight,VAN,CB,0,0,1,1,0,0,0,6,6.0
1274,Nyck Harbor,SC,WR,0,1,0,1,0,0,0,6,6.0
1274,Jalen Hale,ALA,WR,0,1,0,1,0,0,0,6,6.0
1274,Trey Holly,LSU,RB,1,0,0,1,0,0,0,6,6.0
1274,Sedrick Irvin,STAN,RB,1,0,0,1,0,0,0,6,6.0
1274,Brandon Inniss,OSU,WR,0,1,0,1,0,0,0,6,6.0
1274,Vandrevius Jacobs,FSU,WR,0,1,0,1,0,0,0,6,6.0
1274,Omarion Miller,COLO,WR,0,1,0,1,0,0,0,6,6.0
1274,Jayden Limar,ORE,RB,1,0,0,1,0,0,0,6,6.0
1274,Lawson Luckie,UGA,TE,0,1,0,1,0,0,0,6,6.0
1274,Mac Markway,LSU,TE,0,1,0,1,0,0,0,6,6.0
1274,Malik Muhammad,TEX,DB,0,0,1,1,0,0,0,6,6.0
1274,Randy Pittman Jr.,UCF,TE,0,1,0,1,0,0,0,6,6.0
1274,Marcel Reed,TA&M,QB,1,0,0,1,0,0,0,6,3.0
1274,Michael Richard,LT,DB,0,0,1,1,0,0,0,6,6.0
1274,Jaedn Skeete,BC,WR,0,1,0,1,0,0,0,6,6.0
1274,Carnell Tate,OSU,WR,0,1,0,1,0,0,0,6,6.0
1274,Hykeem Williams,FSU,WR,0,1,0,1,0,0,0,6,6.0
1274,Riley Williams,MIA,TE,0,1,0,1,0,0,0,6,6.0
1274,Jonah Wilson,HOU,WR,0,1,0,1,0,0,0,6,6.0
1274,Quintrevion Wisner,TEX,RB,1,0,0,1,0,0,0,6,6.0
1274,Richard Young,ALA,RB,1,0,0,1,0,0,0,6,6.0
1274,John Locke Jr.,LT,TE,0,1,0,1,0,0,0,6,6.0
1274,Alex Bullock,NEB,WR,0,1,0,1,0,0,0,6,6.0
1274,Deshon Stoudemire,TROY,WR,0,1,0,1,0,0,0,6,6.0
1274,Jaylon Griffin,UCF,WR,0,1,0,1,0,0,0,6,6.0
1274,Max White,IOWA,RB,1,0,0,1,0,0,0,6,6.0
1274,CJ Campbell Jr.,FSU,RB,1,0,0,1,0,0,0,6,6.0
1274,Gunnar Gundy,OKST,QB,1,0,0,1,0,0,0,6,3.0
1274,Sam Jackson V,CAL,QB,1,0,0,1,0,0,0,6,1.5
1274,LaNorris Sellers,SC,QB,1,0,0,1,0,0,0,6,3.0
1274,Andison Coby,IU,WR,0,1,0,1,0,0,0,6,6.0
1274,Karene Reid,UTAH,LB,0,0,1,1,0,0,0,6,6.0
1274,Quentin Moore,WASH,TE,0,1,0,1,0,0,0,6,6.0
1274,Dominic DeLuca,PSU,LB,0,0,1,1,0,0,0,6,6.0
1274,Trayv'on Culbert,UL,WR,0,1,0,1,0,0,0,6,6.0
1274,Justin Stearns,SJSU,OL,0,0,1,1,0,0,0,6,6.0
1274,Dean Patterson,FIU,WR,0,1,0,1,0,0,0,6,6.0
1274,Jerrae Williams,UNLV,DB,0,0,1,1,0,0,0,6,6.0
1274,Charles Rogers,SJSU,LB,0,1,0,1,0,0,0,6,6.0
1274,Tyrin Smith,UTEP,WR,0,1,0,1,0,0,0,6,6.0
1274,Brock Lampe,NIU,FB,1,0,0,1,0,0,0,6,6.0
1274,Jalen Walthall,HAW,WR,0,1,0,1,0,0,0,6,6.0
1274,Landon Sims,HAW,RB,1,0,0,1,0,0,0,6,6.0
1274,Christian Francisco,RICE,RB,1,0,0,1,0,0,0,6,6.0
1274,Lincoln Sefcik,USA,TE,0,1,0,1,0,0,0,6,6.0
1274,Josh Cuevas,WASH,TE,0,1,0,1,0,0,0,6,6.0
1274,Kobe Singleton,LIB,DB,0,0,1,1,0,0,0,6,6.0
1274,Seth Anderson,IOWA,WR,0,1,0,1,0,0,0,6,6.0
1274,Donovan Brown,SYR,WR,0,1,0,1,0,0,0,6,6.0
1274,Cole Fuller,JVST,TE,1,0,0,1,0,0,0,6,6.0
1274,Avery Sledge,MSST,LB,0,0,1,1,0,0,0,6,6.0
1274,Antonio Patterson,FIU,DB,1,0,0,1,0,0,0,6,6.0
1274,Peyton O'Leary,MICH,WR,0,1,0,1,0,0,0,6,6.0
1274,Kavian Gaither,SHSU,LB,0,0,1,1,0,0,0,6,6.0
1274,Jeremiah Noga,ORST,WR,0,1,0,1,0,0,0,6,6.0
1274,Henry Rutledge,CLT,RB,0,0,1,1,0,0,0,6,6.0
1274,Jalen Johnson,NIU,WR,0,1,0,1,0,0,0,6,6.0
1274,Reagan Ealy,ARST,WR,0,1,0,1,0,0,0,6,6.0
1274,Cade Conley,MRSH,TE,0,1,0,1,0,0,0,6,6.0
1274,Finn Hogan,BGSU,WR,0,1,0,1,0,0,0,6,6.0
1274,Davis Sherwood,ND,TE,0,1,0,1,0,0,0,6,6.0
1274,Tae Meadows,TROY,RB,1,0,0,1,0,0,0,6,6.0
1274,Jordan Ford,TLSA,RB,1,0,0,1,0,0,0,6,6.0
1274,Jostein Clarke,UTEP,WR,0,1,0,1,0,0,0,6,6.0
1274,Rayuan Lane III,NAVY,S,0,0,1,1,0,0,0,6,6.0
1274,Terron Kellman,CLT,RB,1,0,0,1,0,0,0,6,6.0
1274,Jack Shields,ODU,QB,1,0,0,1,0,0,0,6,3.0
1274,Jake Newell,AKR,TE,0,1,0,1,0,0,0,6,6.0
1274,Jayden McGowan,VAN,WR,0,0,1,1,0,0,0,6,6.0
1274,Parker Kingston,BYU,WR,0,1,0,1,0,0,0,6,3.0
1274,Kenyon Clay,USM,RB,1,0,0,1,0,0,0,6,6.0
1274,Owen Piepergerdes,KU,PK,0,0,0,0,0,6,0,6,1.2
1274,Melique Straker,ARST,LB,0,0,1,1,0,0,0,6,6.0
1274,Jordan Smart,UNT,WR,0,1,0,1,0,0,0,6,6.0
1274,Durell Robinson,CLT,RB,1,0,0,1,0,0,0,6,6.0
1274,Demetrius Battle,UAB,RB,1,0,0,1,0,0,0,6,6.0
1274,Dash Luke,ULM,WR,0,1,0,1,0,0,0,6,6.0
1274,Jaden Platt,TA&M,TE,0,1,0,1,0,0,0,6,6.0
1274,Kendrick Raphael,NCSU,RB,1,0,0,1,0,0,0,6,6.0
1274,Chris Culliver,UNC,WR,0,1,0,1,0,0,0,6,6.0
1274,Senika McKie,UNLV,WR,0,1,0,1,0,0,0,6,6.0
1274,Javante Mackey,ARST,DE,0,0,1,1,0,0,0,6,6.0
1274,Leyton Smithson,WSU,WR,0,0,1,1,0,0,0,6,6.0
1274,Marcus Sanders Jr.,GASO,WR,0,1,0,1,0,0,0,6,6.0
1274,Anthony Evans III,UGA,WR,0,1,0,1,0,0,0,6,6.0
1274,Jet Harris,AFA,RB,1,0,0,1,0,0,0,6,6.0
1274,Rocky Beers,FIU,TE,0,1,0,1,0,0,0,6,6.0
1274,Hawkins Polley,BAY,TE,0,1,0,1,0,0,0,6,6.0
1274,Alonza Barnett III,JMU,QB,1,0,0,1,0,0,0,6,6.0
1274,Jack Lausch,NU,QB,1,0,0,1,0,0,0,6,6.0
1274,Kylish Hicks,CONN,DB,0,1,0,1,0,0,0,6,6.0
1274,Trell Harris,KENT,WR,0,1,0,1,0,0,0,6,6.0
1274,Jacob Finley,NIU,CB,0,0,1,1,0,0,0,6,6.0
1274,Jaylen Anderson,WVU,RB,1,0,0,1,0,0,0,6,6.0
1274,Walter Taylor III,VAN,QB,1,0,0,1,0,0,0,6,6.0
1274,Grayson Loftis,DUKE,QB,1,0,0,1,0,0,0,6,1.5
1274,David Amador II,UTSA,WR,0,1,0,1,0,0,0,6,6.0
1274,Bryan McCoy Jr.,AKR,LB,0,0,1,1,0,0,0,6,6.0
1274,Cam'Ron McCoy,EMU,QB,1,0,0,1,0,0,0,6,6.0
1274,Hezekiah Masses,FIU,DB,0,0,1,1,0,0,0,6,6.0
1274,Dakota Williams,LT,WR,1,0,0,1,0,0,0,6,6.0
1274,Malachi Coleman,NEB,WR,0,1,0,1,0,0,0,6,6.0
1274,Quinten Joyner,USC,RB,1,0,0,1,0,0,0,6,6.0
1274,Jaylon Braxton,ARK,CB,0,0,1,1,0,0,0,6,6.0
1274,Caden Jenkins,BAY,CB,0,0,1,1,0,0,0,6,6.0
1274,Kalib Hicks,OU,RB,1,0,0,1,0,0,0,6,6.0
1274,Brock Glenn,FSU,QB,1,0,0,1,0,0,0,6,6.0
1274,Seth Davis,MSST,RB,1,0,0,1,0,0,0,6,6.0
1274,Ethan Crawford,USM,QB,1,0,0,1,0,0,0,6,1.5
1274,Brad Spence,ARK,LB,0,0,1,1,0,0,0,6,6.0
1274,Isaiah Augustave,ARK,RB,1,0,0,1,0,0,0,6,6.0
1274,Shelton Lewis,CLEM,CB,0,0,1,1,0,0,0,6,6.0
1274,Keyjuan Brown,LOU,RB,1,0,0,1,0,0,0,6,6.0
1274,Dante Dowdell,ORE,RB,1,0,0,1,0,0,0,6,6.0
1274,Barry Jackson Jr.,CIN,WR,0,1,0,1,0,0,0,6,6.0
1274,Peyton Jones,DUKE,RB,1,0,0,1,0,0,0,6,6.0
1274,Cade Uluave,CAL,LB,0,0,1,1,0,0,0,6,6.0
1274,Chase Jenkins,RICE,QB,1,0,0,1,0,0,0,6,6.0
1274,Tucker Ashcraft,WIS,TE,0,1,0,1,0,0,0,6,6.0
1274,D.J. Oliver,WVU,RB,1,0,0,1,0,0,0,6,6.0
1274,Chris Rodgers,TROY,LB,0,0,1,1,0,0,0,6,6.0
1274,George Burhenn,PUR,TE,0,1,0,1,0,0,0,6,6.0
1274,Baylin Brooks,SDSU,WR,0,1,0,1,0,0,0,6,6.0
1274,Braylan Lovelace,PITT,LB,0,0,1,1,0,0,0,6,6.0
1274,Braeden Wisloski,MD,WR,0,0,1,1,0,0,0,6,6.0
1274,Caleb Komolafe,NU,RB,0,1,0,1,0,0,0,6,6.0
1274,Khalil Barnes,CLEM,S,0,0,1,1,0,0,0,6,6.0
1274,Kam Robinson,UVA,LB,0,0,1,1,0,0,0,6,6.0
1274,Peter Clarke,TEM,TE,0,1,0,1,0,0,0,6,6.0
1274,Davion Dozier,ARK,WR,0,1,0,1,0,0,0,6,6.0
1274,Micah Riley,AUB,TE,0,1,0,1,0,0,0,6,6.0
1274,Xayvion Turner-Bradshaw,VT,WR,1,0,0,1,0,0,0,6,6.0
1274,Jack Griese,UVA,RB,1,0,0,1,0,0,0,6,6.0
1274,Cam Camper,IU,WR,0,1,0,1,0,0,0,6,6.0
1274,Louis Moore,IU,DB,0,0,1,1,0,0,0,6,6.0
1274,Dee Williams,TENN,DB,0,0,1,1,0,0,0,6,6.0
1274,Chas Nimrod,TENN,WR,0,1,0,1,0,0,0,6,6.0
1274,James Pearce Jr.,TENN,EDGE,0,0,1,1,0,0,0,6,6.0
1274,AJ Swann,VAN,QB,1,0,0,1,0,0,0,6,1.0
1274,Domonique Thomas,CLEM,RB,1,0,0,1,0,0,0,6,6.0
1274,Nathan Kent,NAVY,WR,0,1,0,1,0,0,0,6,6.0
1274,Mason Williams,OHIO,TE,0,1,0,1,0,0,0,6,6.0
1274,Preston Hodge,LIB,CB,0,0,1,1,0,0,0,6,6.0
1274,Timmy Ward,RUTG,DB,0,0,1,1,0,0,0,6,6.0
1274,Jalen Bracey,FIU,WR,0,1,0,1,0,0,0,6,6.0
1274,Bud Tolbert,ULM,WR,0,1,0,1,0,0,0,6,6.0
1274,Jabril Williams,ARMY,CB,0,0,1,1,0,0,0,6,6.0
1274,Kalib Fortner,ARMY,LB,0,0,1,1,0,0,0,6,6.0
1274,Brent Austin,JMU,DB,0,0,1,1,0,0,0,6,6.0
1274,Tristan Driggers,ULM,LB,0,0,1,1,0,0,0,6,6.0
1274,Matthew Coleman,SJSU,WR,0,0,1,1,0,0,0,6,6.0
1274,Fred Thompkins,UNLV,LB,0,0,1,1,0,0,0,6,6.0
1274,Tommy Ulatowski,KENT,QB,1,0,0,1,0,0,0,6,1.5
1274,Nate Milanowski,M-OH,RB,1,0,0,1,0,0,0,6,6.0
1274,Kenyon Sadiq,ORE,TE,0,1,0,1,0,0,0,6,6.0
1274,Kevin Jennings,SMU,QB,1,0,0,1,0,0,0,6,1.5
1274,Joey Bruszer,SMU,WR,0,1,0,1,0,0,0,6,6.0
1274,Chuuky Hines,HAW,WR,0,1,0,1,0,0,0,6,3.0
1274,Chris Bellamy,NMSU,WR,0,1,0,1,0,0,0,6,6.0
1274,Kordell David,NMSU,WR,0,1,0,1,0,0,0,6,6.0
1274,KK Meier,NEV,CB,0,0,1,1,0,0,0,6,6.0
1274,Cameron Zeidler,NEV,TE,0,1,0,1,0,0,0,6,6.0
1274,Denzil Alleyne,WKU,WR,0,1,0,1,0,0,0,6,6.0
1274,Bump Cooper,ORST,CB,0,0,1,1,0,0,0,6,6.0
1274,Sam Hicks,CMU,RB,1,0,0,1,0,0,0,6,6.0
1274,Martin Blake,SDSU,RB,1,0,0,1,0,0,0,6,6.0
1274,DeAndre Buchannon,GASO,WR,0,0,1,1,0,0,0,6,6.0
1274,Bryan Henry,HOU,TE,0,1,0,1,0,0,0,6,6.0
1274,Nick Cenacle,HAW,WR,0,1,0,1,0,0,0,6,6.0
1274,Josiah Freeman,FRES,WR,0,1,0,1,0,0,0,6,6.0
1274,DJ Bell,MEM,DB,0,0,1,1,0,0,0,6,6.0
1274,Carl Chester,TLSA,WR,0,1,0,1,0,0,0,6,6.0
1274,Keionte Scott,AUB,DB,0,0,1,1,0,0,0,6,6.0
1274,Shavon Revel Jr.,ECU,CB,0,0,1,1,0,0,0,6,6.0
1274,Moussa Barry,WKU,WR,0,1,0,1,0,0,0,6,6.0
1274,Dalton Carnes,HOU,WR,0,1,0,1,0,0,0,6,6.0
1274,Kyron Jones,UGA,DB,0,0,1,1,0,0,0,6,6.0
1274,D'Angelo Ponds,JMU,DB,0,0,1,1,0,0,0,6,6.0
1274,Maxwell Moss,JMU,WR,0,1,0,1,0,0,0,6,6.0
1274,Tyshawn Russell,SC,WR,0,1,0,1,0,0,0,6,6.0
1274,Vaughn Blue,LIB,RB,0,1,0,1,0,0,0,6,6.0
1274,PJ Martin,USA,RB,1,0,0,1,0,0,0,6,6.0
1274,Darrell Gill Jr.,SYR,WR,0,1,0,1,0,0,0,6,6.0
1274,Malik Benson,ALA,WR,0,1,0,1,0,0,0,6,6.0
1274,Larry Robinson,ARMY,QB,1,0,0,1,0,0,0,6,6.0
1274,Champ Harris,ARMY,QB,1,0,0,1,0,0,0,6,6.0
1274,Elo Modozie,ARMY,LB,0,0,1,1,0,0,0,6,6.0
1274,Kanye Udoh,ARMY,RB,1,0,0,1,0,0,0,6,6.0
1274,Jermaine Mathews Jr.,OSU,CB,0,0,1,1,0,0,0,6,6.0
1274,Jayden Dixon-Veal,PUR,WR,0,1,0,1,0,0,0,6,6.0
1274,Kekoura Tarnue,JVST,S,0,0,1,1,0,0,0,6,6.0
1274,Leon Johnson III,OKST,WR,0,1,0,1,0,0,0,6,6.0
1274,Javoni Gardere,UTEP,WR,0,1,0,1,0,0,0,6,6.0
1274,Marcus Vinson,UTEP,TE,0,1,0,1,0,0,0,6,6.0
1274,Malik Phillips,SHSU,WR,0,1,0,1,0,0,0,6,6.0
1274,Lucian Anderson III,BGSU,QB,1,0,0,1,0,0,0,6,6.0
1274,Jaylon Tillman,BGSU,WR,0,1,0,1,0,0,0,6,6.0
1274,Andrew Schnackenberg,BUFF,LS,0,1,0,1,0,0,0,6,6.0
1274,Tim Grear Jr.,FRES,WR,0,1,0,1,0,0,0,6,6.0
1274,Don Callis,TROY,CB,0,0,1,1,0,0,0,6,6.0
1274,John Busha,AFA,QB,1,0,0,1,0,0,0,6,6.0
1274,Deuce Alexander,WAKE,WR,0,1,0,1,0,0,0,6,6.0
1274,Jamari Ferrell,WYO,RB,1,0,0,1,0,0,0,6,6.0
1274,Tyquan Henderson,USM,WR,0,1,0,1,0,0,0,6,6.0
1274,Kapena Gushiken,WSU,S,0,0,1,1,0,0,0,6,6.0
1274,Leo Kemp,SDSU,FB,0,1,0,1,0,0,0,6,6.0
1274,Corey Thompson Jr.,UNLV,WR,0,1,0,1,0,0,0,6,6.0
1274,Tavion Smith,UL,WR,0,1,0,1,0,0,0,6,6.0
1274,Ja'Vin Simpkins,CCU,RB,1,0,0,1,0,0,0,6,6.0
1274,Abraham Temoney III,CCU,S,0,0,1,1,0,0,0,6,6.0
1274,Dylan Howell,ULM,DL,0,0,1,1,0,0,0,6,6.0
1274,Braxton Woodson,NAVY,QB,1,0,0,1,0,0,0,6,3.0
1274,Chris Johnson Jr.,MIA,RB,1,0,0,1,0,0,0,6,6.0
1274,Antione Jackson,ECU,DB,0,0,1,1,0,0,0,6,6.0
1274,Dorian Smith,USA,RB,1,0,0,1,0,0,0,6,6.0
1274,JaQuae Jackson,RUTG,WR,0,1,0,1,0,0,0,6,6.0
1274,Jojo Phillips,BYU,WR,0,1,0,1,0,0,0,6,6.0
1274,Wyatt McClour,UNM,TE,0,1,0,1,0,0,0,6,6.0
2036,Nick Barr-Mira,MSST,PK,0,0,0,0,1,2,0,5,5.0
2036,Lucas Matias,FIU,PK,0,0,0,0,0,5,0,5,2.5
2036,Tate Sandell,UTSA,PK,0,0,0,0,1,2,0,5,2.5
2036,Nico Radicic,IU,PK,0,0,0,0,1,2,0,5,5.0
2036,Tyler Black,WAKE,PK,0,0,0,0,1,2,0,5,5.0
2036,Ashton Wolff,CSU,PK,0,0,0,0,0,5,0,5,5.0
2036,Alex Kasee,OHIO,PK,0,0,0,0,1,2,0,5,5.0
2036,Grant Meadors,ORE,PK,0,0,0,0,0,5,0,5,2.5
2044,TeamWMU,WMU,-,0,0,0,0,0,0,0,4,4.0
2044,TeamWASH,WASH,-,0,0,0,0,0,0,0,4,2.0
2044,TeamVT,VT,-,0,0,0,0,0,0,0,4,2.0
2044,TeamMTSU,MTSU,-,0,0,0,0,0,0,0,4,2.0
2044,TeamMICH,MICH,-,0,0,0,0,0,0,0,4,4.0
2044,TeamJMU,JMU,-,0,0,0,0,0,0,0,4,2.0
2044,TeamFLA,FLA,-,0,0,0,0,0,0,0,4,2.0
2044,Colin Weber,CLT,TE,0,0,0,0,0,0,2,4,2.0
2044,Josh Turbyville,TENN,PK,0,0,0,0,1,1,0,4,4.0
2053,Marshall Meeder,IOWA,PK,0,0,0,0,1,0,0,3,3.0
2053,Evan Johnson,MD,PK,0,0,0,0,1,0,0,3,3.0
2053,Stephen Rusnak,MSU,PK,0,0,0,0,0,3,0,3,1.5
2053,Isaac Kone,GAST,PK,0,0,0,0,0,3,0,3,1.5
2053,Kellan McLaughlin,M-OH,PK,0,0,0,0,0,3,0,3,1.5
2058,TeamCLT,CLT,-,0,0,0,0,0,0,0,2,2.0
2058,TeamUTSA,UTSA,-,0,0,0,0,0,0,0,2,2.0
2058,TeamODU,ODU,-,0,0,0,0,0,0,0,2,2.0
2058,TeamVAN,VAN,-,0,0,0,0,0,0,0,2,2.0
2058,TeamTLSA,TLSA,-,0,0,0,0,0,0,0,2,2.0
2058,TeamTOL,TOL,-,0,0,0,0,0,0,0,2,2.0
2058,TeamSC,SC,-,0,0,0,0,0,0,0,2,2.0
2058,TeamSDSU,SDSU,-,0,0,0,0,0,0,0,2,2.0
2058,TeamPSU,PSU,-,0,0,0,0,0,0,0,2,2.0
2058,TeamOU,OU,-,0,0,0,0,0,0,0,2,2.0
2058,TeamND,ND,-,0,0,0,0,0,0,0,2,2.0
2058,TeamNEV,NEV,-,0,0,0,0,0,0,0,2,2.0
2058,TeamMINN,MINN,-,0,0,0,0,0,0,0,2,2.0
2058,TeamLSU,LSU,-,0,0,0,0,0,0,0,2,2.0
2058,TeamHOU,HOU,-,0,0,0,0,0,0,0,2,2.0
2058,TeamUGA,UGA,-,0,0,0,0,0,0,0,2,2.0
2058,TeamEMU,EMU,-,0,0,0,0,0,0,0,2,2.0
2058,TeamBAY,BAY,-,0,0,0,0,0,0,0,2,2.0
2058,TeamALA,ALA,-,0,0,0,0,0,0,0,2,2.0
2058,Jacob Meeks,USA,PK,0,0,0,0,0,2,0,2,2.0
2058,Cade McNamara,IOWA,QB,0,0,0,0,0,0,1,2,1.0
2058,Nicky Dalmolin,DUKE,TE,0,0,0,0,0,0,1,2,2.0
2058,Evan Prater,CIN,WR,0,0,0,0,0,0,1,2,2.0
2058,Xander Mueller,NU,LB,0,0,0,0,0,0,0,2,2.0
2058,Dylan Morris,WASH,QB,0,0,0,0,0,0,1,2,1.0
2058,Jake Bailey,SMU,WR,0,0,0,0,0,0,1,2,2.0
2058,Alan Guerrieri,UL,PK,0,0,0,0,0,2,0,2,1.0
2058,Deyunkrea Lewis,TROY,TE,0,0,0,0,0,0,1,2,2.0
2058,Billy Riviere III,WSU,TE,0,0,0,0,0,0,1,2,2.0
2058,Thomas Zsiros,TOL,WR,0,0,0,0,0,0,1,2,2.0
2058,Bugs Mortimer,ULM,WR,0,0,0,0,0,0,1,2,2.0
2058,E.J. Williams Jr.,IU,WR,0,0,0,0,0,0,1,2,2.0
2058,Caleb Fauria,COLO,TE,0,0,0,0,0,0,1,2,2.0
2058,Billy Dozier,NIU,RB,0,0,0,0,0,0,1,2,2.0
2058,TyQaze Leggs,MRSH,DL,0,0,0,0,0,0,0,2,2.0
2058,Harrison Barker,UAB,QB,0,0,0,0,0,0,1,2,1.0
2058,Daniel King,WVU,PK,0,0,0,0,0,2,0,2,2.0
2058,Andrew Sowinski,PUR,WR,0,0,0,0,0,0,1,2,2.0
2058,Brian Courtney,FSU,TE,0,0,0,0,0,0,1,2,2.0
2058,Jordan Nabors,BAY,WR,0,0,0,0,0,0,1,2,2.0
2058,Luke Pirris,NAVY,LB,0,0,0,0,0,0,0,2,2.0
2058,DeCorion Temple,CMU,TE,0,0,0,0,0,0,1,2,2.0
2058,Gavin Marshall,OU,PK,0,0,0,0,0,2,0,2,2.0
2058,Luke Voorhees,BOIS,TE,0,0,0,0,0,0,1,2,2.0
2058,Cam Ball,BUFF,TE,0,0,0,0,0,0,1,2,2.0
2058,Tyler Voltin,ORST,OL,0,0,0,0,0,0,1,2,2.0
2058,Blake Murphy,ULM,QB,0,0,0,0,0,0,1,2,0.6
2058,Zac Yoakam,ND,PK,0,0,0,0,0,2,0,2,1.0
2058,Connor Gibbs,USM,PK,0,0,0,0,0,2,0,2,2.0
2058,Carlos Alvarado,ARMY,PK,0,0,0,0,0,2,0,2,2.0
2058,Liam Quigley,TOL,PK,0,0,0,0,0,2,0,2,2.0
2058,Jailen Butler,ODU,TE,0,0,0,0,0,0,1,2,2.0
2110,Alex Herrera,SC,PK,0,0,0,0,0,1,0,1,1.0
2110,Tyler Keltner,FSU,PK,0,0,0,0,0,1,0,1,1.0
2110,Cole Talley,ARMY,PK,0,0,0,0,0,1,0,1,1.0
2110,Diego Medina,GAST,PK,0,0,0,0,0,1,0,1,1.0
2110,Marshall Meyers,AUB,PK,0,0,0,0,0,1,0,1,1.0
2110,Quinn Castner,CLEM,PK,0,0,0,0,0,1,0,1,1.0
2110,Addison Shrock,WASH,PK,0,0,0,0,0,1,0,1,1.0
2110,Caleb Krockover,PUR,PK,0,0,0,0,0,1,0,1,1.0
2110,Ethan Moczulski,TA&M,PK,0,0,0,0,0,1,0,1,1.0
2110,Hogan Morton,CLEM,PK,0,0,0,0,0,1,0,1,1.0
2110,Brayden Beck,LIB,PK,0,0,0,0,0,1,0,1,1.0
2110,Emmet Kenney,STAN,PK,0,0,0,0,0,1,0,1,1.0
2110,Andre Meono,UNLV,PK,0,0,0,0,0,1,0,1,1.0
2110,Adam Samaha,MICH,PK,0,0,0,0,0,1,0,1,1.0
2110,Will Hryszko,KENT,PK,0,0,0,0,0,1,0,1,1.0
2110,Nathan Dibert,LSU,PK,0,0,0,0,0,1,0,1,1.0
2110,Kanoah Vinesett,NCSU,PK,0,0,0,0,0,1,0,1,1.0
2110,Conor Talty,ALA,PK,0,0,0,0,0,1,0,1,1.0
2110,Leyton Simmering,KSU,PK,0,0,0,0,0,1,0,1,1.0
2110,Enock Gota,RICE,PK,0,0,0,0,0,1,0,1,1.0
2110,Luke Stagg,ULM,PK,0,0,0,0,0,1,0,1,1.0
2110,Marcello Diomede,ND,PK,0,0,0,0,0,1,0,1,1.0
2110,Tyler Robles,USC,PK,0,0,0,0,0,1,0,1,1.0
2110,Sam Carpenter,PITT,PK,0,0,0,0,0,1,0,1,1.0
2110,Will Rocha,MIA,PK,0,0,0,0,0,1,0,1,1.0
