RK,NAME,TEAM,"('Unnamed: 0_level_0', 'POS')","('Kickoffs', 'ATT')","('Kickoffs', 'YDS')","('Kickoffs', 'AVG')","('Kickoffs', 'LNG')","('Kickoffs', 'TD')","('Punts', 'ATT')","('Punts', 'YDS')","('Punts', 'AVG')","('Punts', 'LNG')","('Punts', 'TD')"
1,Trayvon Rudolph,NIU,WR,32,717,22.4,56,0,1,8,8.0,8,0
2,Aron Cruickshank,RUTG/WISC,WR,29,671,23.1,100,2,0,0,0.0,0,0
3,Wayne Toussant,LT,WR,28,644,23.0,60,0,0,0,0.0,0,0
4,Chris Smith,UL,RB,23,617,26.8,100,2,0,0,0.0,0,0
5,Trestan Ebner,BAY,RB,20,612,30.6,100,2,9,29,3.2,14,0
6,D'Shawn Jamison,TEX,CB,18,564,31.3,100,1,21,33,1.6,16,0
7,Kene Nwangwu,ISU,RB,20,550,27.5,85,0,0,0,0.0,0,0
8,Roshauud Paul,ARST,WR,25,544,21.8,45,0,5,10,2.0,13,0
9,Avery Williams,BSU,CB,20,533,26.6,99,2,17,229,13.5,69,2
10,Jeremiah Haydel,TXST,WR,20,479,24.0,97,1,16,208,13.0,91,1
11,Dee Eskridge,WMU,WR,18,467,25.9,100,1,0,0,0.0,0,0
12,Chris Tyree,ND,WR,29,456,15.7,38,0,0,0,0.0,0,0
13,Boogie Knight,AKR,WR,23,450,19.6,39,0,2,-9,-4.5,1,0
14,Champ Flemings,ORST,WR,22,447,20.3,43,0,0,0,0.0,0,0
15,Amare Jones,TULN,WR,16,439,27.4,71,0,4,31,7.8,19,0
16,Khalil Herbert,VT,RB,16,430,26.9,83,0,0,0,0.0,0,0
17,Winston Wright,WVU,WR,20,425,21.3,37,0,0,0,0.0,0,0
18,Bryson Denley,BGSU,RB,15,412,27.5,81,0,0,0,0.0,0,0
19,Thomas Pannunzio,CSU,WR,18,411,22.8,48,0,2,32,16.0,23,0
20,Tyler Snead,ECU,WR,22,409,18.6,95,1,12,144,12.0,36,0
21,Brennon Dingle,UTSA,WR,22,401,18.2,43,0,0,0,0.0,0,0
22,Velus Jones Jr.,TENN,WR,18,398,22.1,40,0,0,0,0.0,0,0
22,Nathaniel Peat,STAN,RB,16,398,24.9,43,0,0,0,0.0,0,0
24,Nykeim Johnson,SYR,WR,20,395,19.8,49,0,12,169,14.1,27,0
25,Jamaal Bell,NEV,WR,21,393,18.7,61,0,0,0,0.0,0,0
26,Tre Tucker,CIN,WR,13,389,29.9,97,1,0,0,0.0,0,0
27,Jordan Byrd,SDSU,RB,12,383,31.9,93,1,7,34,4.9,13,0
28,Isaiah Phillips,ULM,RB,23,382,16.6,35,0,0,0,0.0,0,0
29,TJ Sheffield,PUR,WR,20,381,19.0,41,0,2,4,2.0,4,0
30,Hassan Hall,LOU,RB,18,380,21.1,42,0,0,0,0.0,0,0
31,Steven Jones Jr.,APP,CB,17,373,21.9,41,0,0,0,0.0,0,0
31,Bam Knight,NCST,RB,15,373,24.9,100,1,0,0,0.0,0,0
33,Shamar Garrett,SJSU,WR,12,372,31.0,98,1,0,0,0.0,0,0
34,Reggie Todd,TROY,WR,19,368,19.4,35,0,0,0,0.0,0,0
34,Lexington Joseph,FIU,RB,11,368,33.5,100,1,0,0,0.0,0,0
36,Deion Hair-Griffin,UNT,WR,18,366,20.3,56,0,0,0,0.0,0,0
37,Jaylen Stinson,DUKE,S,17,355,20.9,40,0,0,0,0.0,0,0
38,Giles Jackson,MICH,WR,13,354,27.2,95,1,5,45,9.0,32,0
38,Shedro Louis,LIB,RB,14,354,25.3,51,0,0,0,0.0,0,0
40,Damond Philyaw-Johnson,DUKE,WR,19,349,18.4,39,0,0,0,0.0,0,0
41,Kaylon Geiger,TROY,WR,17,346,20.4,61,0,1,11,11.0,11,0
42,Jah'Marae Sheread,TXST,WR,17,345,20.3,32,0,0,0,0.0,0,0
42,Kenny Logan Jr.,KU,S,13,345,26.5,100,1,0,0,0.0,0,0
42,Camron Harrell,USM,DB,13,345,26.5,100,1,0,0,0.0,0,0
45,Jamahl Horne,KU,WR,15,339,22.6,32,0,0,0,0.0,0,0
46,Tyleek Collins,UNLV,WR,19,331,17.4,40,0,4,34,8.5,13,0
47,Jayden Reed,MSU,WR,20,329,16.5,39,0,2,14,7.0,10,0
47,Caleb Christensen,BYU,CB,18,329,18.3,31,0,0,0,0.0,0,0
50,Johnny Ford,USF,RB,13,321,24.7,70,0,0,0,0.0,0,0
51,Sheldon Evans,MRSH,RB,15,315,21.0,35,0,0,0,0.0,0,0
52,Savon Scarver,USU,WR,10,314,31.4,94,1,0,0,0.0,0,0
53,Savion Williams,TCU,WR,14,312,22.3,30,0,0,0,0.0,0,0
54,DJ Turner,MD/PITT,WR,20,311,15.6,42,0,15,125,8.3,25,0
55,Tank Bigsby,AUB,RB,13,306,23.5,35,0,0,0,0.0,0,0
56,Kearis Jackson,UGA,WR,11,298,27.1,56,0,15,87,5.8,52,0
57,Justin Hall,BALL,WR,12,295,24.6,42,0,4,-2,-0.5,0,0
58,Duron Lowe,UTEP,CB,9,292,32.4,100,1,0,0,0.0,0,0
59,Jerrion Ealy,MISS,RB,14,289,20.6,100,1,0,0,0.0,0,0
60,Dontae Crow,WYO,WR,13,285,21.9,40,0,10,57,5.7,15,0
61,DJ Taylor Jr.,ASU,DB,8,279,34.9,100,1,0,0,0.0,0,0
62,Walter Dawn Jr.,UTEP,WR,10,277,27.7,95,0,0,0,0.0,0,0
63,Jaylin Lane,MTSU,WR,19,274,14.4,28,0,1,10,10.0,10,0
64,Mykael Wright,ORE,CB,14,270,19.3,41,0,1,-1,-1.0,0,0
65,Kawaan Baker,USA,WR,25,264,10.6,25,0,0,0,0.0,0,0
66,Travis Levy,BC,RB,17,262,15.4,43,0,4,-6,-1.5,0,0
67,Tulu Griffin,MSST,WR,8,261,32.6,65,0,0,0,0.0,0,0
68,LaJohntay Wester,FAU,WR,14,260,18.6,37,0,10,89,8.9,27,0
69,Charleston Rambo,OU,WR,12,255,21.3,40,0,1,11,11.0,11,0
70,Tyrell Robinson,ARMY,RB,17,248,14.6,39,0,15,115,7.7,20,0
71,Tavares Kelly Jr.,UVA,WR,11,247,22.5,36,0,0,0,0.0,0,0
72,Tahj Washington,MEM,WR,13,242,18.6,32,0,0,0,0.0,0,0
73,Trey Palmer,LSU,WR,7,241,34.4,93,1,2,8,4.0,10,0
74,Ryan O'Keefe,UCF,WR,17,240,14.1,52,0,0,0,0.0,0,0
75,Braydon Johnson,OKST,WR,14,239,17.1,32,0,0,0,0.0,0,0
76,Donavon Greene,WAKE,WR,8,238,29.8,96,1,0,0,0.0,0,0
77,Khmari Thompson,ILL,WR,13,234,18.0,35,0,0,0,0.0,0,0
78,Travis Jay,FSU,S,10,229,22.9,31,0,3,20,6.7,16,0
79,Zach Johnson,UK,DB,18,228,12.7,33,0,0,0,0.0,0,0
80,Ron Cook Jr.,BUFF,RB,9,227,25.2,33,0,8,73,9.1,27,0
81,Josh Kelly,FRES,WR,12,225,18.8,27,0,0,0,0.0,0,0
81,Trebor Pena,SYR,WR,7,225,32.1,98,1,0,0,0.0,0,0
83,Perry Carter,ULM,WR,12,218,18.2,52,0,5,31,6.2,13,0
83,Kenny McIntosh,UGA,RB,6,218,36.3,48,0,0,0,0.0,0,0
85,Quian Williams,EMU,WR,14,216,15.4,35,0,0,0,0.0,0,0
86,Jalen Virgil,APP,WR,7,215,30.7,100,1,0,0,0.0,0,0
87,Mike Harley Jr.,MIAMI,WR,11,213,19.4,38,0,5,-4,-0.8,2,0
88,Tayvian Cunningham,ARIZ,WR,12,212,17.7,28,0,0,0,0.0,0,0
89,Lyn-J Dixon,CLEM,RB,9,210,23.3,52,0,0,0,0.0,0,0
89,Gary Bryant Jr.,USC,WR,8,210,26.3,56,0,0,0,0.0,0,0
91,Antoine Robinson,USM,WR,11,208,18.9,29,0,0,0,0.0,0,0
92,Jahmyr Gibbs,GT,RB,8,205,25.6,75,0,0,0,0.0,0,0
93,Kobe Lewis,CMU,RB,14,203,14.5,39,0,0,0,0.0,0,0
93,Malik Knowles,KSU,WR,11,203,18.5,46,0,0,0,0.0,0,0
95,Jadan Blue,TEM,WR,11,202,18.4,28,0,0,0,0.0,0,0
96,Jordan Watkins,LOU,WR,11,198,18.0,29,0,0,0,0.0,0,0
96,Khaleb Hood,GASO,WR,13,198,15.2,33,0,12,122,10.2,53,1
96,E.J. Wilson,FIU,RB,5,198,39.6,100,1,0,0,0.0,0,0
99,Pooka Williams Jr.,KU,RB,7,197,28.1,92,1,0,0,0.0,0,0
100,Alante Brown,NEB,WR,12,196,16.3,29,0,0,0,0.0,0,0
101,Lamont Wade,PSU,S,5,192,38.4,100,1,0,0,0.0,0,0
102,Shane Simpson,TOW/UVA,RB,7,189,27.0,73,0,0,0,0.0,0,0
102,Travis Etienne Jr.,CLEM,RB,9,189,21.0,40,0,1,44,44.0,44,0
104,Jacquez Stuart,TOL,RB,10,187,18.7,32,0,0,0,0.0,0,0
105,Jalen Cropper,FRES,WR,9,184,20.4,25,0,0,0,0.0,0,0
106,De'Montre Tuggle,OHIO,RB,4,180,45.0,93,1,0,0,0.0,0,0
106,Danny Gray,SMU,WR,10,180,18.0,64,0,2,26,13.0,15,0
108,Chadarius Townsend,TTU,WR,9,179,19.9,28,0,0,0,0.0,0,0
109,Kyric McGowan,NW,WR,8,178,22.3,36,0,1,-8,-8.0,0,0
110,Bo Melton,RUTG,WR,7,177,25.3,39,0,1,58,58.0,58,1
111,Ihmir Smith-Marsette,IOWA,WR,8,176,22.0,33,0,0,0,0.0,0,0
111,Dontae Smith,GT,RB,12,176,14.7,30,0,0,0,0.0,0,0
111,Cam Wiley,MINN,RB,11,176,16.0,25,0,0,0,0.0,0,0
114,Travell Harris,WSU,WR,8,175,21.9,43,0,1,10,10.0,10,0
115,Chance Warren,NAVY,FB,22,173,7.9,37,0,1,1,1.0,1,0
116,Demetric Felton,UCLA,RB,8,168,21.0,33,0,0,0,0.0,0,0
117,Dakereon Joyner,SC,RB,7,165,23.6,52,0,0,0,0.0,0,0
117,Jesiah Irish,ORST,WR,9,165,18.3,30,0,1,26,26.0,26,0
119,Tyler Badie,MIZ,RB,13,163,12.5,39,0,0,0,0.0,0,0
120,DeAndre Torrey,UNT,RB,9,159,17.7,41,0,1,16,16.0,16,0
120,Shermari Jones,CCU,RB,16,159,9.9,37,0,0,0,0.0,0,0
122,Ja'Khi Douglas,FSU,WR,8,158,19.8,28,0,1,2,2.0,2,0
123,Melquise Stovall,HAW,WR,8,157,19.6,26,0,5,55,11.0,27,0
123,Aaron McAllister,CLT,RB,5,157,31.4,97,1,0,0,0.0,0,0
125,Michael Carter,UNC,RB,11,156,14.2,28,0,0,0,0.0,0,0
125,Mannie Logan-Greene,UNM,WR,5,156,31.2,72,0,6,32,5.3,14,0
125,Devin Chandler,WISC,WR,6,156,26.0,59,0,0,0,0.0,0,0
125,Chad Alexander,UNM,RB,11,156,14.2,22,0,0,0,0.0,0,0
129,Kadarius Toney,FLA,WR,12,155,12.9,37,0,11,139,12.6,50,1
130,Jermaine Brown Jr.,UAB,RB,8,153,19.1,47,0,0,0,0.0,0,0
131,Maurice Bell,COLO,WR,7,151,21.6,28,0,0,0,0.0,0,0
132,Phillip Brooks,KSU,WR,8,150,18.8,31,0,11,261,23.7,55,2
133,Brennan Presley,OKST,WR,7,149,21.3,39,0,4,18,4.5,15,0
134,Bryan Massey,SMU,DB,7,148,21.1,26,0,1,43,43.0,43,0
135,Dayton Wade,WKU,WR,18,147,8.2,24,0,3,2,0.7,2,0
135,Isaiah Jacobs,MD,RB,9,147,16.3,30,0,0,0,0.0,0,0
137,Marquez Stevenson,HOU,WR,4,145,36.3,97,1,0,0,0.0,0,0
137,Deuce Vaughn,KSU,RB,7,145,20.7,40,0,0,0,0.0,0,0
137,Jake Bailey,RICE,WR,7,145,20.7,39,0,2,40,20.0,24,0
140,Jayden Harrison,VAN,WR,9,141,15.7,27,0,0,0,0.0,0,0
141,Joshua Fleeks,BAY,WR,8,137,17.1,29,0,0,0,0.0,0,0
141,DK Kaufman,VAN,S,5,137,27.4,58,0,0,0,0.0,0,0
143,Julian Ross,OHIO,RB,2,135,67.5,96,1,0,0,0.0,0,0
144,Isaac Jernagin,NEV,WR,6,134,22.3,28,0,0,0,0.0,0,0
145,Keyshawn Helton,FSU,WR,5,130,26.0,37,0,6,26,4.3,8,0
146,Wesley Kennedy III,GASO,RB,10,129,12.9,25,0,5,71,14.2,60,1
146,Tank Dell,HOU,WR,5,129,25.8,32,0,1,7,7.0,7,0
148,Gabriel Rogers,MEM,WR,6,126,21.0,34,0,0,0,0.0,0,0
149,Jeff Foreman,ARST,WR,9,124,13.8,39,0,0,0,0.0,0,0
150,Beanie Bishop Jr.,WKU,CB,4,123,30.8,43,0,0,0,0.0,0,0
151,Dannis Jackson,MISS,WR,5,122,24.4,33,0,0,0,0.0,0,0
152,Quavian White,GAST,CB,18,121,6.7,26,0,5,31,6.2,12,0
152,JaVonta Payton,MSST,WR,7,121,17.3,26,0,0,0,0.0,0,0
154,De'Vion Warren,ARK,WR,6,120,20.0,32,0,0,0,0.0,0,0
154,Jahmyl Jeter,TXST,RB,10,120,12.0,24,0,0,0,0.0,0,0
156,Jaylan Knighton,MIAMI,RB,7,118,16.9,27,0,0,0,0.0,0,0
156,Brian Battie,USF,RB,6,118,19.7,31,0,0,0,0.0,0,0
156,John Gentry,USU,RB,5,118,23.6,29,0,0,0,0.0,0,0
159,Calvin Camp,CLT,RB,9,115,12.8,24,0,0,0,0.0,0,0
159,Terrence Horne,USF,WR,7,115,16.4,34,0,0,0,0.0,0,0
161,Stephan Bracey Jr.,WISC,WR,6,114,19.0,33,0,0,0,0.0,0,0
161,Charlie Bostic III,SJSU,CB,3,114,38.0,99,1,0,0,0.0,0,0
163,Britain Covey,UTAH,WR,7,113,16.1,40,0,8,129,16.1,64,1
163,Malik Jackson,ULM,RB,9,113,12.6,22,0,0,0,0.0,0,0
165,CJ Marable,CCU,RB,13,112,8.6,24,0,0,0,0.0,0,0
165,Alex Hogan,TTU,DB,7,112,16.0,26,0,0,0,0.0,0,0
167,Isaiah Graham,LT,WR,10,111,11.1,20,0,0,0,0.0,0,0
167,Mark Pope,MIAMI,WR,6,111,18.5,31,0,7,32,4.6,20,0
169,Danzel McKinley-Lewis,TOL,WR,8,110,13.8,25,0,3,9,3.0,6,0
169,Jha'Quan Jackson,TULN,WR,5,110,22.0,43,0,16,216,13.5,54,0
171,Kris Hutson,ORE,WR,5,107,21.4,36,0,0,0,0.0,0,0
172,Rishard Dames,FIU,DB,8,106,13.3,19,0,1,23,23.0,23,0
173,Caullin Lacy,USA,WR,9,105,11.7,27,0,3,3,1.0,2,0
174,Marcus Jones,HOU,CB,5,102,20.4,27,0,18,337,18.7,72,1
174,Shaun Shivers,AUB,RB,6,102,17.0,34,0,0,0,0.0,0,0
176,Bryson Carroll,UNM,RB,7,101,14.4,35,0,0,0,0.0,0,0
176,Ja'Shaun Poke,KENT,WR,4,101,25.3,39,0,0,0,0.0,0,0
178,Parker Washington,PSU,WR,8,100,12.5,25,0,0,0,0.0,0,0
179,Brandon Crossley,CSU/SMU,S,5,97,19.4,26,0,0,0,0.0,0,0
180,Blake Corum,MICH,RB,6,96,16.0,32,0,1,0,0.0,0,0
180,Keaton Mitchell,ECU,RB,6,96,16.0,36,0,0,0,0.0,0,0
182,Reggie Roberson Jr.,SMU,WR,4,95,23.8,27,0,1,0,0.0,0,0
182,Connor Wedington,STAN,WR,4,95,23.8,27,0,0,0,0.0,0,0
182,Ricky Person Jr.,NCST,RB,6,95,15.8,30,0,0,0,0.0,0,0
182,Christian Lovick,TLSA,RB,5,95,19.0,24,0,0,0,0.0,0,0
186,Myron Mitchell,UAB,WR,6,94,15.7,29,0,7,38,5.4,16,0
187,Eli Stove,AUB,WR,3,93,31.0,47,0,4,30,7.5,11,0
187,Sean McGrew,WASH,RB,7,93,13.3,26,0,0,0,0.0,0,0
187,Devyn Ford,PSU,RB,6,93,15.5,28,0,0,0,0.0,0,0
190,Jahleel Billingsley,ALA,TE,6,89,14.8,27,0,0,0,0.0,0,0
191,Ryan Montgomery,CIN,RB,4,87,21.8,32,0,14,110,7.9,21,0
192,Tre Brown,OU,CB,2,86,43.0,43,0,0,0,0.0,0,0
192,Roschon Johnson,TEX,RB,6,86,14.3,21,0,0,0,0.0,0,0
194,Nathaniel Jones,UNM,RB,4,85,21.3,34,0,0,0,0.0,0,0
194,Kenyon Reed,SJSU,CB,4,85,21.3,27,0,9,90,10.0,23,0
196,Noah Whittington,WKU,RB,6,84,14.0,21,0,0,0,0.0,0,0
197,Kyler Pearson,KU,WR,9,83,9.2,22,0,0,0,0.0,0,0
198,Elijah Mitchell,UL,RB,5,82,16.4,27,0,0,0,0.0,0,0
198,Austin Trammell,RICE,WR,3,82,27.3,33,0,5,27,5.4,23,0
198,Ke'Shawn Williams,WAKE,WR,5,82,16.4,27,0,0,0,0.0,0,0
201,Braden Smith,LOU,WR,4,81,20.3,23,0,0,0,0.0,0,0
202,Rico Arnold,CLT,WR,4,79,19.8,24,0,0,0,0.0,0,0
203,Demario McCall,OSU,CB,10,78,7.8,29,0,0,0,0.0,0,0
203,Zamir White,UGA,RB,3,78,26.0,35,0,0,0,0.0,0,0
203,Deven Thompkins,USU,WR,4,78,19.5,25,0,0,0,0.0,0,0
206,Justin Garrett,UTEP,WR,4,77,19.3,25,0,7,23,3.3,18,0
206,Johnny Richardson,UCF,RB,4,77,19.3,26,0,0,0,0.0,0,0
208,Cedric Mitchell,BGSU,DB,4,76,19.0,34,0,0,0,0.0,0,0
208,Billy Kemp IV,UVA,WR,4,76,19.0,24,0,14,71,5.1,19,0
208,Courtney Reese,UNLV,RB,7,76,10.9,25,0,0,0,0.0,0,0
208,Rasheen Ali,MRSH,RB,4,76,19.0,27,0,0,0,0.0,0,0
212,Jah'Quez Evans,USF,WR,4,75,18.8,48,0,0,0,0.0,0,0
212,Tony Wallace,TCU,CB,4,75,18.8,24,0,0,0,0.0,0,0
214,Markenzy Pierre,SYR,RB,3,72,24.0,27,0,0,0,0.0,0,0
214,Zyon Gilbert,FAU,CB,4,72,18.0,23,0,0,0,0.0,0,0
216,Thomas Hennigan,APP,WR,4,71,17.8,27,0,7,45,6.4,15,0
217,Malik Williams,APP,WR,5,70,14.0,25,0,12,110,9.2,36,0
218,Peter Stehr,BC,RB,5,69,13.8,20,0,0,0,0.0,0,0
218,Jsi Hatfield,ECU,WR,4,69,17.3,22,0,0,0,0.0,0,0
220,Deneric Prince,TLSA,RB,5,68,13.6,20,0,0,0,0.0,0,0
221,Michael Barrett,MICH,LB,1,66,66.0,66,0,0,0,0.0,0,0
221,Cam Roberson,MASS,WR,4,66,16.5,36,0,0,0,0.0,0,0
223,Keshawn King,VT,RB,3,65,21.7,29,0,0,0,0.0,0,0
223,Snoop Conner,MISS,RB,9,65,7.2,25,0,0,0,0.0,0,0
223,Javon Ivory,MEM,WR,4,65,16.3,18,0,0,0,0.0,0,0
223,Ty Lindenman,ILL,WR,4,65,16.3,26,0,0,0,0.0,0,0
227,Jaelen Gill,BC,WR,4,63,15.8,20,0,8,61,7.6,18,0
227,Toa Taua,NEV,RB,3,63,21.0,27,0,0,0,0.0,0,0
229,Chase Brown,ILL,RB,6,62,10.3,20,0,0,0,0.0,0,0
229,Isaiah McKoy,KENT,WR,5,62,12.4,23,0,0,0,0.0,0,0
231,Kayshon Boutte,LSU,WR,4,60,15.0,26,0,0,0,0.0,0,0
232,Jacolby Hewitt,IU,WR,4,59,14.8,21,0,0,0,0.0,0,0
232,DeJuan Ellis,MD,WR,5,59,11.8,25,0,0,0,0.0,0,0
232,Jermaine Johnson,MASS,WR,4,59,14.8,21,0,0,0,0.0,0,0
232,Myles Price,TTU,WR,4,59,14.8,29,0,0,0,0.0,0,0
236,Coco Azema,NW,DB,3,57,19.0,35,0,0,0,0.0,0,0
237,Brian Robinson Jr.,ALA,RB,3,56,18.7,25,0,0,0,0.0,0,0
237,Myles Fells,NAVY,RB,5,56,11.2,34,0,0,0,0.0,0,0
237,Tye Evans,BALL,RB,2,56,28.0,31,0,0,0,0.0,0,0
240,Nikko Remigio,CAL,WR,6,55,9.2,22,0,7,33,4.7,19,0
240,La'Vontae Shenault,COLO,WR,2,55,27.5,39,0,0,0,0.0,0,0
240,C.J. Jones,WKU,DB,3,55,18.3,24,0,0,0,0.0,0,0
243,Rahmir Johnson,NEB,RB,3,54,18.0,22,0,0,0,0.0,0,0
243,Joshua Youngblood,KSU,WR,3,54,18.0,22,0,0,0,0.0,0,0
245,DeVonta Smith,ALA,DB,6,52,8.7,22,0,11,237,21.5,84,1
245,Olaijah Griffin,USC,CB,3,52,17.3,27,0,1,-2,-2.0,0,0
245,Dior Scott,HAW,WR,3,52,17.3,31,0,7,9,1.3,7,0
248,A.J. Howard,ARMY,RB,4,51,12.8,24,0,0,0,0.0,0,0
248,Jayy McDonald,MTSU,RB,4,51,12.8,23,0,0,0,0.0,0,0
250,Richard Bowens III,CMU,DB,3,48,16.0,18,0,0,0,0.0,0,0
250,Kevin Marks Jr.,BUFF,RB,3,48,16.0,22,0,0,0,0.0,0,0
250,Jason Taylor II,OKST,S,1,48,48.0,48,1,0,0,0.0,0,0
253,Mohamed Ibrahim,MINN,RB,2,47,23.5,27,0,0,0,0.0,0,0
253,Shi Smith,SC,WR,9,47,5.2,31,0,0,0,0.0,0,0
255,Trey Ragas,UL,RB,4,46,11.5,20,0,0,0,0.0,0,0
255,Michael Mathison,AKR,WR,3,46,15.3,17,0,0,0,0.0,0,0
255,Te'Rai Powell,MASS,DB,4,46,11.5,26,0,0,0,0.0,0,0
258,Stephon Huderson,TULN,RB,4,45,11.3,22,0,0,0,0.0,0,0
258,Chandler Whitfield,ULM,WR,3,45,15.0,18,0,0,0,0.0,0,0
258,Corey Wren,FSU,LB,3,45,15.0,22,0,0,0,0.0,0,0
258,Daniel Hishaw Jr.,KU,RB,5,45,9.0,19,0,0,0,0.0,0,0
262,Keylon Stokes,TLSA,WR,2,43,21.5,24,0,14,57,4.1,17,0
262,Amon-Ra St. Brown,USC,WR,2,43,21.5,23,0,6,32,5.3,11,0
262,Nic Jones,BALL,CB,2,43,21.5,24,0,1,0,0.0,0,0
262,Brandon Hayes,USM,WR,2,43,21.5,24,0,0,0,0.0,0,0
266,Travis Tisdale,UK,RB,4,42,10.5,22,0,0,0,0.0,0,0
266,Damarion Williams,HOU,CB,2,42,21.0,21,0,2,25,12.5,25,0
268,Cam Johnson,VAN,WR,7,41,5.9,22,0,5,46,9.2,21,0
268,Josh Williams,LSU,RB,8,41,5.1,28,0,0,0,0.0,0,0
270,Ivory Kelly-Martin,IOWA,RB,2,40,20.0,23,0,0,0,0.0,0,0
270,John Lovett,BAY,RB,2,40,20.0,25,0,0,0,0.0,0,0
270,Kyron Cumby,ILL,RB,2,40,20.0,22,0,0,0,0.0,0,0
270,Jeremiah Fails,WKU,WR,4,40,10.0,16,0,0,0,0.0,0,0
270,Nay'Quan Wright,FLA,RB,5,40,8.0,25,0,0,0,0.0,0,0
270,Ben Johnson,OHIO,S,3,40,13.3,27,0,0,0,0.0,0,0
276,Jaylen Waddle,ALA,WR,4,39,9.8,22,0,2,13,6.5,11,0
276,Jordan Addison,PITT,WR,4,39,9.8,20,0,2,15,7.5,21,0
278,Devonta'e Henry-Cole,USU,RB,2,38,19.0,20,0,0,0,0.0,0,0
279,Daevon Vigilant,UNM,RB,2,37,18.5,20,0,0,0,0.0,0,0
279,Randle Jones,TEM,WR,2,37,18.5,22,0,0,0,0.0,0,0
279,Jaylon Redd,ORE,WR,2,37,18.5,23,0,0,0,0.0,0,0
279,Tim Jones,USM,WR,1,37,37.0,37,0,0,0,0.0,0,0
279,BJ Busbee,SDSU,WR,2,37,18.5,19,0,3,87,29.0,90,1
279,Dylan Drummond,EMU,WR,2,37,18.5,19,0,2,7,3.5,8,0
279,Nathan Parodi,ARK,DB,9,37,4.1,18,0,4,14,3.5,15,0
279,Dee Baker,USM,CB,3,37,12.3,24,0,0,0,0.0,0,0
279,ChaVon McEachern,CLT,RB,2,37,18.5,26,0,0,0,0.0,0,0
279,DJ Smith,EMU,RB,3,37,12.3,20,0,0,0,0.0,0,0
279,Brenden Rice,COLO,WR,2,37,18.5,22,0,1,81,81.0,81,1
290,B.J. Daniels,UTSA,RB,4,36,9.0,19,0,0,0,0.0,0,0
290,Jafar Armstrong,ND,WR,2,36,18.0,36,0,0,0,0.0,0,0
292,Alec Sinkfield,WVU,RB,2,35,17.5,20,0,19,101,5.3,22,0
292,Leonard Parker,USF,RB,1,35,35.0,35,0,0,0,0.0,0,0
294,Steven Witchoskey,WKU,TE,3,34,11.3,18,0,0,0,0.0,0,0
294,Justin Shorter,FLA,WR,2,34,17.0,18,0,0,0,0.0,0,0
294,Omarion Dollison,USF,WR,2,34,17.0,18,0,1,0,0.0,0,1
294,Mark Walker,NAVY,WR,1,34,34.0,34,0,9,25,2.8,12,0
298,Jamarye Joiner,ARIZ,WR,3,33,11.0,17,0,5,35,7.0,33,0
299,Christian Beal-Smith,WAKE,RB,3,32,10.7,14,0,0,0,0.0,0,0
299,Jashaun Corbin,FSU,RB,2,32,16.0,21,0,0,0,0.0,0,0
299,Jermar Jefferson,ORST,RB,4,32,8.0,18,0,0,0,0.0,0,0
299,Ben Peterson,AFA,WR,3,32,10.7,32,0,1,5,5.0,5,0
299,An'Darius Coffey,MEM,DB,2,32,16.0,16,0,0,0,0.0,0,0
304,Jalen Holston,VT,RB,2,31,15.5,18,0,0,0,0.0,0,0
304,Terrance Dixon,GAST,WR,9,31,3.4,31,0,1,-3,-3.0,0,0
304,TJ Pledger,OU,RB,2,31,15.5,20,0,0,0,0.0,0,0
307,Julon Williams,HOU/UTSA,RB,2,30,15.0,17,0,0,0,0.0,0,0
307,Chase Lane,TA&M,WR,8,30,3.8,20,0,0,0,0.0,0,0
307,Anthony Watkins,TLSA,RB,2,30,15.0,18,0,0,0,0.0,0,0
310,Jordan Myers,RICE,TE,2,29,14.5,23,0,1,0,0.0,0,0
310,Tray Eafford,TROY,WR,3,29,9.7,20,0,0,0,0.0,0,0
310,Jalen Walker,M-OH,WR,2,29,14.5,21,0,5,50,10.0,20,0
310,Quincy Riley,MTSU,CB,4,29,7.3,15,0,3,6,2.0,6,0
314,Eric Garror,UL,CB,1,28,28.0,28,0,20,156,7.8,83,1
315,Ronnie Blackmon,TOL,WR,2,27,13.5,16,0,13,59,4.5,15,0
315,George Douglas IV,CMU,LB,1,27,27.0,27,0,0,0,0.0,0,0
315,Jordan Houston,NCST,RB,3,27,9.0,15,0,0,0,0.0,0,0
318,Kalil Pimpleton,CMU,WR,3,26,8.7,28,0,8,55,6.9,24,0
318,Brenden Knox,MRSH,RB,2,26,13.0,17,0,0,0,0.0,0,0
318,KeSean Carter,TTU,WR,2,26,13.0,26,0,0,0,0.0,0,0
318,Keegan Jones,UCLA,RB,9,26,2.9,14,0,0,0,0.0,0,0
318,JuTahn McClain,UK,RB,1,26,26.0,26,0,0,0,0.0,0,0
318,Dontae Fleming,UL,WR,1,26,26.0,26,0,2,37,18.5,33,0
318,Ryan Kilburg,WMU,S,2,26,13.0,27,0,0,0,0.0,0,0
318,Tre' Harris,LT,WR,4,26,6.5,14,0,0,0,0.0,0,0
326,Jyran Mitchell,NIU,WR,1,25,25.0,25,0,0,0,0.0,0,0
326,Trey Potts,MINN,RB,1,25,25.0,25,0,0,0,0.0,0,0
326,Joey Hobert,WSU,WR,3,25,8.3,15,0,0,0,0.0,0,0
326,David Ellis,IU,RB,1,25,25.0,25,0,0,0,0.0,0,0
326,Michael LoVett III,UNM,CB,1,25,25.0,25,0,0,0,0.0,0,0
326,Jawaun Johnson,LT,WR,1,25,25.0,25,0,0,0,0.0,0,0
332,ZaQuandre White,SC,RB,3,24,8.0,23,0,0,0,0.0,0,0
332,Max Fisher,NCST,S,1,24,24.0,24,0,1,8,8.0,8,1
332,Brody Belt,NEB,WR,2,24,12.0,13,0,0,0,0.0,0,0
332,NaJee Thompson,GASO,DB,3,24,8.0,22,0,1,18,18.0,18,0
332,Seth Porter,KSU,WR,1,24,24.0,24,0,1,18,18.0,18,0
337,Carl Tucker,UNC/ALA,TE,1,23,23.0,23,0,0,0,0.0,0,0
337,Tywan Francis,CSU,S,1,23,23.0,23,0,0,0,0.0,0,0
337,Darwin Barlow,TCU,RB,3,23,7.7,23,0,0,0,0.0,0,0
340,Malik Davis,FLA,RB,2,22,11.0,22,0,0,0,0.0,0,0
340,C.J. Holmes,KENT,S,1,22,22.0,22,0,0,0,0.0,0,0
340,Tre Siggers,UNT,RB,1,22,22.0,22,0,0,0,0.0,0,0
340,Raheem Blackshear,VT,RB,1,22,22.0,22,0,3,20,6.7,21,0
340,Yusuf Ali,MTSU,WR,1,22,22.0,22,0,0,0,0.0,0,0
340,Juanyeh Thomas,GT,S,3,22,7.3,13,0,0,0,0.0,0,0
340,DaShon Bussell,WMU,CB,1,22,22.0,22,0,4,24,6.0,13,0
340,Jawhar Jordan,SYR,RB,1,22,22.0,22,0,0,0,0.0,0,0
340,Jamison Kelly,LT,DB,1,22,22.0,22,0,0,0,0.0,0,0
340,Dae Dae Hunter,HAW,RB,1,22,22.0,22,0,0,0,0.0,0,0
340,Rachaad White,ASU,RB,2,22,11.0,22,0,3,11,3.7,9,0
351,Qwuantrezz Knight,UCLA,S,1,21,21.0,21,0,0,0,0.0,0,0
351,Rontavius Groves,UNC,WR,2,21,10.5,21,0,1,-1,-1.0,0,0
351,Jake Molinich,BUFF,TE,2,21,10.5,12,0,0,0,0.0,0,0
351,Perris Jones,UVA,RB,3,21,7.0,16,0,0,0,0.0,0,0
351,Reese Taylor,IU,DB,2,21,10.5,21,0,9,73,8.1,21,0
351,Jalen Nailor,MSU,WR,3,21,7.0,21,0,2,18,9.0,17,0
351,Joachim Bangda,KENT,RB,1,21,21.0,21,0,0,0,0.0,0,0
351,Ontario Russell,M-OH,RB,1,21,21.0,21,0,0,0,0.0,0,0
351,Keon Zipperer,FLA,TE,2,21,10.5,13,0,0,0,0.0,0,0
351,Cam Davis,WASH,RB,1,21,21.0,21,0,0,0,0.0,0,0
361,Brady Schipper,WISC,RB,1,20,20.0,20,0,0,0,0.0,0,0
361,Tahj Magee,LT,WR,1,20,20.0,20,0,0,0,0.0,0,0
361,Michel Dukes,CLEM,RB,3,20,6.7,20,0,0,0,0.0,0,0
361,Casey Filkins,STAN,RB,1,20,20.0,20,0,0,0,0.0,0,0
361,Vincent Davis Jr.,PITT,RB,1,20,20.0,20,0,0,0,0.0,0,0
361,Kairee Robinson,SJSU,RB,3,20,6.7,20,0,0,0,0.0,0,0
361,Jalen Brooks,SC,WR,3,20,6.7,20,0,0,0,0.0,0,0
368,Kwamie Lassiter II,KU,WR,2,19,9.5,19,0,4,-5,-1.3,0,0
368,Dazz Newsome,UNC,WR,1,19,19.0,19,0,17,168,9.9,38,0
368,Jimmy Daw,BALL,LB,4,19,4.8,8,0,0,0,0.0,0,0
368,DeJordan Mask,TXST,DB,1,19,19.0,19,0,0,0,0.0,0,0
368,Rakim Jarrett,MD,WR,1,19,19.0,19,0,0,0,0.0,0,0
368,Reese White,CCU,RB,2,19,9.5,19,0,0,0,0.0,0,0
368,Rodrigues Clark,MEM,RB,1,19,19.0,19,0,0,0,0.0,0,0
368,Marvin Mims Jr.,OU,WR,1,19,19.0,19,0,13,162,12.5,38,0
376,Nic Smith,UNT,RB,5,18,3.6,14,0,0,0,0.0,0,0
376,Dexter Carter Jr.,GASO,TE,3,18,6.0,18,0,0,0,0.0,0,0
376,DeMario Douglas,LIB,WR,1,18,18.0,18,0,15,166,11.1,73,1
376,Terion Stewart,BGSU,RB,1,18,18.0,18,0,0,0,0.0,0,0
376,DJ Jones,UNC,RB,1,18,18.0,18,0,0,0,0.0,0,0
381,Trey Sanders,ALA,RB,1,17,17.0,17,0,0,0,0.0,0,0
381,Elijah Hamilton,VAN,DB,1,17,17.0,17,0,0,0,0.0,0,0
381,Gavin Holmes,BAY,WR,2,17,8.5,17,0,2,14,7.0,11,0
381,Jamyest Williams,GAST,RB,1,17,17.0,17,0,0,0,0.0,0,0
381,D'Wayne Crawford,LIB,WR,1,17,17.0,17,0,0,0,0.0,0,0
381,Julian Barnett,MSU,DB,1,17,17.0,17,0,0,0,0.0,0,0
381,Lincoln Victor,HAW,WR,1,17,17.0,17,0,0,0,0.0,0,0
381,Calvin Hill,TXST,RB,1,17,17.0,17,0,0,0,0.0,0,0
381,Xavier White,TTU,WR,1,17,17.0,17,0,0,0,0.0,0,0
381,Silas Bolden,ORST,WR,1,17,17.0,17,0,0,0,0.0,0,0
391,Dayton Metcalf,OKST,TE,1,16,16.0,16,0,0,0,0.0,0,0
391,Quentin Lake,UCLA,S,1,16,16.0,16,0,0,0,0.0,0,0
391,T.K. Wilkerson,TLSA,RB,1,16,16.0,16,0,0,0,0.0,0,0
391,Milton Wright,PUR,WR,1,16,16.0,16,0,0,0,0.0,0,0
391,Dorian Morris,UNT,WR,1,16,16.0,16,0,0,0,0.0,0,0
391,AJ Vongphachanh,USU,LB,1,16,16.0,16,0,0,0,0.0,0,0
391,Micah Kelly,TOL,RB,1,16,16.0,16,0,0,0,0.0,0,0
391,Bijan Robinson,TEX,RB,1,16,16.0,16,0,0,0,0.0,0,0
399,Isaac James-Gray,BALL,WR,1,15,15.0,15,0,0,0,0.0,0,0
399,Cornell Powell,CLEM,WR,1,15,15.0,15,0,0,0,0.0,0,0
399,Landon Wolf,OKST,WR,3,15,5.0,9,0,0,0,0.0,0,0
399,Ben Miles,KU,FB,2,15,7.5,8,0,0,0,0.0,0,0
399,Nick Tarburton,PSU,DE,1,15,15.0,15,0,0,0,0.0,0,0
399,Sheldon Jones,UTSA,WR,1,15,15.0,15,0,21,66,3.1,14,0
399,Troy Henderson,LIB,RB,1,15,15.0,15,0,0,0,0.0,0,0
399,Henry Parrish Jr.,MISS,RB,1,15,15.0,15,0,0,0,0.0,0,0
399,Chris Carpenter,COLO,WR,1,15,15.0,15,0,0,0,0.0,0,0
408,Carlinos Acie,NAVY,FB,1,14,14.0,14,0,0,0,0.0,0,0
408,Kobi Thomas,MD,LB,1,14,14.0,14,0,0,0,0.0,0,0
408,Trevor Wilson,BUFF,WR,1,14,14.0,14,0,0,0,0.0,0,0
411,Audie Omotosho,ECU,WR,1,13,13.0,13,0,0,0,0.0,0,0
411,Brandon Bowling,ARST,WR,1,13,13.0,13,0,2,1,0.5,1,0
411,Jarek Broussard,COLO,RB,1,13,13.0,13,0,0,0,0.0,0,0
411,Jack Colletto,ORST,FB,2,13,6.5,13,0,0,0,0.0,0,0
411,Leroy Watson IV,UTSA,TE,1,13,13.0,13,0,0,0,0.0,0,0
416,Mitchell Brinkman,USF/NIU,TE,1,12,12.0,12,0,0,0,0.0,0,0
416,Luke Brasher,UAB,LB,1,12,12.0,12,0,0,0,0.0,0,0
416,Chris Autman-Bell,MINN,WR,2,12,6.0,12,0,0,0,0.0,0,0
416,Tyler Page,SMU,WR,1,12,12.0,12,0,12,182,15.2,39,0
416,Jeshaun Jones,MD,WR,1,12,12.0,12,0,2,5,2.5,5,0
416,Casey Kelly,MISS,TE,1,12,12.0,12,0,0,0,0.0,0,0
416,Mitch Bartol,WMU,TE,3,12,4.0,7,0,0,0,0.0,0,0
416,Lincoln Pare,ARST,RB,4,12,3.0,12,0,0,0,0.0,0,0
416,Tez Johnson,TROY,WR,1,12,12.0,12,0,9,42,4.7,18,0
425,Aaron Hackett,SYR,TE,3,11,3.7,7,0,0,0,0.0,0,0
425,Blake Bogan,EMU,DB,1,11,11.0,11,0,0,0,0.0,0,0
425,Miles Reed,HAW,RB,1,11,11.0,11,0,0,0,0.0,0,0
425,Trent Thompson,UTEP,TE,1,11,11.0,11,0,0,0,0.0,0,0
425,Jack McCrory,OHIO,DE,1,11,11.0,11,0,0,0,0.0,0,0
425,Pearse Migl,UL,TE,1,11,11.0,11,0,0,0,0.0,0,0
425,Xavier Johnson,OSU,WR,1,11,11.0,11,0,0,0,0.0,0,0
425,Issiah Nixon,TXST,LB,1,11,11.0,11,0,0,0,0.0,0,0
425,Jaden Walley,MSST,WR,1,11,11.0,11,0,2,21,10.5,20,0
425,Zach Fryar,UTEP,TE,1,11,11.0,11,0,0,0,0.0,0,0
435,Kamari Pleasant,WASH,RB,1,10,10.0,10,0,0,0,0.0,0,0
435,Peytton Pickett,LIB,RB,3,10,3.3,10,0,0,0,0.0,0,0
435,Cody Rudy,BALL,FB,1,10,10.0,10,0,0,0,0.0,0,0
435,Rory Walling,ISU,RB,1,10,10.0,10,0,0,0,0.0,0,0
435,Austin Upshaw,SMU,WR,1,10,10.0,10,0,0,0,0.0,0,0
435,Michael Bollinger,LIB,TE,1,10,10.0,10,0,0,0,0.0,0,0
435,Marcel Murray,ARST,RB,1,10,10.0,10,0,0,0,0.0,0,0
435,Gurvan Hall Jr.,MIAMI,S,1,10,10.0,10,0,3,-4,-1.3,1,0
435,Tyquan Thornton,BAY,WR,1,10,10.0,10,0,0,0,0.0,0,0
435,Gerrit Prince,UAB,TE,1,10,10.0,10,0,0,0,0.0,0,0
435,Oscar Cardenas,UTSA,TE,1,10,10.0,10,0,0,0,0.0,0,0
435,Jourdan Heilig,APP,LB,1,10,10.0,10,0,0,0,0.0,0,0
435,Patrick Garwo III,BC,RB,1,10,10.0,10,0,0,0,0.0,0,0
435,JaQues Evans,WKU,LB,1,10,10.0,10,0,0,0,0.0,0,0
435,De'Von Fox,TEM,WR,1,10,10.0,10,0,0,0,0.0,0,0
435,Trystan Slinker,BAY,LB,1,10,10.0,10,0,0,0,0.0,0,0
435,DJ England-Chisolm,MTSU,WR,3,10,3.3,10,0,0,0,0.0,0,0
435,Preston Daniel,FSU,TE,1,10,10.0,10,0,0,0,0.0,0,0
453,Chaton Mobley,MTSU,RB,1,9,9.0,9,0,0,0,0.0,0,0
453,Luke Cameron,EMU,LB,1,9,9.0,9,0,0,0,0.0,0,0
453,Josh Delgado,ORE,WR,1,9,9.0,9,0,2,3,1.5,5,0
453,Caziah Holmes,PSU,RB,1,9,9.0,9,0,0,0,0.0,0,0
453,Mitchell Kulkin,TLSA,LB,1,9,9.0,9,0,0,0,0.0,0,0
453,Manny Stokes Jr.,CCU,CB,2,9,4.5,9,0,0,0,0.0,0,0
453,Doug Bates,TOL,TE,1,9,9.0,9,0,0,0,0.0,0,0
453,Grant Smith,WMU,C,3,9,3.0,5,0,0,0,0.0,0,0
461,T.Q. Jackson,SMU,S,1,8,8.0,8,0,5,-4,-0.8,7,0
462,Dylan Parham,NCST,TE,1,7,7.0,7,0,0,0,0.0,0,0
462,Chandler Smith,HOU,RB,1,7,7.0,7,0,0,0,0.0,0,0
462,Ryan Mitchell,NAVY,WR,1,7,7.0,7,0,0,0,0.0,0,0
462,Devin Thomas,USM,LB,3,7,2.3,5,0,0,0,0.0,0,0
462,Chance Bell,SDSU,RB,1,7,7.0,7,0,0,0,0.0,0,0
462,Jesson Walker,FIU,DB,1,7,7.0,7,0,0,0,0.0,0,0
462,Tristen Tewes,NIU,TE,1,7,7.0,7,0,0,0,0.0,0,0
462,Keyon Mozee,KSU,RB,1,7,7.0,7,0,0,0,0.0,0,0
462,Bryce Kennon,CLT,TE,1,7,7.0,7,0,0,0,0.0,0,0
462,Zack Magdis,MASS,LB,1,7,7.0,7,0,0,0,0.0,0,0
472,Josh Stewart,TLSA,WR,1,6,6.0,6,0,0,0,0.0,0,0
472,Jaetavian Toles,TULN,WR,1,6,6.0,6,0,0,0,0.0,0,0
472,Cole McCrary,UNT,TE,2,6,3.0,6,0,0,0,0.0,0,0
472,Kaleb Smith,VT,WR,1,6,6.0,6,0,0,0,0.0,0,0
472,Seth Hayes,ARST,TE,1,6,6.0,6,0,0,0,0.0,0,0
472,Keyvone Lee,PSU,RB,1,6,6.0,6,0,0,0,0.0,0,0
472,Carson Rieder,LT,FB,1,6,6.0,6,0,0,0,0.0,0,0
479,Jaeger Bull,RICE,TE,1,5,5.0,5,0,0,0,0.0,0,0
479,Nick Allen,KSU,LB,1,5,5.0,5,0,1,10,10.0,10,0
479,Cody Fletcher,KSU,LB,2,5,2.5,4,0,0,0,0.0,0,0
482,Jeff Burroughs,WYO,FB,1,4,4.0,4,0,0,0,0.0,0,0
482,Chase Hayden,ECU,RB,1,4,4.0,4,0,0,0,0.0,0,0
482,CT Thomas,BSU,WR,1,4,4.0,4,0,0,0,0.0,0,0
482,Ben VanSumeren,MICH,LB,1,4,4.0,4,0,0,0,0.0,0,0
482,Marcellus Moore,PUR,WR,1,4,4.0,4,0,0,0,0.0,0,0
482,Kole Taylor,LSU,TE,2,4,2.0,4,0,0,0,0.0,0,0
482,Ladarius Tennison,AUB,DB,5,4,0.8,4,0,0,0,0.0,0,0
482,Garrett Wilson,OSU,WR,1,4,4.0,4,0,8,51,6.4,22,0
482,Tyler Eiguren,BSU,TE,1,4,4.0,4,0,0,0,0.0,0,0
491,Dimitri Stanley,COLO,WR,1,3,3.0,3,0,10,77,7.7,26,0
491,Brenden Brady,UTSA,RB,1,3,3.0,3,0,0,0,0.0,0,0
491,Avery Young,RUTG,DB,1,3,3.0,3,0,10,41,4.1,11,0
491,Will Kakavitsas,VT,WR,1,3,3.0,3,0,0,0,0.0,0,0
491,DeShawn Hanika,ISU,TE,3,3,1.0,3,0,0,0,0.0,0,0
496,Javonis Isaac,ARST,TE,6,2,0.3,2,0,0,0,0.0,0,0
496,Connor Killian,TTU,TE,1,2,2.0,2,0,0,0,0.0,0,0
496,Antonio Nunn,BUFF,WR,2,2,1.0,2,0,0,0,0.0,0,0
496,Hugh Davis,BC,LB,1,2,2.0,2,0,0,0,0.0,0,0
496,Allen Dailey Jr.,UK,WR,1,2,2.0,2,0,0,0,0.0,0,0
496,Noah Seiden,TULN,DE,1,2,2.0,2,0,0,0,0.0,0,0
496,Alex Lines,UNLV,TE,1,2,2.0,2,0,0,0,0.0,0,0
503,Jahmari Moore,WYO,FB,1,1,1.0,1,0,0,0,0.0,0,0
503,Shaine Hailey,SMU,LB,1,1,1.0,1,0,0,0,0.0,0,0
503,Jordan Williams,BALL,TE,1,1,1.0,1,0,0,0,0.0,0,0
503,Alec McEachern,ILL,LB,1,1,1.0,1,0,0,0,0.0,0,0
503,Emmanuel Galvan-Vazquez,TXST,DL,3,1,0.3,1,0,0,0,0.0,0,0
503,Mark Williams,KENT,TE,1,1,1.0,1,0,0,0,0.0,0,0
503,TQ Newsome,USM,LB,5,1,0.2,1,0,0,0,0.0,0,0
503,Billy Pospisil III,WSU,WR,1,1,1.0,1,0,0,0,0.0,0,0
503,Kyle Kelly,OHIO,LB,1,1,1.0,1,0,0,0,0.0,0,0
512,Ephraim Kitchen Jr.,GASO,CB,0,0,0.0,0,0,1,0,0.0,0,0
512,Bailey Gaither,SJSU,WR,0,0,0.0,0,0,5,37,7.4,19,0
512,Nafees Lyon,CLT,DB,0,0,0.0,0,0,2,3,1.5,3,0
512,Kevin Perkins,NWST,RB,1,0,0.0,0,0,0,0,0.0,0,0
512,Elijah Turner,CLEM,S,0,0,0.0,0,0,1,7,7.0,7,0
512,Phillip Howard,MINN,DB,1,0,0.0,0,0,5,4,0.8,8,0
512,JD Spielman,TCU,WR,0,0,0.0,0,0,7,80,11.4,24,0
512,Dawson Downing,MIZ,RB,3,0,0.0,0,0,0,0,0.0,0,0
512,Greg Eisworth II,ISU,S,0,0,0.0,0,0,5,47,9.4,29,0
512,Ethan Tucky,CIN,DT,0,0,0.0,0,0,1,13,13.0,13,0
512,Landen Akers,ISU,WR,0,0,0.0,0,0,2,18,9.0,12,0
512,Riley Lees,NW,WR,2,0,0.0,0,0,12,74,6.2,36,0
512,Jack Jones,ASU,CB,0,0,0.0,0,0,1,2,2.0,2,0
512,Tyler Vaughns,USC,WR,0,0,0.0,0,0,3,13,4.3,15,0
512,Jackson Anthrop,PUR,WR,0,0,0.0,0,0,1,12,12.0,12,0
512,Jack Dunn,WISC,WR,1,0,0.0,0,0,0,0,0.0,0,0
512,Jacob Morgenstern,TTU,LB,0,0,0.0,0,0,1,11,11.0,11,0
512,Rashad Byrd,GASO,LB,0,0,0.0,0,0,1,0,0.0,0,1
512,Jaxson Kincaide,WMU,RB,0,0,0.0,0,0,2,5,2.5,4,0
512,Trenton Thompson,SDSU,S,0,0,0.0,0,0,1,0,0.0,0,0
512,KJ Sails,USF,DB,0,0,0.0,0,0,7,71,10.1,60,0
512,Devon Key,WKU,DB,1,0,0.0,0,0,0,0,0.0,0,0
512,Dillon Stoner,OKST,WR,0,0,0.0,0,0,21,91,4.3,34,0
512,Jeffery Pooler Jr.,WVU,DL,1,0,0.0,0,0,0,0,0.0,0,0
512,Rodjay Burns,LOU,LB,0,0,0.0,0,0,9,22,2.4,16,0
512,Trevon Bradford,ORST,WR,0,0,0.0,0,0,5,67,13.4,36,0
512,Jaydon Grant,ORST,DB,0,0,0.0,0,0,1,11,11.0,11,1
512,Hamilcar Rashed,ORST,LB,0,0,0.0,0,0,1,49,49.0,49,0
512,Brock Monty,KSU,DB,0,0,0.0,0,0,1,4,4.0,4,0
512,AJ Parker,KSU,DB,0,0,0.0,0,0,1,7,7.0,7,0
512,Darien Rencher,CLEM,RB,1,0,0.0,0,0,0,0,0.0,0,0
512,Samson Nacua,UTAH,WR,0,0,0.0,0,0,1,18,18.0,18,0
512,Jordan Nathan,USU,WR,0,0,0.0,0,0,5,22,4.4,10,0
512,Ayden Eberhardt,WYO,WR,0,0,0.0,0,0,2,9,4.5,6,0
512,Levi Falck,NEB/SDAK,WR,0,0,0.0,0,0,1,39,39.0,39,0
512,Cee Jay Powell,LT,WR,1,0,0.0,0,0,3,38,12.7,22,0
512,Omari Alexander,WKU,DB,0,0,0.0,0,0,1,23,23.0,23,0
512,Blake Proehl,ECU,WR,0,0,0.0,0,0,2,46,23.0,29,1
512,Tate Haynes,BC,CB,1,0,0.0,0,0,0,0,0.0,0,0
512,Amari Rodgers,CLEM,WR,0,0,0.0,0,0,9,64,7.1,21,0
512,Will Swinney,CLEM,WR,0,0,0.0,0,0,1,9,9.0,9,0
512,Marvin Wilson,FSU,DT,0,0,0.0,0,0,1,0,0.0,0,0
512,DeCalon Brooks,FSU,LB,0,0,0.0,0,0,1,18,18.0,18,0
512,Marcus Williams,UNM,TE,1,0,0.0,0,0,0,0,0.0,0,0
512,Thayer Thomas,NCST,WR,0,0,0.0,0,0,10,100,10.0,23,0
512,Tanner Motz,WMU,LB,1,0,0.0,0,0,0,0,0.0,0,0
512,Josh Blackwell,DUKE,CB,0,0,0.0,0,0,5,35,7.0,13,0
512,Josh Blancato,GT,WR,4,0,0.0,0,0,2,7,3.5,7,0
512,Todd Sibley,PITT,RB,0,0,0.0,0,0,2,25,12.5,14,1
512,Trevor Price,NEV,LB,0,0,0.0,0,0,1,4,4.0,4,0
512,Adrian Frye,TTU,DB,0,0,0.0,0,0,9,44,4.9,17,0
512,Jack Mandryk,MSU,S,1,0,0.0,0,0,0,0,0.0,0,0
512,Austin Williams,MSST,WR,0,0,0.0,0,0,8,48,6.0,17,0
512,Danny Davis,WISC,WR,0,0,0.0,0,0,2,9,4.5,9,0
512,Gavin Reinwald,CAL,TE,1,0,0.0,0,0,0,0,0.0,0,0
512,Jordyn Peters,AUB,DB,0,0,0.0,0,0,1,4,4.0,4,0
512,Kolby Taylor,ORST,WR,0,0,0.0,0,0,1,5,5.0,5,0
512,Allan George,VAN,CB,1,0,0.0,0,0,0,0,0.0,0,0
512,Zane Pope,FRES,WR,0,0,0.0,0,0,1,9,9.0,9,0
512,Ronnie Rivers,FRES,RB,0,0,0.0,0,0,6,46,7.7,23,0
512,Calvin Austin III,MEM,WR,0,0,0.0,0,0,20,188,9.4,64,1
512,Dionte Ruffin,WKU,DB,1,0,0.0,0,0,2,-3,-1.5,0,0
512,Otis Anderson,UCF,RB,1,0,0.0,0,0,4,23,5.8,11,0
512,Jaelon Darden,UNT,WR,0,0,0.0,0,0,4,21,5.3,15,0
512,Reed Blankenship,MTSU,S,0,0,0.0,0,0,3,2,0.7,8,0
512,Raymond James,KENT,WR,0,0,0.0,0,0,1,0,0.0,0,0
512,Isaac Vance,KENT,WR,0,0,0.0,0,0,2,10,5.0,16,0
512,Bryce Singleton,FIU,WR,0,0,0.0,0,0,6,63,10.5,39,0
512,Jeff Hubbard,EMU,DB,0,0,0.0,0,0,3,23,7.7,11,0
512,Cam Cooper,WMU,WR,0,0,0.0,0,0,4,5,1.3,3,0
512,Reynard Ellis,GASO,LB,0,0,0.0,0,0,1,0,0.0,0,0
512,Jalen Wayne,USA,WR,0,0,0.0,0,0,6,38,6.3,20,0
512,Donny Navarro III,ILL,WR,0,0,0.0,0,0,1,16,16.0,16,0
512,Marlon Williams,UCF,WR,0,0,0.0,0,0,3,6,2.0,5,0
512,Charlie Jones,IOWA,WR,0,0,0.0,0,0,21,221,10.5,54,1
512,Tycen Anderson,TOL,S,1,0,0.0,0,0,0,0,0.0,0,0
512,Drew Rosi,TOL,TE,1,0,0.0,0,0,0,0,0.0,0,0
512,Oliver Martin,NEB/IOWA,WR,0,0,0.0,0,0,1,7,7.0,7,0
512,Ben Mason,MICH,TE,1,0,0.0,0,0,0,0,0.0,0,0
512,Cole Tucker,NIU,WR,0,0,0.0,0,0,2,8,4.0,5,0
512,Gabe Flynn,UTEP,LB,1,0,0.0,0,0,0,0,0.0,0,0
512,Tarique Milton,ISU,WR,0,0,0.0,0,0,3,2,0.7,3,0
512,Victor Tucker,CLT,WR,0,0,0.0,0,0,2,17,8.5,10,0
512,Carter Ware,TCU,TE,0,0,0.0,0,0,1,3,3.0,3,0
512,Vi Jones,NCST,LB,0,0,0.0,0,0,2,22,11.0,11,0
512,Greg Latushko,CCU,WR,1,0,0.0,0,0,0,0,0.0,0,0
512,Baden Pinson,CCU,RB,2,0,0.0,0,0,0,0,0.0,0,0
512,E.J. Porter,CCU,LB,3,0,0.0,0,0,0,0,0.0,0,0
512,Barrett Banister,MIZ,WR,0,0,0.0,0,0,2,3,1.5,3,0
512,Josh Ali,UK,WR,0,0,0.0,0,0,6,62,10.3,39,0
512,Kekaula Kaniho,BSU,S,0,0,0.0,0,0,2,44,22.0,41,0
512,Cade Sutherland,USA,WR,1,0,0.0,0,0,0,0,0.0,0,0
512,John Hassell,MEM,TE,2,0,0.0,0,0,0,0,0.0,0,0
512,Slade Bolden,ALA,WR,0,0,0.0,0,0,7,49,7.0,16,0
512,Derion Kendrick,CLEM,CB,0,0,0.0,0,0,1,-1,-1.0,-1,0
512,Mario Goodrich,CLEM,CB,1,0,0.0,0,0,0,0,0.0,0,0
512,Jake Bobo,DUKE,WR,0,0,0.0,0,0,2,6,3.0,9,0
512,Nico Ragaini,IOWA,WR,0,0,0.0,0,0,2,2,1.0,2,0
512,Travis Dye,ORE,RB,1,0,0.0,0,0,3,40,13.3,19,0
512,Joshua Stoner,AFA,RB,4,0,0.0,0,0,0,0,0.0,0,0
512,Michael Wilson,STAN,WR,0,0,0.0,0,0,2,14,7.0,8,0
512,Gregory Grate,MTSU,S,1,0,0.0,0,0,0,0,0.0,0,0
512,Preston Jelen,MINN,RB,0,0,0.0,0,0,1,17,17.0,17,0
512,Jose Barbon,TEM,WR,1,0,0.0,0,0,0,0,0.0,0,0
512,Jaivon Heiligh,CCU,WR,0,0,0.0,0,0,9,71,7.9,40,0
512,Jordan Morris,CCU,DB,0,0,0.0,0,0,1,5,5.0,5,0
512,DJ Schramm,BSU,LB,0,0,0.0,0,0,1,20,20.0,20,1
512,Cam Taylor-Britt,NEB,S,0,0,0.0,0,0,7,79,11.3,27,0
512,Reed Tyler,ARST,TE,1,0,0.0,0,0,0,0,0.0,0,0
512,Charlie Mangieri,NW,TE,1,0,0.0,0,0,0,0,0.0,0,0
512,Christian Tutt,AUB,DB,0,0,0.0,0,0,3,30,10.0,12,0
512,Asa Martin,MEM,RB,1,0,0.0,0,0,0,0,0.0,0,0
512,Jahan Dotson,PSU,WR,0,0,0.0,0,0,8,197,24.6,81,1
512,Daniel George,PSU,WR,1,0,0.0,0,0,0,0,0.0,0,0
512,Zack Kuntz,PSU,TE,2,0,0.0,0,0,0,0,0.0,0,0
512,Romeo Doubs,NEV,WR,0,0,0.0,0,0,13,100,7.7,29,0
512,Josh Johnson,TLSA,WR,1,0,0.0,0,0,0,0,0.0,0,0
512,Jared Rus,ISU,TE,1,0,0.0,0,0,0,0,0.0,0,0
512,Brenton Cox Jr.,FLA,LB,1,0,0.0,0,0,0,0,0.0,0,0
512,Keitha Jones Jr.,TULN,TE,2,0,0.0,0,0,0,0,0.0,0,0
512,Sean Michael Flanagan,OKST,S,1,0,0.0,0,0,0,0,0.0,0,0
512,Cornelius McCoy,GAST,WR,4,0,0.0,0,0,0,0,0.0,0,0
512,James Mitchell,VT,TE,0,0,0.0,0,0,4,25,6.3,14,0
512,Caden Leggett,TTU,WR,1,0,0.0,0,0,0,0,0.0,0,0
512,Bryce Ford-Wheaton,WVU,WR,0,0,0.0,0,0,1,-1,-1.0,-1,0
512,Saeed Holt,TOL,S,0,0,0.0,0,0,1,0,0.0,0,0
512,Isiah Cox,OHIO,WR,0,0,0.0,0,0,5,25,5.0,9,0
512,C.J. Ceasar II,TCU,CB,0,0,0.0,0,0,1,4,4.0,4,0
512,Derius Davis,TCU,WR,0,0,0.0,0,0,15,218,14.5,67,2
512,Tre'von Moehrig,TCU,S,0,0,0.0,0,0,1,6,6.0,6,0
512,Marquez Ezzard,GT,WR,0,0,0.0,0,0,7,55,7.9,18,0
512,AJ Lewis,TROY,TE,1,0,0.0,0,0,0,0,0.0,0,0
512,Jarvis Ware,MIZ,DB,0,0,0.0,0,0,1,2,2.0,2,0
512,Mason Pack,MIZ,DB,1,0,0.0,0,0,1,13,13.0,13,0
512,Austin Watkins Jr.,UAB,WR,1,0,0.0,0,0,0,0,0.0,0,0
512,Hassan Beydoun,EMU,WR,1,0,0.0,0,0,1,5,5.0,5,0
512,Colby Suits,ULM,QB,0,0,0.0,0,0,1,-1,-1.0,-1,0
512,Brody Brumm,LIB,WR,1,0,0.0,0,0,0,0,0.0,0,0
512,Kyle Philips,UCLA,WR,0,0,0.0,0,0,6,77,12.8,28,0
512,Artie Henry,MRSH,WR,0,0,0.0,0,0,5,60,12.0,42,0
512,Talik Keaton,MRSH,WR,0,0,0.0,0,0,14,95,6.8,20,0
512,Robert Haskins,UVA,OL,1,0,0.0,0,0,0,0,0.0,0,0
512,Caleb Griffin,ILL,PK,0,0,0.0,0,0,2,8,4.0,4,0
512,Elijah Moore,MISS,WR,0,0,0.0,0,0,3,9,3.0,10,0
512,Charles Strong,TROY,RB,1,0,0.0,0,0,0,0,0.0,0,0
512,Jaylan Franklin,WISC,TE,0,0,0.0,0,0,1,12,12.0,12,0
512,Marcel Dancy,CAL,RB,1,0,0.0,0,0,0,0,0.0,0,0
512,Lawrence Keys III,ND,WR,0,0,0.0,0,0,2,-3,-1.5,3,0
512,Matt Salerno,ND,WR,0,0,0.0,0,0,12,45,3.8,13,0
512,Gavin Blunt,AKR,WR,0,0,0.0,0,0,1,0,0.0,0,1
512,Dax Milne,BYU,WR,0,0,0.0,0,0,8,3,0.4,4,0
512,Max Tooley,BYU,LB,0,0,0.0,0,0,1,7,7.0,7,0
512,Tyric LeBeauf,BSU,CB,0,0,0.0,0,0,1,6,6.0,6,0
512,Kemonte Yow,ARMY,LB,0,0,0.0,0,0,1,15,15.0,15,0
512,Cameron Hatcher-Owens,USA,TE,1,0,0.0,0,0,0,0,0.0,0,0
512,Donte Martin,UNM,CB,1,0,0.0,0,0,0,0,0.0,0,0
512,Steven Gilmore,MRSH,DB,0,0,0.0,0,0,1,7,7.0,7,0
512,Samuel Emilus,MASS,WR,0,0,0.0,0,0,3,46,15.3,33,0
512,Jesse Matthews,SDSU,WR,0,0,0.0,0,0,14,113,8.1,29,0
512,Cade Musser,MIZ,WR,0,0,0.0,0,0,4,14,3.5,11,0
512,David Chapple,UNT,WR,0,0,0.0,0,0,1,-5,-5.0,-5,0
512,Smoke Harris,LT,WR,0,0,0.0,0,0,6,139,23.2,60,0
512,Barton Lester,AUB,LB,0,0,0.0,0,0,1,0,0.0,0,1
512,Evan Francioni,LSU,WR,1,0,0.0,0,0,0,0,0.0,0,0
512,Tyrique Stevenson,UGA,CB,0,0,0.0,0,0,1,23,23.0,23,0
512,Trent McDuffie,WASH,CB,0,0,0.0,0,0,3,56,18.7,45,0
512,Joseph Wete,OU,LB,0,0,0.0,0,0,1,3,3.0,3,0
512,Ositadinma Ekwonu,ND,LB,0,0,0.0,0,0,1,54,54.0,54,0
512,Derek Stingley Jr.,LSU,CB,0,0,0.0,0,0,6,97,16.2,48,0
512,Isaiah Foskey,ND,DE,0,0,0.0,0,0,2,31,15.5,31,1
512,Jonathan Mingo,MISS,WR,0,0,0.0,0,0,1,13,13.0,13,0
512,Nick Henrich,NEB,LB,1,0,0.0,0,0,0,0,0.0,0,0
512,Isaiah Azubuike,ARST,RB,1,0,0.0,0,0,0,0,0.0,0,0
512,Jirehl Brock,ISU,RB,1,0,0.0,0,0,0,0,0.0,0,0
512,Ahmarean Brown,GT,WR,0,0,0.0,0,0,1,4,4.0,4,0
512,Tanner Davis,MASS,DB,0,0,0.0,0,0,1,9,9.0,9,0
512,Dean Engram,WISC,DB,0,0,0.0,0,0,10,14,1.4,5,0
512,Damarius Good,UCF,RB,2,0,0.0,0,0,0,0,0.0,0,0
512,Amari Johnson,UCF,WR,0,0,0.0,0,0,3,24,8.0,19,0
512,Oscar Adaway III,UNT,RB,1,0,0.0,0,0,0,0,0.0,0,0
512,Jaelyn Lay,CLEM,TE,1,0,0.0,0,0,0,0,0.0,0,0
512,Mike Sainristil,MICH,CB,0,0,0.0,0,0,1,2,2.0,2,0
512,Treon Sibley,LIB,WR,0,0,0.0,0,0,1,11,11.0,11,0
512,Deonte Simpson,UNT,WR,0,0,0.0,0,0,7,13,1.9,9,0
512,Ainias Smith,TA&M,WR,0,0,0.0,0,0,15,75,5.0,22,0
512,Broc Thompson,MRSH,WR,0,0,0.0,0,0,1,13,13.0,13,0
512,Fabrice Voyne,ARMY,LB,0,0,0.0,0,0,1,13,13.0,13,0
512,Jacob Bernard,UL,WR,2,0,0.0,0,0,0,0,0.0,0,0
512,Lee Witherspoon,MSST,RB,4,0,0.0,0,0,0,0,0.0,0,0
512,Craig Woodson,CAL,S,0,0,0.0,0,0,1,9,9.0,9,0
512,Dante Wright,CSU,WR,0,0,0.0,0,0,5,34,6.8,13,0
512,Jermaine Burton,UGA,WR,0,0,0.0,0,0,1,14,14.0,14,0
512,Jordan Botelho,ND,DL,0,0,0.0,0,0,1,1,1.0,1,1
512,James Frenchie Jr.,ILL,WR,0,0,0.0,0,0,1,8,8.0,8,0
512,Bryce Farrell,STAN,WR,0,0,0.0,0,0,2,6,3.0,9,0
512,Kris Abrams-Draine,MIZ,CB,0,0,0.0,0,0,4,9,2.3,6,0
512,Jalon Calhoun,DUKE,WR,0,0,0.0,0,0,2,3,1.5,3,0
512,Brandon Crum,USA,TE,1,0,0.0,0,0,0,0,0.0,0,0
512,Micaleous Elder,CLT,WR,0,0,0.0,0,0,2,10,5.0,8,0
512,Anthony Gould,ORST,WR,0,0,0.0,0,0,1,13,13.0,13,0
512,Marshawn Kneeland,WMU,EDGE,2,0,0.0,0,0,0,0,0.0,0,0
512,Sam LaPorta,IOWA,TE,2,0,0.0,0,0,0,0,0.0,0,0
512,Dominique Johnson,ARK,RB,4,0,0.0,0,0,0,0,0.0,0,0
512,Jammie Robinson,SC,S,0,0,0.0,0,0,7,30,4.3,16,0
512,Chris Russell,TA&M,LB,0,0,0.0,0,0,1,21,21.0,21,0
512,Michael Shawcroft,SDSU,LB,0,0,0.0,0,0,1,11,11.0,11,0
512,David Ugwoegbu,OU,DL,0,0,0.0,0,0,1,22,22.0,22,0
512,LaMiles Brooks,GT,DB,0,0,0.0,0,0,1,0,0.0,0,0
512,Jaxon Smith-Njigba,OSU,WR,0,0,0.0,0,0,3,11,3.7,7,0
512,Jahdae Barron,TEX,CB,0,0,0.0,0,0,1,2,2.0,2,1
512,Kimani Vidal,TROY,RB,1,0,0.0,0,0,0,0,0.0,0,0
512,Isaiah Fisher-Smith,DUKE,DB,0,0,0.0,0,0,2,39,19.5,24,0
512,Kaonohi Kaniho,BSU,S,1,0,0.0,0,0,0,0,0.0,0,0
512,Koy Moore,LSU,WR,1,0,0.0,0,0,3,25,8.3,14,0
512,Xavier Restrepo,MIAMI,WR,0,0,0.0,0,0,3,9,3.0,8,0
512,Jackson LaDuke,ORE,LB,1,0,0.0,0,0,0,0,0.0,0,0
512,Nate McCollum,GT,WR,0,0,0.0,0,0,5,-1,-0.2,5,0
512,Loronzo Thompson,UNT,CB,0,0,0.0,0,0,1,2,2.0,2,0
512,Rocko Griffin,VAN,RB,1,0,0.0,0,0,0,0,0.0,0,0
512,Jontavis Robertson,DUKE,WR,0,0,0.0,0,0,7,55,7.9,21,0
512,Travis Collier,WKU,DB,0,0,0.0,0,0,1,0,0.0,0,0
512,Upton Stout,UNT,CB,2,0,0.0,0,0,1,10,10.0,10,0
512,Marcayll Jones,MEM,WR,0,0,0.0,0,0,1,0,0.0,0,0
512,Jere Getzinger,EMU,TE,1,0,0.0,0,0,0,0,0.0,0,0
512,Sean Pelkisson,GASO,LB,1,0,0.0,0,0,0,0,0.0,0,0
512,Will Norris,MIZ,LB,0,0,0.0,0,0,1,4,4.0,4,0
512,Taylor Morin,WAKE,WR,0,0,0.0,0,0,10,96,9.6,26,0
512,Treylon Burks,ARK,WR,0,0,0.0,0,0,1,4,4.0,4,0
512,Mark-Antony Richards,AUB,RB,0,0,0.0,0,0,1,18,18.0,18,0
512,Dontario Drummond,MISS,WR,0,0,0.0,0,0,3,27,9.0,18,0
512,Malik Fleming,ECU,DB,1,0,0.0,0,0,0,0,0.0,0,0
512,Jay Ward,LSU,S,0,0,0.0,0,0,1,3,3.0,3,0
512,Michiah Burton,AKR,RB,0,0,0.0,0,0,1,1,1.0,1,0
512,Darius Lewis,GASO,WR,1,0,0.0,0,0,0,0,0.0,0,0
512,Drew Tuazama,SYR,DL,0,0,0.0,0,0,1,16,16.0,16,0
512,Keke Burns,SMU,LB,0,0,0.0,0,0,1,14,14.0,14,0
512,Brandon George,PITT,LB,0,0,0.0,0,0,1,14,14.0,14,0
512,D.J. Miller,ISU,DB,0,0,0.0,0,0,2,-8,-4.0,0,0
512,Charles Ross,NEV,WR,0,0,0.0,0,0,1,9,9.0,9,0
512,Will Jones II,KSU,S,0,0,0.0,0,0,1,9,9.0,9,0
512,Michael Wiley,ARIZ,RB,1,0,0.0,0,0,0,0,0.0,0,0
512,Jordan Whittington,TEX,WR,1,0,0.0,0,0,0,0,0.0,0,0
512,Chux Nwabuko III,TTU,RB,0,0,0.0,0,0,10,52,5.2,42,0
512,Graeson Malashevich,WVU,WR,0,0,0.0,0,0,1,5,5.0,5,0
512,Jordan Wilmore,UTAH,RB,1,0,0.0,0,0,0,0,0.0,0,0
512,Wan'Dale Robinson,NEB,WR,0,0,0.0,0,0,1,-5,-5.0,-5,0
512,Talmage Gunther,BYU,WR,1,0,0.0,0,0,2,10,5.0,10,0
512,Robbie Dwyer,PSU,LB,1,0,0.0,0,0,0,0,0.0,0,0
512,Ryan Davis,UAB,WR,0,0,0.0,0,0,1,37,37.0,37,1
512,Jake Rogers,BGSU,WR,0,0,0.0,0,0,6,32,5.3,33,0
512,Demarcus Jones,USM,WR,0,0,0.0,0,0,1,0,0.0,0,0
512,Eric Gray,TENN,RB,0,0,0.0,0,0,5,35,7.0,20,0
512,Cam Smith,SC,CB,0,0,0.0,0,0,1,-1,-1.0,-1,0
512,Jeremy Smith,MRSH,S,1,0,0.0,0,0,0,0,0.0,0,0
512,Josh Wallace,MASS,CB,0,0,0.0,0,0,1,0,0.0,0,0
512,Tyler Owens,TEX,S,0,0,0.0,0,0,1,21,21.0,21,0
512,Dorian Mausi,DUKE,LB,0,0,0.0,0,0,1,32,32.0,32,1
512,Trey Amos,UL,CB,0,0,0.0,0,0,1,-22,-22.0,-22,0
512,Pailate Makakona,USU,RB,1,0,0.0,0,0,0,0,0.0,0,0
512,Jacob Gasser,UNLV,WR,0,0,0.0,0,0,1,5,5.0,5,0
512,Peyton Tuggle,TXST,S,0,0,0.0,0,0,1,1,1.0,1,0
512,Reikan Donaldson,ARMY,WR,0,0,0.0,0,0,1,14,14.0,14,0
512,Gayflor Flomo,KU,RB,1,0,0.0,0,0,0,0,0.0,0,0
512,Rivaldo Fairweather,FIU,TE,2,0,0.0,0,0,0,0,0.0,0,0
512,Jackson Jarvis,ARST,WR,1,0,0.0,0,0,0,0,0.0,0,0
512,Trevor Reh,TLSA,LB,0,0,0.0,0,0,1,0,0.0,0,0
512,Angel King,NEV,S,0,0,0.0,0,0,1,0,0.0,0,0
512,Hobbs Nyberg,BYU,WR,0,0,0.0,0,0,10,58,5.8,16,0
512,Caden Prieskorn,MEM,TE,1,0,0.0,0,0,0,0,0.0,0,0
512,Trevor Hobbs,LIB,TE,1,0,0.0,0,0,0,0,0.0,0,0
512,Chance Smith,LIB,CB,0,0,0.0,0,0,1,0,0.0,0,1
512,Trent Tyre,USA,TE,2,0,0.0,0,0,0,0,0.0,0,0
512,Natrone Brooks,USM,DB,0,0,0.0,0,0,8,63,7.9,19,0
512,Mitchell Tinsley,WKU,WR,0,0,0.0,0,0,5,6,1.2,5,0
512,Spencer Owens,WKU,TE,1,0,0.0,0,0,0,0,0.0,0,0
512,Cam White,TTU,DB,0,0,0.0,0,0,1,0,0.0,0,0
512,Willie Erdman,TEM,WR,0,0,0.0,0,0,4,25,6.3,12,0
512,Jaylen Clark,BSU,CB,0,0,0.0,0,0,1,12,12.0,12,0
512,Reggie Love III,ILL,RB,1,0,0.0,0,0,0,0,0.0,0,0
512,Will Shaffer,ASU,LB,0,0,0.0,0,0,1,22,22.0,22,0
792,Ryan Braithwaite,CLT,DB,1,-1,-1.0,-1,0,0,0,0.0,0,0
792,Bryson Washington,WKU,LB,1,-1,-1.0,-1,0,0,0,0.0,0,0
794,Braxton Burmeister,VT,QB,1,-2,-2.0,-2,0,0,0,0.0,0,0
794,Aaron Young,RUTG,RB,1,-2,-2.0,-2,0,0,0,0.0,0,0
796,Bryce Thompson,TENN,DB,1,-4,-4.0,-4,0,0,0,0.0,0,0
797,Drake De Iuliis,VT,TE,2,-5,-2.5,2,0,0,0,0.0,0,0
798,Mark Lee Jr.,EMU,DB,1,-11,-11.0,-11,0,0,0,0.0,0,0
799,Tayvion Robinson,VT,WR,2,-14,-7.0,0,0,10,21,2.1,19,0
