RK,NAME,TEAM,ATT,YDS,AVG,LNG,TD
1,Cam Cook,JVST,295,1659,5.6,73,16
2,Ahmad Hardy,MIZ,256,1649,6.4,72,16
3,Kewan Lacy,MISS,306,1567,5.1,73,24
4,Emmett Johnson,NEB,251,1451,5.8,70,12
5,Caleb Hawkins,UNT,231,1434,6.2,51,25
6,Sieh Bangura,OHIO,241,1392,5.8,49,15
7,Wayne Knight,JMU,207,1373,6.6,73,9
8,Jeremiyah Love,ND,199,1372,6.9,94,18
9,Evan Dickens,LIB,229,1339,5.8,95,16
10,Kejon Owens,FIU,213,1334,6.3,84,11
11,LJ Martin,BYU,236,1305,5.5,49,12
12,Kaytron Allen,PSU,210,1303,6.2,67,15
13,Lucky Sutton,SDSU,254,1297,5.1,50,10
14,Antwan Raymond,RUTG,244,1241,5.1,51,13
15,Cam Edwards,CONN,210,1240,5.9,73,15
16,Cale Hellums,ARMY,304,1223,4.0,50,18
17,Blake Horvath,NAVY,224,1200,5.4,59,16
18,Mark Fletcher Jr.,MIA,216,1192,5.5,57,12
19,Jadan Baugh,FLA,220,1170,5.3,26,8
20,Raleek Brown,ASU,186,1141,6.1,88,4
21,Nate Sheppard,DUKE,200,1132,5.7,60,11
22,Lincoln Pare,TXST,210,1128,5.4,63,12
23,Dylan Riley,BOIS,195,1125,5.8,77,10
24,Cameron Dickey,TTU,209,1124,5.4,71,14
25,Roman Hemby,IU,230,1120,4.9,82,7
26,Bo Jackson,OSU,179,1090,6.1,64,6
27,Anthony Hankerson,ORST,247,1086,4.4,65,9
28,Kentrel Bullock,USA,218,1085,5.0,64,14
29,DeSean Bishop,TENN,182,1076,5.9,50,16
30,Caden Creel,JVST,182,1075,5.9,73,7
31,Mike Washington Jr.,ARK,167,1070,6.4,57,8
32,Dominic Richardson,TLSA,212,1065,5.0,57,5
33,J'Mari Taylor,UVA,222,1062,4.8,78,14
34,Robert Henry Jr.,UTSA,151,1045,6.9,76,9
35,Kaelon Black,IU,186,1040,5.6,40,10
36,Jai'Den Thomas,UNLV,148,1036,7.0,70,12
37,OJ Arnold,GASO,144,1032,7.2,62,5
37,Jordan Gant,AKR,213,1032,4.8,36,6
39,Shomari Lawrence,MOST,199,1021,5.1,70,7
40,Chip Trayanum,TOL,182,1015,5.6,75,12
41,Dontae McMillan,EMU,177,1014,5.7,54,4
42,Byrum Brown,USF,175,1008,5.8,60,14
43,Colton Joseph,ODU,158,1007,6.4,78,13
44,Jalen Buckley,WMU,179,1003,5.6,67,9
45,Wayshawn Parker,UTAH,149,981,6.6,64,6
46,Dean Connors,HOU,200,977,4.9,54,6
47,King Miller,USC,156,972,6.2,75,8
48,Jeremiah Cobb,AUB,175,969,5.5,46,5
49,Broc Lowry,WMU,203,963,4.7,37,14
50,Haynes King,GT,185,953,5.2,45,15
51,Carson Hansen,ISU,188,952,5.1,65,6
52,Nate Frazier,UGA,173,947,5.5,59,6
53,Kendrick Raphael,CAL,232,943,4.1,33,13
54,Caleb Komolafe,NU,190,941,5.0,56,11
55,Hollywood Smothers,NCSU,160,939,5.9,65,6
56,Jordan Marshall,MICH,150,932,6.2,65,10
57,Liam Szarka,AFA,190,922,4.9,64,13
58,Joe Jackson,KSU,169,911,5.4,80,8
59,Demond Claiborne,WAKE,179,907,5.1,85,10
60,Alex Tecza,NAVY,158,902,5.7,76,10
61,Jevon Jackson,UAB,167,900,5.4,58,5
62,Quinton Jackson,RICE,180,889,4.9,73,6
63,Parker Navarro,OHIO,160,886,5.5,44,9
64,Isaac Brown,LOU,101,884,8.8,78,7
65,Kamari Moulton,IOWA,170,878,5.2,34,5
66,Chavon Wright,NIU,196,875,4.5,45,5
67,Rashod Dubinion,APP,174,868,5.0,39,4
67,J'Koby Williams,TTU,155,868,5.6,50,6
69,Will Henderson III,UTSA,125,866,6.9,59,6
70,Diego Pavia,VAN,167,862,5.2,41,10
71,Ismail Mahdi,ARIZ,134,859,6.4,68,4
72,Justice Haynes,MICH,121,857,7.1,75,10
73,Devon Dampier,UTAH,146,835,5.7,59,10
74,Noah Whittington,ORE,129,829,6.4,68,6
75,Adam Randall,CLEM,168,814,4.8,46,10
76,Sire Gaines,BOIS,161,811,5.0,46,8
77,Jay Ducker,TEM,157,809,5.2,55,7
78,Trequan Jones,ODU,105,792,7.5,93,6
79,Bryson Washington,BAY,154,788,5.1,41,6
80,T.J. Harden,SMU,171,787,4.6,53,9
81,Taylen Green,ARK,139,777,5.6,64,8
82,Jordan Brunson,M-OH,164,767,4.7,60,4
82,Bill Davis,UL,158,767,4.9,76,6
84,Coleman Bennett,KENN,157,764,4.9,30,4
85,Jonah Coleman,WASH,156,758,4.9,38,15
86,Al-Jay Henderson,BUFF,182,755,4.1,41,6
87,Jamal Roberts,MIZ,124,753,6.1,63,6
88,Jekail Middlebrook,MTSU,140,752,5.4,72,4
89,Owen Allen,AFA,132,750,5.7,43,5
90,Turbo Richard,BC,145,749,5.2,71,9
90,Marcellous Hawkins,VT,118,749,6.3,40,1
92,Ja'Kyrian Turner,PITT,140,745,5.3,56,7
93,Brad Jackson,TXST,174,744,4.3,63,17
94,London Montgomery,ECU,156,742,4.8,51,7
95,Bryson Barnes,USU,189,740,3.9,58,10
96,Abu Sama III,ISU,140,732,5.2,44,5
97,Miles Davis,USU,131,731,5.6,64,8
98,Seth McGowan,UK,165,725,4.4,20,12
99,Telly Johnson Jr.,NIU,124,712,5.7,80,4
100,Tawee Walker,CIN,120,709,5.9,54,4
101,Myles Montgomery,UCF,143,705,4.9,45,4
101,Jeffery Pittman,USM,156,705,4.5,25,8
103,Keyjuan Brown,LOU,96,704,7.3,67,6
104,Rayshon Luke,FRES,112,702,6.3,69,6
105,Conner Weigman,HOU,171,700,4.1,50,11
106,Malachi Hosley,GT,98,697,7.1,55,7
107,Tae Meadows,TROY,159,695,4.4,47,6
108,Zylan Perry,UL,138,689,5.0,84,8
109,Caleb Ramseur,NEV,139,683,4.9,32,5
110,Fluff Bothwell,MSST,142,677,4.8,43,6
111,Jadarian Price,ND,113,674,6.0,58,11
112,Greg Burrell,TXST,100,671,6.7,61,3
113,Darius Taylor,MINN,143,670,4.7,71,4
114,Sutton Smith,MEM,102,669,6.6,84,7
115,Lunch Winfield,UL,152,667,4.4,42,9
115,Jordon Davison,ORE,113,667,5.9,67,15
117,Brendon Lewis,MEM,151,665,4.4,27,9
118,Carlos Del Rio-Wilson,MRSH,160,660,4.1,24,6
118,Zach Palmer-Smith,ULM,115,660,5.7,56,4
120,Dierre Hill Jr.,ORE,75,656,8.7,71,5
121,Jo Silver,DEL,119,652,5.5,70,5
122,Anthony Colandrea,UNLV,127,649,5.1,37,10
123,Gavin Garcia,KENT,146,647,4.4,45,3
124,Kyron Drones,VT,170,644,3.8,33,9
125,Micah Ford,STAN,145,643,4.4,75,4
126,Rueben Owens II,TA&M,119,639,5.4,57,5
127,Braylon McReynolds,ULM,123,637,5.2,74,3
128,Damon Bankston,UNM,114,635,5.6,54,5
129,Jake Retzlaff,TULN,129,634,4.9,69,16
129,Clay Thevenin,LT,131,634,4.8,50,8
131,Devin Roche,ODU,111,630,5.7,67,4
132,Jeremy Payne,TCU,110,623,5.7,51,5
133,Jaquari Lewis,APP,140,618,4.4,27,6
134,Ca'Lil Valentine,ILL,131,614,4.7,25,4
134,Rodney Fields Jr.,OKST,124,614,5.0,41,1
136,Nykahi Davenport,USF,98,612,6.2,60,7
137,Demond Williams Jr.,WASH,143,611,4.3,42,6
138,Trey Kukuk,LT,98,609,6.2,58,5
139,Keenan Phillips,USA,126,605,4.8,54,3
140,Kiael Kelly,BALL,211,600,2.8,56,5
140,Bryson Donelson,FRES,140,600,4.3,57,5
142,Quintrevion Wisner,TEX,131,597,4.6,48,3
143,Star Thomas,TENN,104,596,5.7,52,7
144,Jayden Scott,NCSU,106,595,5.6,69,4
145,Ja'Vin Simpkins,CCU,125,591,4.7,46,2
146,Alonza Barnett III,JMU,127,589,4.6,58,15
147,Daniel Hishaw Jr.,KU,124,587,4.7,22,5
148,Duncan Brune,OHIO,120,585,4.9,66,8
149,Marlon Gunn Jr.,ECU,112,582,5.2,50,6
150,Brendan Sorsby,CIN,100,580,5.8,41,9
151,Kirby Vorhees,WSU,138,576,4.2,46,5
151,Marvis Parrish,WKU,106,576,5.4,66,1
151,Waymond Jordan,USC,88,576,6.5,40,5
154,Noah Short,ARMY,98,571,5.8,81,1
155,Ashten Emory,UTEP,119,569,4.8,56,4
156,Sedrick Alexander,VAN,105,567,5.4,65,11
157,Chase Belcher,KENN,107,566,5.3,46,2
158,Greg Desrosiers Jr.,MEM,99,563,5.7,90,7
158,Christian Washington,SDSU,98,563,5.7,41,4
160,Leshon Williams,KU,97,560,5.8,62,7
160,Dante Dowdell,UK,112,560,5.0,79,3
162,Landon Sims,HAW,122,559,4.6,43,3
162,Devin Spencer,ARST,108,559,5.2,43,3
164,Yasin Willis,SYR,129,558,4.3,41,4
164,Samuel Harris,WYO,100,558,5.6,50,1
166,Tommy Castellanos,FSU,137,557,4.1,26,9
167,Harrison Waylee,UVA,118,556,4.7,97,6
168,Jaden Nixon,UCF,71,554,7.8,87,7
168,Robby Ashford,WAKE,130,554,4.3,43,9
170,Davon Booth,MSST,136,553,4.1,22,7
171,Nicholas Singleton,PSU,123,549,4.5,59,13
172,Qua Ashley,BALL,118,547,4.6,72,4
173,Mark Gronowski,IOWA,130,545,4.2,67,16
174,Jordon Simmons,GAST,97,543,5.6,92,2
175,Nahree Biggins,CMU,105,540,5.1,58,2
175,Jamauri McClure,TULN,83,540,6.5,30,2
177,Jeff Sims,ASU,100,536,5.4,88,5
178,Jamal Haynes,GT,124,531,4.3,47,5
178,Chase Jenkins,RICE,151,531,3.5,34,5
180,Kenji Christian,TOL,105,528,5.0,37,4
181,Chubba Purdy,NEV,101,527,5.2,58,3
181,Trinidad Chambliss,MISS,133,527,4.0,41,8
181,Angel Flores,CMU,107,527,4.9,37,8
181,Bear Bachmeier,BYU,147,527,3.6,22,11
185,Chauncey Bowens,UGA,103,526,5.1,43,6
186,Kenyon Clay,ARST,139,523,3.8,30,3
186,Adam Mohammed,WASH,106,523,4.9,25,5
188,Evan Pryor,CIN,76,522,6.9,46,3
189,Devin Mockobee,PUR,125,521,4.2,32,4
190,Makhi Frazier,MSU,116,520,4.5,49,2
191,Javin Gordon,TULN,128,516,4.0,25,5
192,Byrd Ficklin,UTAH,61,513,8.4,74,10
193,Antwan Roberts,MRSH,90,512,5.7,54,4
194,Jalen Dupree,CSU,102,508,5.0,31,2
195,Kaden Feagin,ILL,122,507,4.2,26,7
196,Nico Iamaleava,UCLA,112,505,4.5,52,4
196,Caden Durham,LSU,111,505,4.6,51,3
196,Khobie Martin,IU,78,505,6.5,36,6
199,Jam Miller,ALA,130,504,3.9,24,3
200,DeJuan Williams,MD,128,501,3.9,40,3
201,Eli Heidenreich,NAVY,77,499,6.5,25,3
202,Ajay Allen,TLSA,97,495,5.1,40,5
203,Marcel Reed,TA&M,104,493,4.7,46,6
203,Austyn Dendy,BGSU,108,493,4.6,24,5
205,Harlem Berry,LSU,104,491,4.7,43,2
205,Andrew Burnette,LT,95,491,5.2,98,9
207,Anderson Castle,DUKE,115,488,4.2,66,12
208,Landan Brown,SHSU,84,487,5.8,63,5
209,Gavin Sawchuk,FSU,109,486,4.5,40,8
209,Joseph Himon II,NU,99,486,4.9,37,1
211,Tory Blaylock,OU,120,480,4.0,25,4
212,Chris Johnson Jr.,SMU,67,479,7.1,87,4
213,Avery Johnson,KSU,109,477,4.4,58,8
214,Sam Franklin,USF,80,474,5.9,73,4
214,CharMar Brown,MIA,122,474,3.9,23,7
216,La'Vell Wright,WKU,85,471,5.5,39,10
217,Trey Cornist,CMU,105,470,4.5,29,1
217,Rahsul Faison,SC,96,470,4.9,46,3
219,Terion Stewart,VT,82,469,5.7,85,0
219,Anthony Carrie,FIU,103,469,4.6,53,5
219,Caden Knighten,BAY,104,469,4.5,49,1
222,Omiri Wiggins,LT,97,468,4.8,37,4
223,Gemari Sands,FAU,105,465,4.4,37,0
224,D.J. McKinney,UNM,111,464,4.2,54,7
224,Demon June,UNC,84,464,5.5,50,2
226,Gunner Stockton,UGA,129,462,3.6,22,10
227,Kaden Shields-Dutton,FAU,84,460,5.5,50,6
227,Viron Ellison Jr.,DEL,118,460,3.9,20,4
229,Kamario Taylor,MSST,82,458,5.6,39,8
230,Steve Chavez-Soto,SJSU,87,448,5.1,66,7
231,Cole Tabb,STAN,114,445,3.9,28,3
232,Kevorian Barnes,TCU,97,443,4.6,75,3
233,Fame Ijeboi,MINN,97,441,4.5,49,2
234,Keyvone Lee,UNLV,100,438,4.4,22,6
234,Kadarius Calloway,NMSU,115,438,3.8,29,3
236,Will Nixon,SYR,107,432,4.0,28,3
237,John Mateer,OU,149,431,2.9,51,8
237,Brandon Chatman,NAVY,57,431,7.6,36,3
239,Samari Collier,CCU,71,429,6.0,85,7
239,Javen Jacobs,USU,65,429,6.6,58,5
241,Tavierre Dunlap,EMU,106,428,4.0,36,5
241,Elijah Tau-Tolliver,MSU,72,428,5.9,85,2
243,Devin Miles,WMU,99,425,4.3,32,3
244,Jaylen Raynor,ARST,154,423,2.7,42,7
245,Xavier Robinson,OU,83,421,5.1,65,4
246,Malik Sherrod,BOIS,85,418,4.9,44,4
246,Brock Townsend,CMU,82,418,5.1,46,4
246,Dylan Carson,AFA,90,418,4.6,64,4
249,Lloyd Avant,CSU,90,417,4.6,23,5
250,Jordan Fuller,JMU,82,415,5.1,26,5
251,Makhilyn Young,VAN,46,414,9.0,80,6
251,Braxton Woodson,NAVY,44,414,9.4,74,6
253,Sam Scott,WYO,89,408,4.6,37,2
253,Ousmane Kromah,FSU,72,408,5.7,23,0
255,Jalon Daniels,KU,117,404,3.5,28,4
255,Le'Veon Moss,TA&M,77,404,5.2,38,6
257,Hunter Smith,TEM,62,403,6.5,72,2
258,Arch Manning,TEX,92,399,4.3,60,10
259,Jordan McDonald,BC,94,397,4.2,17,4
260,Kedrick Reescano,ARIZ,84,396,4.7,50,9
260,Skyler Locklear,UTEP,103,396,3.8,63,8
262,Dequan Finn,M-OH,89,395,4.4,39,4
263,Daelen Alexander,RICE,74,392,5.3,57,3
263,Bryce Underwood,MICH,88,392,4.5,37,6
265,Elijah Green,SHSU,58,391,6.7,80,2
266,Makenzie McGill II,UNT,75,389,5.2,27,5
267,Dominic Knicely,CCU,68,388,5.7,59,3
268,NaQuari Rogers,UTAH,98,387,3.9,23,11
269,Michael Allen,MRSH,77,385,5.0,68,4
270,Jaylon Glover,UNLV,64,384,6.0,43,1
270,Micah Welch,COLO,96,384,4.0,44,4
272,Aidan Laughery,ILL,75,382,5.1,57,3
273,Ashton Gray,UNT,58,377,6.5,51,5
274,Girard Pringle Jr.,MIA,62,375,6.0,38,4
275,Cam Barfield,HAW,80,371,4.6,41,4
275,Zevi Eckhaus,WSU,114,371,3.3,22,8
277,Alton McCaskill,SHSU,88,370,4.2,52,1
278,Brandon Hood,MASS,98,368,3.8,90,2
278,Jevon Edwards,CCU,65,368,5.7,43,1
280,Cameron Pettaway,BGSU,72,365,5.1,34,0
281,Jalen Berger,UCLA,81,364,4.5,24,2
281,Quincy Craig,ARIZ,65,364,5.6,54,2
283,Darrion Dupree,WIS,83,363,4.4,84,2
283,James Laubstein,UNM,59,363,6.2,58,1
285,CJ Donaldson,OSU,96,361,3.8,27,10
286,Samuel Singleton Jr.,FSU,51,360,7.1,53,4
287,Kaidon Salter,COLO,103,356,3.5,35,5
288,Herschel Turner,NEV,69,353,5.1,64,0
289,Alvon Isaac,USF,73,350,4.8,49,0
290,Jobi Malary,JMU,43,349,8.1,73,4
290,Trent Battle,TCU,64,349,5.5,65,6
290,Scottre Humphrey,UNM,77,349,4.5,61,5
293,Amari Odom,KENN,120,347,2.9,24,7
294,James Peoples,OSU,61,344,5.6,49,3
295,Isaiah Jacobs,UAB,79,342,4.3,23,4
295,Chris McMillian,BGSU,84,342,4.1,33,3
297,Lamar Radcliffe,SJSU,66,340,5.2,30,1
298,Jordan Lovett,TROY,89,339,3.8,22,2
299,Solomon Beebe,UAB,56,338,6.0,81,6
300,Hayden Reed,ARMY,74,335,4.5,37,3
300,Diore Hubbard,WVU,96,335,3.5,29,4
302,Terron Kellman,WYO,65,331,5.1,33,4
303,Ja'shon Benjamin,RUTG,68,328,4.8,19,2
304,Dallan Hayden,COLO,70,326,4.7,42,1
304,PJ Martin,USA,60,326,5.4,38,2
304,Bryson Kuzdzal,MICH,76,326,4.3,22,4
307,Bishop Davenport,USA,116,325,2.8,56,9
307,Matt Jones,USM,82,325,4.0,17,4
307,D'Andre Hardeman Jr.,RICE,82,325,4.0,36,2
310,Ty Clark III,WAKE,75,323,4.3,15,3
311,Cade Harris,AFA,61,321,5.3,49,4
312,Michael Turner,BAY,65,320,4.9,40,1
313,JC French IV,GASO,133,315,2.4,21,6
314,Jackson Arnold,AUB,112,311,2.8,56,8
315,Isaiah West,OSU,59,310,5.3,38,2
316,Dijon Stanley,NMSU,75,308,4.1,57,2
317,Sam Leavitt,ASU,73,306,4.2,52,5
317,TJ Engleman Jr.,ECU,59,306,5.2,23,1
319,Antonio Harris,PUR,69,305,4.4,41,2
320,Robert Briggs,USM,62,304,4.9,24,1
321,Malik Washington,MD,56,303,5.4,73,4
322,DJ Butler,HOU,68,301,4.4,15,0
322,Brandon Tullis,MSU,69,301,4.4,35,4
324,George Hart III,WKU,70,300,4.3,36,5
324,Dilin Jones,WIS,76,300,3.9,16,2
326,Will Hammond,TTU,43,299,7.0,64,5
327,Beau Pribula,MIZ,95,297,3.1,49,6
327,Dewayne Coleman,ARMY,85,297,3.5,26,3
329,Jaziun Patterson,IOWA,60,296,4.9,17,0
330,Anthony Woods,UCLA,63,294,4.7,33,0
330,Jaivian Thomas,UCLA,81,294,3.6,32,1
332,Cornell Hatcher Jr.,ORST,52,292,5.6,42,2
333,Peyton Lewis,TENN,70,290,4.1,32,7
334,Nolan Ray,MD,67,289,4.3,53,2
335,Braylen Russell,ARK,55,286,5.2,23,5
336,Xavier Williams,IOWA,49,285,5.8,43,3
336,Kade Frew,AFA,57,285,5.0,17,2
338,Daniel Hill,ALA,75,284,3.8,30,6
338,Cameran Brown,GAST,61,284,4.7,22,4
340,Kalieb Osborne,TOL,51,282,5.5,33,2
341,Alexander Diggs,KENN,72,281,3.9,25,2
342,Ashton Daniels,AUB,63,280,4.4,26,2
343,Frank Peasant,MEM,63,279,4.4,19,7
344,Desmond Reid,PITT,60,278,4.6,53,2
344,Ramone Green Jr.,MOST,52,278,5.3,45,1
346,D'Shawntae Jones,M-OH,63,277,4.4,46,7
347,Fernando Mendoza,IU,90,276,3.1,21,7
347,Hunter Watson,SHSU,74,276,3.7,55,2
349,Benjamin Hall,UNC,71,274,3.9,18,2
349,Sean Patrick,AKR,69,274,4.0,25,1
349,Kiefer Sibley,UNT,45,274,6.1,45,5
352,Kenny Tracy,M-OH,49,272,5.6,21,1
352,Bert Emanuel Jr.,SDSU,33,272,8.2,72,2
352,Daniel Bray,UTAH,40,272,6.8,49,1
355,Brandon Ramirez,FRES,60,271,4.5,19,3
356,LaNorris Sellers,SC,149,270,1.8,26,5
356,Juelz Goff,PITT,69,270,3.9,17,5
358,Ke'Travion Hargrove,ODU,64,268,4.2,29,4
359,Rashad Amos,GAST,63,267,4.2,29,2
359,Byron Cardwell Jr.,SDSU,48,267,5.6,22,1
359,Johnathan Arceneaux,FRES,40,267,6.7,58,2
362,Eli Sanders,USC,47,264,5.6,20,2
362,Gavin Wimsatt,JVST,52,264,5.1,44,4
364,Jayden Limar,ORE,46,262,5.7,53,3
364,Mel Brown,CONN,32,262,8.2,49,2
366,Justin Marshall,CSU,49,260,5.3,73,1
366,Gideon Davidson,CLEM,60,260,4.3,28,0
366,Matt Fuller,SC,72,260,3.6,72,2
366,Blake Baker,LT,73,260,3.6,38,3
366,Rod Gainey Jr.,CLT,74,260,3.5,37,1
371,Aaron Turner,RICE,50,259,5.2,52,3
371,Davion Gause,UNC,61,259,4.2,25,3
373,Ethan Vasko,LIB,100,258,2.6,24,5
374,Parker Jenkins,ECU,75,256,3.4,17,2
375,Gideon Ituka,WIS,60,255,4.3,18,0
376,Jordan Nubin,KENT,79,253,3.2,25,1
377,Ofa Mataele,WMU,57,252,4.4,22,3
378,Angel Johnson,WSU,75,250,3.3,50,1
378,Caden Williams,LIB,57,250,4.4,25,0
380,Jo'Shon Barbie,MRSH,56,249,4.4,28,5
380,Cyncir Bowers,WVU,63,249,4.0,26,2
382,Rocko Griffin,MASS,53,246,4.6,43,2
382,Briggs Bartosh,ARMY,44,246,5.6,75,1
384,Chandler Morris,UVA,64,245,3.8,42,5
385,Terrance Shelton Jr.,BUFF,57,244,4.3,20,1
386,Trent Howland,OKST,63,243,3.9,24,3
386,Malachi Thomas,PUR,53,243,4.6,57,0
386,Khalil Wilkins,WVU,58,243,4.2,22,2
389,Luke Altmyer,ILL,100,242,2.4,36,5
390,Xavier Brown,UVA,51,241,4.7,20,1
391,Kanye Udoh,ASU,56,240,4.3,25,2
391,Adam Hill,TTU,45,240,5.3,36,0
393,Matthew Sluka,JMU,42,239,5.7,39,3
394,Christian Clark,TEX,55,236,4.3,22,2
395,Nick Minicucci,DEL,112,235,2.1,29,10
396,Elijah Gilliam,FRES,43,234,5.4,39,5
396,Lamar Sperling,BUFF,39,234,6.0,63,1
396,Vaughn Blue,LIB,47,234,5.0,22,2
399,Jordan Washington,WASH,27,233,8.6,68,1
400,Carson Smith,ARMY,55,231,4.2,11,2
401,Aidan Chiles,MSU,81,227,2.8,64,6
402,Hahsaun Wilson,UTEP,46,225,4.9,94,1
402,Nate Johnson,UTAH,24,225,9.4,56,1
402,Jason Patterson,UK,57,225,3.9,29,1
402,Maxwell Woods,WSU,36,225,6.3,48,0
406,Aneyas Williams,ND,24,224,9.3,54,5
406,Kevin Riley,ALA,59,224,3.8,22,2
406,Maurki James,ODU,56,224,4.0,30,2
409,Dashun Reeder,NU,22,222,10.1,79,1
410,Cameren Smith,CLT,62,220,3.5,13,0
411,Arnold Barnes III,TULN,51,217,4.3,14,0
412,Noah Fifita,ARIZ,114,216,1.9,19,3
412,Amari Daniels,TA&M,41,216,5.3,41,1
412,Jalen Macon,NIU,45,216,4.8,36,5
412,Micahi Danzy,FSU,12,216,18.0,64,3
416,Braylin Presley,TLSA,32,215,6.7,28,1
416,Kaderris Roberts,BGSU,48,215,4.5,15,0
416,CJ Bailey,NCSU,89,215,2.4,30,6
419,Braylon Braxton,USM,98,210,2.1,21,1
419,Dwight Phillips Jr.,UGA,35,210,6.0,23,1
421,Lee Beebe Jr.,IU,27,209,7.7,24,1
421,Quinn Henicle,ODU,44,209,4.8,51,2
423,Kemper Hodges,AFA,49,207,4.2,27,3
424,Ryan Browne,PUR,66,206,3.1,26,4
425,EJ Smith,TA&M,44,205,4.7,17,4
425,Dylan Edwards,KSU,34,205,6.0,75,2
425,Leo Pulalasi,WSU,38,205,5.4,45,0
428,Malachi Singleton,PUR,49,202,4.1,40,1
429,Jaquez Moore,DUKE,41,201,4.9,32,1
429,Scotty Fox Jr.,WVU,84,201,2.4,59,3
431,Marquise Davis,MIZ,34,200,5.9,23,2
431,Khristian Lando,JVST,51,200,3.9,17,1
431,Braxton Jennings,LOU,37,200,5.4,22,1
434,DJ Taylor,MTSU,26,199,7.7,64,2
435,Manny Covey,CIN,28,198,7.1,36,1
436,Justin Williams-Thomas,MRSH,35,197,5.6,37,2
437,CJ Baxter,TEX,54,196,3.6,18,0
437,David Mbadinga,GASO,49,196,4.0,16,1
437,Godspower Nwawuihe,ARMY,21,196,9.3,70,2
440,George Pettaway,JMU,34,195,5.7,35,0
440,Dorian Lewis,ULM,27,195,7.2,72,0
442,Katin Houser,ECU,85,193,2.3,14,9
442,Tyvonn Byars,RICE,34,193,5.7,32,1
444,Evan Simon,TEM,76,192,2.5,34,2
444,Jabari Bates,SJSU,27,192,7.1,87,2
446,Shaun Boykins Jr.,LOU,37,190,5.1,26,1
446,Alberto Mendoza,IU,13,190,14.6,58,1
446,Jariel Cobb,CLT,51,190,3.7,21,0
446,Baylor Hayes,TLSA,95,190,2.0,24,3
450,Logan Diggs,MISS,33,189,5.7,51,4
450,Derrick McFall,SMU,35,189,5.4,48,4
450,Lazaro Rogers,NIU,33,189,5.7,76,1
453,Jake Rendina,ARMY,40,187,4.7,15,1
454,Noah Kim,EMU,79,186,2.4,20,6
454,Keith Reynolds,M-OH,27,186,6.9,32,0
456,Zuberi Mobley,TULN,39,184,4.7,28,2
457,Anthony Frias II,UCLA,24,183,7.6,55,1
458,Jamarion Morrow,TA&M,43,182,4.2,23,1
459,TJ Horton,BALL,60,180,3.0,13,0
460,Deuce Knight,AUB,13,178,13.7,75,4
460,Jon Denman,TCU,50,178,3.6,16,3
462,A'Marion Peterson,UTSA,49,177,3.6,14,3
463,Noah Vaughn,UVA,23,174,7.6,54,0
464,Drew Allar,PSU,36,172,4.8,27,1
464,Jackson Gutierrez,NAVY,28,172,6.1,23,0
466,Cam Fancher,UCF,31,170,5.5,25,1
466,Jaylen Jenkins,TXST,31,170,5.5,58,2
468,Nathan McNeil,IOWA,37,169,4.6,24,0
469,Jalen John,CCU,53,167,3.2,11,0
469,Keveun Mason,TEM,28,167,6.0,29,1
471,Cartevious Norton,USF,32,166,5.2,37,2
471,Roman Gagliano,MTSU,39,166,4.3,64,2
471,Jaylin Carter,USM,38,166,4.4,27,2
474,Xavier Terrell,FAU,54,161,3.0,14,1
474,Lucian Anderson III,BGSU,29,161,5.6,75,1
476,Jaylin Lucas,FSU,27,160,5.9,26,0
476,Isaiah Marshall,KU,15,160,10.7,43,0
476,Tama Amisone,SJSU,35,160,4.6,23,1
479,Duke Watson,LOU,49,158,3.2,15,1
479,Isaiah Rudison,NMSU,42,158,3.8,36,2
481,Jayden Maiava,USC,54,157,2.9,21,6
481,Demarcus Lacey,MRSH,19,157,8.3,32,0
481,Xavier Gayten,MSST,29,157,5.4,25,2
484,Dante Moore,ORE,73,156,2.1,49,2
484,Steven Blanco,UL,30,156,5.2,34,2
486,Victor Rosa,CONN,30,155,5.2,31,2
486,Ju'Juan Johnson,LSU,41,155,3.8,56,2
486,Josh Holst,NIU,54,155,2.9,36,1
489,Dexter Williams II,KENN,41,153,3.7,16,3
490,Branson Robinson,GAST,46,152,3.3,47,1
490,Jerrick Gibson,TEX,37,152,4.1,14,1
490,Jack Layne,UNM,87,152,1.7,54,4
490,Sesi Vailahi,OKST,42,152,3.6,14,2
494,Jason Brown Jr.,ASU,16,151,9.4,44,1
494,Jay Harris,ORE,42,151,3.6,16,2
496,CJ Stokes,CLT,48,149,3.1,21,1
496,Robby Preckel,NU,42,149,3.5,14,0
498,Mekhi Nelson,NEB,27,147,5.4,38,2
499,Jaylen Henderson,WVU,29,146,5.0,32,1
499,Will Wilson,NCSU,43,146,3.4,16,10
499,Jeffrey Overton Jr.,VT,25,146,5.8,38,1
502,Tucker Gleason,TOL,46,144,3.1,35,4
503,Simeon Price,COLO,21,143,6.8,38,2
503,Tye Edwards,WVU,27,143,5.3,27,3
503,Chris Barnes,WAKE,13,143,11.0,78,0
503,Jamezell Lassiter,VAN,9,143,15.9,48,2
507,Jacurri Brown,UCF,16,142,8.9,60,2
507,Devonte Lyons,FIU,37,142,3.8,35,1
509,Floyd Chalk IV,SJSU,35,141,4.0,16,2
510,Oscar Adaway III,SC,41,140,3.4,23,1
510,AK Dear,ALA,19,140,7.4,56,3
512,Nate Palmer,TCU,30,139,4.6,26,0
513,Oliver Lundberg Coleman,CONN,23,138,6.0,17,1
514,Cam Porter,NU,18,137,7.6,43,1
514,Tyrell Reed Jr.,ULM,35,137,3.9,19,0
516,DJ Lagway,FLA,71,136,1.9,38,1
517,Josh McCray,UGA,53,135,2.5,17,3
517,Zion Turner,MRSH,21,135,6.4,26,1
519,Dre'lon Miller,COLO,46,134,2.9,16,1
520,Jahiem White,WVU,24,133,5.5,32,3
520,Gio Lopez,UNC,86,133,1.5,17,3
520,Kwinten Ives,NEB,20,133,6.7,28,2
520,Daune Morris,TENN,35,133,3.8,19,1
524,Keyone Jenkins,FIU,51,132,2.6,42,5
524,Grant Washington,MINN,21,132,6.3,16,0
526,Joe Fagnano,CONN,47,131,2.8,38,3
526,Clay Ash,WVU,43,131,3.0,11,0
528,Ben Finley,AKR,69,130,1.9,40,2
528,Stacy Sneed,HOU,37,130,3.5,16,0
528,Damien Taylor,MISS,28,130,4.6,20,2
531,Antonio Martin Jr.,KSU,19,129,6.8,37,1
531,Trech Kekahuna,WIS,14,129,9.2,61,1
531,Michael Van Buren Jr.,LSU,48,129,2.7,35,1
531,Tylik Hill,SYR,24,129,5.4,15,0
535,Damari Alston,AUB,32,128,4.0,15,1
535,Cade Yacamelli,WIS,38,128,3.4,12,0
535,Kalib Hicks,OKST,44,128,2.9,14,0
538,Maurice Turner,TULN,28,127,4.5,18,0
538,Andrew Paul,JVST,30,127,4.2,42,3
540,Rickie Collins,SYR,54,126,2.3,24,1
540,Tucker Kilcrease,TROY,116,126,1.1,34,5
540,E.J. Warner,FRES,51,126,2.5,30,1
543,Iverson Howard,MD,39,125,3.2,10,0
544,Bryan Jackson,USC,36,123,3.4,29,4
544,Sterling Joseph,FIU,7,123,17.6,61,2
546,James Simon,TEX,29,122,4.2,16,0
546,Deuce Alexander,MISS,19,122,6.4,31,0
548,Ayo Adeyi,JMU,24,120,5.0,24,0
548,TJ Lateef,NEB,40,120,3.0,16,4
548,KD Daniels,FLA,28,120,4.3,16,1
551,Gabarri Johnson,ORST,34,119,3.5,52,1
551,CJ Campbell Jr.,RUTG,22,119,5.4,22,0
551,Parker Kingston,BYU,25,119,4.8,20,3
554,Sedrick Irvin,STAN,41,118,2.9,15,1
554,Ryan Boe,NU,11,118,10.7,58,1
556,Ta'Quan Roberson,BUFF,82,117,1.4,40,3
556,LJ Johnson Jr.,CAL,34,117,3.4,12,2
556,Eric Weatherly,BALL,13,117,9.0,22,0
556,Gabriel Benyard,KENN,17,117,6.9,18,1
556,Joe Pesansky,FIU,43,117,2.7,32,2
556,Zane Flores,OKST,52,117,2.3,27,2
556,Dylan Lee,ISU,25,117,4.7,28,1
563,Rocco Becht,ISU,86,116,1.3,25,8
563,Jayce Brown,KSU,7,116,16.6,75,1
565,Isaiah Mozee,NEB,26,115,4.4,21,0
565,Thomas Gotkowski,M-OH,31,115,3.7,18,1
567,Elijah Faulkner,MASS,40,114,2.8,14,0
568,Hunter Andrews,UTAH,13,113,8.7,25,1
568,Malachi Toney,MIA,23,113,4.9,13,1
570,Cam Davis,MINN,35,111,3.2,14,2
570,Rickey Hunt Jr.,MTSU,34,111,3.3,15,1
570,Weston Bryan,GASO,31,111,3.6,11,3
570,Jovesa Damuni,BYU,19,111,5.8,19,1
574,Matthew Wilson,APP,12,110,9.2,28,1
574,Greg Spiller,DEL,22,110,5.0,55,1
576,Dillon Bell,UGA,17,109,6.4,43,2
577,Jordan Lyle,MIA,35,108,3.1,17,1
577,Chris Wheatley-Humphrey,MIA,22,108,4.9,19,0
577,Rodney Tisdale Jr.,WKU,52,108,2.1,15,2
577,Chris Denson,CLEM,7,108,15.4,50,1
581,Kyson Brown,ASU,18,106,5.9,34,0
581,Zion Johnson,CIN,22,106,4.8,21,1
583,Micah Alejado,HAW,81,105,1.3,30,1
584,Joseph Dodds,BAY,26,104,4.0,15,1
584,Djay Braswell,GAST,29,104,3.6,11,0
586,Ky Woods,NEV,19,103,5.4,28,0
586,Quinton Martin Jr.,PSU,20,103,5.2,21,0
588,JoJo Earle,UNLV,13,102,7.8,27,2
588,Julian Gray,LIB,17,102,6.0,14,1
590,Juwaun Price,MASS,26,101,3.9,27,0
590,Germie Bernard,ALA,18,101,5.6,25,2
590,Joey Aguilar,TENN,71,101,1.4,28,4
593,Bo Walker,UGA,22,100,4.5,15,3
594,Jayden Denegal,SDSU,67,99,1.5,29,4
594,Zavion Thomas,LSU,19,99,5.2,48,1
594,Connor Walendzak,TOL,32,99,3.1,11,0
597,Terrell Washington Jr.,IOWA,28,98,3.5,13,0
597,Brandon High Jr.,CAL,23,98,4.3,22,1
597,Harry Stewart III,KU,21,98,4.7,15,1
597,Ja'Kobi Jackson,FLA,27,98,3.6,27,0
601,Jahzae Kimbrough,KENT,39,97,2.5,12,0
601,Taeo Todd,GASO,27,97,3.6,19,0
601,Christian Vaughn,HAW,19,97,5.1,14,0
601,Landon Sims,WYO,15,97,6.5,37,1
605,Walker Eget,SJSU,33,96,2.9,13,0
605,Cade Wolford,KENT,12,96,8.0,31,1
607,Torrance Burgess Jr.,TXST,20,95,4.8,11,1
607,Zay Parks,FSU,15,95,6.3,22,1
609,Cade Klubnik,CLEM,83,94,1.1,13,4
609,DeVon Rice,KSU,26,94,3.6,13,3
609,Davi Belfort,UCF,16,94,5.9,19,1
612,Ty Simpson,ALA,90,93,1.0,26,2
612,Mar'Kel Porter,BGSU,31,93,3.0,14,2
612,Jasper Parker,MICH,25,93,3.7,11,2
612,Cody Hagen,BYU,9,93,10.3,57,2
612,Noah White,USU,25,93,3.7,20,0
617,Cole Ballard,KU,15,92,6.1,15,0
617,Sione Moa,BYU,18,92,5.1,19,1
619,Victor Snow,BUFF,12,91,7.6,44,2
620,Dramekco Green,SMU,25,90,3.6,15,1
621,Caziah Holmes,FSU,18,89,4.9,16,2
621,Drew Mestemaker,UNT,57,89,1.6,31,5
623,Shaadie Clayton-Johnson,SMU,12,88,7.3,50,2
623,K.D. Hutchinson,WKU,13,88,6.8,21,2
623,Eli Holstein,PITT,36,88,2.4,31,1
623,Mason Heintschel,PITT,86,88,1.0,36,2
623,Marcus Beamon,CMU,33,88,2.7,15,1
628,Carter Smith,WIS,44,87,2.0,16,1
628,Jamarian Samuel,GASO,12,87,7.3,36,1
628,Jayden Becks,UNT,21,87,4.1,16,2
628,Joseph Filardi,SYR,30,87,2.9,26,1
632,Bryce Duke,UTAH,16,86,5.4,14,0
632,Marquese Williams,AKR,21,86,4.1,14,0
632,Da'Jaun Riggs,ORE,17,86,5.1,19,0
632,Xay Davis,UVA,23,86,3.7,8,0
636,Willie Shaw III,TOL,15,85,5.7,20,0
636,Tayven Jackson,UCF,54,85,1.6,25,3
636,Jordan Allen,GT,6,85,14.2,54,1
636,Cutter Boley,UK,66,85,1.3,30,2
640,Talique Williams,WMU,12,84,7.0,36,1
640,Bryson Donnell,UTSA,20,84,4.2,28,1
640,Kenny Minchey,ND,7,84,12.0,34,1
640,Nate Rogers,UAB,13,84,6.5,15,2
644,Rodney Gallagher III,WVU,14,83,5.9,16,0
644,Samaj Jones,CIN,18,83,4.6,14,1
644,Dekalon Taylor,COLO,19,83,4.4,23,0
644,Jarod Bowie,WVU,5,83,16.6,68,0
644,Tomas O'Meara,MICH,11,83,7.5,37,0
649,Enoch Nawahine,BYU,25,82,3.3,9,1
649,Walker Howard,UL,15,82,5.5,25,1
649,J'Marion Burnette,HOU,28,82,2.9,12,0
652,Maddux Madsen,BOIS,57,81,1.4,25,4
652,Mario Craver,TA&M,11,81,7.4,28,1
652,Blaze Berlowitz,VAN,11,81,7.4,43,1
652,Chase Garnett,USF,8,81,10.1,26,0
652,Deuce Bailey,MOST,27,81,3.0,20,1
657,Jawarn Howell,SC,14,80,5.7,14,0
657,Elijah Porter,NIU,12,80,6.7,16,0
659,Zeon Chriss-Gremillion,HOU,12,79,6.6,21,0
659,Kaden Wetjen,IOWA,15,79,5.3,21,2
659,Arrington Maiden,MEM,13,79,6.1,21,1
659,Jaylon Coleman,LIB,11,79,7.2,23,0
663,Antonio Williams,CLEM,13,78,6.0,24,1
663,Cameron Bates,BOIS,6,78,13.0,35,2
665,Wesley Yarbrough,ARIZ,21,77,3.7,11,0
665,Jalen Bonds,BALL,27,77,2.9,15,1
667,Maverick McIvor,WKU,39,76,1.9,23,2
667,Brendan Sullivan,TULN,31,76,2.5,10,0
667,Kevin Coleman Jr.,MIZ,9,76,8.4,34,0
667,Husan Longstreet,USC,11,76,6.9,17,2
671,KC Concepcion,TA&M,10,75,7.5,16,1
671,Johnny Thompson Jr.,KU,19,75,3.9,9,0
671,Mabrey Mettauer,SHSU,32,75,2.3,28,0
671,Kam Mikell,COLO,19,75,3.9,17,0
671,MJ Flowers,CONN,16,75,4.7,23,1
671,Anthony Garcia,USU,11,75,6.8,17,1
671,Terrence Smith,CONN,14,75,5.4,21,1
678,Omar Cooper Jr.,IU,3,74,24.7,75,1
678,Beau Sparks,TXST,6,74,12.3,49,1
680,Trebor Pena,PSU,12,73,6.1,16,0
680,Grant Jordan,MASS,43,73,1.7,47,2
680,Luke Weaver,HAW,27,73,2.7,13,0
683,Mike Wright Jr.,ECU,20,72,3.6,18,2
683,Daniel Kaelin,UVA,12,72,6.0,54,0
683,Khyair Spain,MEM,11,72,6.5,13,0
683,J.P. Powell,GT,5,72,14.4,61,1
687,Tyler Brown,CLEM,6,71,11.8,21,1
687,David Eziomume,CLEM,16,71,4.4,19,0
687,Keith Adams Jr.,CLEM,14,71,5.1,12,1
687,Austin Simmons,MISS,22,71,3.2,14,1
687,Salahadin Allah,ORST,19,71,3.7,16,0
687,Terrence Gist,AFA,14,71,5.1,10,0
687,Omar Mabson II,AUB,16,71,4.4,13,1
687,Terrez Worthy,TEM,23,71,3.1,23,1
687,Josh Johnson,AFA,34,71,2.1,13,1
696,Makhi Hughes,ORE,17,70,4.1,19,0
696,Viliami Teu,SJSU,17,70,4.1,9,1
696,Landon Graves,ULM,14,70,5.0,16,0
696,Demarius Robinson,ASU,23,70,3.0,14,0
700,Colin Chase,TEM,12,69,5.8,21,0
701,Jaydn Ott,OU,21,68,3.2,12,0
702,Conner Harrell,CLT,28,67,2.4,19,2
702,Dermaricus Davis,HAW,7,67,9.6,37,0
702,James McNeil Jr.,BUFF,12,67,5.6,26,2
705,Lincoln Kienholz,OSU,11,66,6.0,22,2
706,Grayson James,BC,54,65,1.2,20,0
706,Zion Steptoe,TLSA,7,65,9.3,32,0
706,TJ Peyton,GAST,12,65,5.4,49,0
709,Richard Young,ALA,23,64,2.8,9,2
709,Matthew Caldwell,TEX,2,64,32.0,50,0
709,A.J. Turner,MINN,16,64,4.0,11,1
709,Makari Bodiford,MEM,22,64,2.9,9,3
713,Max White,WYO,23,63,2.7,13,0
713,Daylon Gordon,GT,4,63,15.8,47,1
713,JaMario Clements,WAKE,22,63,2.9,9,0
713,Stacy Gage,UCF,13,63,4.8,23,1
713,Jaden McGill,WKU,16,63,3.9,15,1
718,Amani Givens,LT,11,62,5.6,18,0
718,Tre Richardson,VAN,11,62,5.6,21,0
720,RJ Garcia II,BGSU,2,61,30.5,38,0
720,Terrance Gibbs,GASO,17,61,3.6,9,1
720,Eric Singleton Jr.,AUB,14,61,4.4,16,0
723,Josh Flowers,ARST,9,60,6.7,16,0
723,Oliver Miles III,TTU,11,60,5.5,25,0
725,Dre Washington,ALA,14,59,4.2,14,0
725,P.J. Prioleau,VT,13,59,4.5,16,0
727,Michael Hawkins Jr.,OU,15,58,3.9,27,1
727,Danny O'Neil,WIS,50,58,1.2,21,1
727,Justus Savage,JVST,12,58,4.8,12,0
727,Jonathan Bibbs,ULM,11,58,5.3,21,0
727,Aiden Flora,ISU,4,58,14.5,38,1
727,Duke Clark,FLA,15,58,3.9,11,0
733,Jarris Williams,TROY,19,57,3.0,13,1
733,Hunter Herring,ULM,20,57,2.8,18,2
733,Travis Bates,DUKE,9,57,6.3,39,0
733,Durell Robinson,AUB,3,57,19.0,54,1
733,AJ Newberry,VAN,18,57,3.2,16,3
733,Kenny Odom,UTEP,13,57,4.4,13,0
733,Aidan Armenta,ULM,60,57,0.9,32,2
740,Nicco Marchiol,WVU,40,56,1.4,12,1
740,Eric Rivers,GT,7,56,8.0,27,0
740,Kayden McGee,UNLV,7,56,8.0,25,1
740,Javion Kinnard,CSU,12,56,4.7,21,0
744,Jackson Acker,WIS,15,55,3.7,12,0
744,Dan Villari,SYR,17,55,3.2,10,1
744,Tuna Altahir,STAN,15,55,3.7,9,0
747,Raylen Sharpe,ARK,6,54,9.0,41,0
747,Taven Curry,AKR,9,54,6.0,15,0
747,Kevin Jennings,SMU,70,54,0.8,26,4
747,Deion DeBlanc,WYO,10,54,5.4,13,1
747,Carlos Hernandez,WAKE,1,54,54.0,51,1
747,Jeremiah Johnson,FSU,10,54,5.4,16,0
747,Dominic Kelley,NEV,23,54,2.3,10,1
754,Mike Drennen II,TOL,9,53,5.9,15,0
754,Caullin Lacy,LOU,15,53,3.5,11,0
754,Christian Veilleux,GAST,9,53,5.9,20,0
754,Kendrick Law,UK,8,53,6.6,16,0
754,Gi'Bran Payne,ND,9,53,5.9,24,0
754,Justin Jones,AUB,11,53,4.8,20,0
754,Jaden Hart,SYR,15,53,3.5,14,0
754,Josh Ringer,M-OH,20,53,2.7,7,0
754,Dennis Murray Jr.,GAST,13,53,4.1,13,0
763,Zach Wilcke,CLT,19,52,2.7,18,1
763,Damashja Harris,WYO,13,52,4.0,20,0
763,KJ Jackson,ARK,11,52,4.7,12,2
763,Bryce Baker,GASO,16,52,3.3,11,0
763,Tray Taylor,TROY,10,52,5.2,16,1
763,Jalen Likely,JVST,7,52,7.4,34,0
769,PaSean Wimberly,BGSU,8,51,6.4,18,1
769,David Cordero,HAW,14,51,3.6,11,0
769,Kam Davis,FSU,8,51,6.4,24,1
769,Seth Knothe,BOIS,12,51,4.3,9,1
773,JJ Kohl,APP,30,50,1.7,32,1
773,Khamani Alexander,APP,12,50,4.2,7,0
773,Agyeman Addae,UCF,12,50,4.2,20,0
776,Lacota Dippre,JMU,4,49,12.3,23,1
776,Luke Moga,ORE,3,49,16.3,25,0
776,Dakorien Moore,ORE,4,49,12.3,25,1
779,Solomon Vanhorse,IU,9,48,5.3,12,0
779,Dalton Brooks,TA&M,1,48,48.0,48,0
779,Gavin Freeman,OKST,12,48,4.0,13,0
779,Jake Bruno,OHIO,1,48,48.0,48,0
779,Joey Mattord,EMU,6,48,8.0,24,1
784,Dalen Cobb,GASO,15,47,3.1,12,1
784,Anthony Evans III,MSST,7,47,6.7,17,0
784,Seth Davis,MSST,5,47,9.4,23,1
784,Jeremiah Coney,VT,8,47,5.9,21,0
784,Shane Reynolds,NAVY,15,47,3.1,8,1
784,Tito Glass Jr.,M-OH,9,47,5.2,11,0
784,Julian Dugger,WSU,22,47,2.1,34,2
784,Elijah McCoy,UTEP,15,47,3.1,12,0
784,Jake Davids,CLT,14,47,3.4,8,0
784,Clayton Coppock,KENN,12,47,3.9,11,1
794,Christian Leary,WMU,10,46,4.6,21,0
794,Roydell Williams,FSU,15,46,3.1,9,0
794,Hank Beatty,ILL,4,46,11.5,25,1
794,Jakivion Calip,CMU,8,46,5.8,20,0
798,Malik Rutherford,GT,7,45,6.4,13,0
798,Anthony Smith,ECU,1,45,45.0,45,1
798,Jovantae Barnes,OU,19,45,2.4,10,1
798,Jacob Knuth,KSU,2,45,22.5,40,0
798,Caden Veltkamp,FAU,81,45,0.6,18,4
798,Doe Boyland,OHIO,8,45,5.6,12,0
798,Easton Messer,FAU,3,45,15.0,39,1
798,Duane Thomas Jr.,UCF,14,45,3.2,9,0
798,JC Evans,JMU,6,45,7.5,12,1
798,Tiger Riden Jr.,TA&M,11,45,4.1,11,1
808,Caleb Hood,UNC,16,44,2.8,9,1
808,Harry Dalton III,USC,8,44,5.5,21,0
808,D'Shaun Ford,ULM,13,44,3.4,14,0
808,Austin Carlisle,HOU,6,44,7.3,13,0
808,Johnnie Daniels,MSST,9,44,4.9,13,0
808,DeJuan Lacy,ECU,10,44,4.4,15,1
814,Carson Beck,MIA,62,43,0.7,11,2
814,Marquez Taylor,UTEP,17,43,2.5,10,0
814,Brock Glenn,FSU,7,43,6.1,15,0
814,Justin Baker,TENN,14,43,3.1,7,0
814,Bo MacCormack III,BC,15,43,2.9,14,1
814,Jason Wright,BUFF,15,43,2.9,9,0
814,DeAree Rogers,NIU,4,43,10.8,22,0
821,Alex Orji,UNLV,10,42,4.2,11,1
821,Malcolm Simmons,AUB,4,42,10.5,15,1
821,Ryan Wingo,TEX,7,42,6.0,32,0
824,Henry Belin IV,DUKE,5,41,8.2,15,0
824,Jordan Anderson,ILL,9,41,4.6,20,1
824,Christopher Vizzina,CLEM,25,41,1.6,15,0
824,Trae'von Dunbar,USA,3,41,13.7,34,1
824,Samari Howard,ARMY,13,41,3.2,15,0
824,Messiah Burch,BUFF,11,41,3.7,14,0
824,Dominique McKenzie,BYU,1,41,41.0,41,1
824,Benson Prosper,EMU,9,41,4.6,13,0
832,Jordan Napier,SDSU,11,40,3.6,16,1
832,Smith Snowden,UTAH,8,40,5.0,9,1
832,Jaylen Poe,NIU,6,40,6.7,21,0
832,Blake Barnett,KSU,14,40,2.9,11,0
832,Dane Nauman,TOL,9,40,4.4,12,0
832,Dennis Palmer,TROY,10,40,4.0,11,0
838,RaRa Thomas,TROY,6,39,6.5,14,0
838,Davis Lane Jr.,UVA,9,39,4.3,11,0
838,Jacquon Gibson,MASS,9,39,4.3,13,0
838,Brandon Tennison,UTSA,13,39,3.0,12,0
838,Jamar Searcy,WAKE,5,39,7.8,21,0
838,Christian Neptune,USF,6,39,6.5,20,0
844,Samuel Brown V,RUTG,16,38,2.4,9,0
844,Max Johnson,UNC,9,38,4.2,18,0
844,Micah Ka'apana,MICH,10,38,3.8,11,0
844,Trelain Maddox,GT,11,38,3.5,9,1
844,JacQai Long,MRSH,15,38,2.5,20,1
844,Kameron Courtney,UVA,4,38,9.5,23,1
844,Ronnel Johnson,MOST,1,38,38.0,38,0
844,Anthony League,CAL,11,38,3.5,8,1
844,Kameron Thomas,ARST,8,38,4.8,23,0
853,Randy Pittman Jr.,FSU,7,37,5.3,14,3
853,Brandon Hawkins Jr.,UAB,2,37,18.5,32,1
853,David Wells Jr.,ORST,4,37,9.3,30,1
853,Chris Jimerson Jr.,UNT,6,37,6.2,12,0
853,Nolan James Jr.,ND,14,37,2.6,15,0
858,Rodney Hill,ARK,8,36,4.5,18,0
858,Ja'Quez Cross,ARST,8,36,4.5,8,1
858,Jayshon Platt,FAU,3,36,12.0,16,1
858,Javin Whatley,ARIZ,8,36,4.5,15,1
858,Kam Thomas,UTEP,16,36,2.3,17,0
858,Brandon White,HAW,4,36,9.0,13,0
858,Jaylen Johnson,USF,4,36,9.0,22,0
858,Jacobe Robinson,USM,4,36,9.0,26,0
858,Javen Nicholas,CLT,7,36,5.1,20,0
858,Dru DeShields,KENT,61,36,0.6,15,3
858,Tyler Jacklich,WVU,8,36,4.5,14,0
858,Carter Jones,NEV,35,36,1.0,27,0
870,Freddie Brock IV,OKST,13,35,2.7,11,0
870,Reggie Virgil,TTU,2,35,17.5,30,2
870,Chance Williams,CIN,14,35,2.5,7,1
870,Jake Godfrey,ULM,4,35,8.8,20,0
870,Aveion Chenault,WMU,3,35,11.7,25,0
870,Xavier Ford,MINN,10,35,3.5,8,0
876,Oran Singleton Jr.,WVU,4,34,8.5,15,0
876,Peyton Jones,DUKE,10,34,3.4,8,1
876,Tre' Hartwell,WMU,12,34,2.8,11,0
876,Judah Price,MRSH,10,34,3.4,11,0
876,Semaj Pierre,RICE,6,34,5.7,17,0
876,Connor Adair,CLT,2,34,17.0,34,0
876,Nick Poulos,OHIO,8,34,4.3,19,0
883,Barion Brown,LSU,3,33,11.0,15,0
883,Jared Brown,SC,3,33,11.0,19,0
883,Omari Kelly,MSU,6,33,5.5,16,0
883,CJ Carr,ND,41,33,0.8,28,3
883,Deuce Adams,LOU,14,33,2.4,11,0
883,Carter Jackson,NEV,8,33,4.1,8,0
883,Alex Manske,ISU,7,33,4.7,13,1
883,Charles Robinson,NAVY,10,33,3.3,7,0
891,Kyler Pearson,ECU,1,32,32.0,32,1
891,Baron May,BGSU,13,32,2.5,28,1
891,Jairus Mack,WKU,3,32,10.7,25,0
891,Cole Martin,UCLA,2,32,16.0,20,0
891,Mike Matthews,TENN,2,32,16.0,20,0
891,Justin Thurman,KU,4,32,8.0,18,0
891,Cornelius Warren,ARIZ,7,32,4.6,11,0
891,Lucky Finau,BYU,8,32,4.0,6,0
899,Michael Johnson Jr.,AKR,27,31,1.1,17,0
899,Tahj Bullock,CSU,23,31,1.3,10,3
899,Tavorus Jones,MIZ,7,31,4.4,17,1
899,MJ Morris,CCU,11,31,2.8,11,0
899,Brock Spalding,ECU,4,31,7.8,11,0
899,Langston Lewis,CMU,8,31,3.9,19,0
899,Robby Washington,CCU,7,31,4.4,15,0
899,Gevani McCoy,TEM,16,31,1.9,14,0
899,Maurice Stephens,KENT,1,31,31.0,31,1
899,Malachi Coleman,SYR,9,31,3.4,8,0
899,Justin Cook,PITT,9,31,3.4,13,0
910,Goose Crowder,TROY,57,30,0.5,16,2
910,Ryan Staub,COLO,19,30,1.6,29,1
910,Corey Smith,PSU,14,30,2.1,9,0
910,Preston Rex,BYU,13,30,2.3,9,0
910,Shay Smith,UTEP,13,30,2.3,8,1
910,Shane Payton Hodges,JVST,2,30,15.0,25,0
910,Ksaan Farrar,CONN,9,30,3.3,21,1
917,Mitch Griffis,TTU,14,29,2.1,12,1
917,Cameron Friel,UNLV,7,29,4.1,6,0
917,Connor Moberly,ISU,4,29,7.3,13,0
917,Armoni Weaver,WVU,1,29,29.0,29,0
917,Champ Hampton,STAN,11,29,2.6,8,0
917,Kayleb Barnett,VAN,6,29,4.8,11,0
917,Breyahn Townsend,CCU,12,29,2.4,8,0
924,Blake Shapen,MSST,111,28,0.3,24,3
924,Jacob Conover,USU,8,28,3.5,9,0
924,Cameron Seldon,VT,7,28,4.0,9,0
924,McCae Hillstead,BYU,5,28,5.6,13,0
924,Michael Merdinger,LIB,19,28,1.5,20,1
924,Luke Carney,SYR,10,28,2.8,18,1
924,Banks Bowen,OKST,4,28,7.0,12,0
931,Jalen Hampton,WKU,11,27,2.5,7,0
931,Tyson Thompson,RICE,6,27,4.5,10,0
931,Reggie Branch II,MOST,6,27,4.5,10,0
931,Vinny Anthony II,WIS,5,27,5.4,14,2
931,Hauss Hejny,OKST,4,27,6.8,14,1
931,Kevin Sperry,FSU,7,27,3.9,18,0
931,Anthony Rubio,FLA,5,27,5.4,12,0
931,Saeed St. Fleur,DEL,3,27,9.0,13,0
931,Curtis Gerrand,SHSU,1,27,27.0,27,0
940,Dekel Crowdus,WIS,3,26,8.7,15,0
940,Elijah Metcalf,USM,4,26,6.5,17,0
940,Alex Honig,CONN,1,26,26.0,26,0
940,Maximus Webster,BALL,1,26,26.0,26,0
940,Todd Pelino,DUKE,1,26,26.0,26,0
940,Luke Reynolds,PSU,2,26,13.0,26,0
940,Chris Edmonds,BGSU,7,26,3.7,15,0
940,Jayden Sellers,SC,5,26,5.2,13,0
940,Kade Reynoldson,DUKE,1,26,26.0,26,0
940,Kolin Wilson,MSST,6,26,4.3,17,0
940,Qua Moss,KSU,2,26,13.0,18,0
940,Bailey Ettridge,NEV,2,26,13.0,14,0
952,Keelan Marion,MIA,4,25,6.3,22,0
952,Anthony Brown-Stephens,TULN,5,25,5.0,15,0
952,Tad Hudson,CCU,44,25,0.6,18,2
952,Semaj Morgan,MICH,5,25,5.0,11,0
952,Luke Kromenhoek,MSST,8,25,3.1,13,1
952,Darius Curry,CSU,17,25,1.5,20,0
952,Edd Guerrier,RUTG,7,25,3.6,9,0
952,Quinton Brown,BOIS,4,25,6.3,12,0
952,Shekai Mills-Knight,MISS,8,25,3.1,13,0
952,Ethan Ervin,FAU,9,25,2.8,8,0
952,Major Cantrell,ISU,3,25,8.3,14,0
952,Drew Devillier,RICE,9,25,2.8,10,0
952,Nick Tyree,DEL,6,25,4.2,8,0
952,Isaiah Johnson,CIN,3,25,8.3,15,0
952,Cam Macon,AKR,6,25,4.2,8,0
952,Jared Porter,DEL,7,25,3.6,13,0
968,Owen McCown,UTSA,45,24,0.5,29,1
968,Terrance Carter Jr.,TTU,2,24,12.0,12,0
968,Anthony Eager,USA,2,24,12.0,21,1
968,Isaiah Sategna III,OU,4,24,6.0,21,0
968,Troy Leigber,UCLA,4,24,6.0,15,0
968,Curtis Jones Jr.,WVU,11,24,2.2,6,3
968,Zion Booker,TLSA,5,24,4.8,10,0
968,Ethan Houck,LIB,7,24,3.4,12,0
968,Rocco Conti,AFA,4,24,6.0,13,0
977,Jalynn Williams,PITT,5,23,4.6,9,0
977,Zach Calzada,UK,14,23,1.6,22,1
977,Donnie Gray,MASS,4,23,5.8,9,0
977,Tyrell Henry,WIS,9,23,2.6,5,0
977,Max Brown,WVU,4,23,5.8,14,0
977,Charlie Mirer,STAN,2,23,11.5,30,0
977,Joquez Smith,TEM,8,23,2.9,5,0
977,Cedric Hawkins,ARST,4,23,5.8,16,0
977,Patrick Overmyer,UTSA,19,23,1.2,2,1
977,Cam Wallace,PSU,6,23,3.8,9,0
977,Da'Marion Alberic,MASS,8,23,2.9,9,0
977,Rion Roseborough,ECU,3,23,7.7,21,1
977,Easton Miller,ISU,4,23,5.8,9,0
977,Matt Long,AFA,5,23,4.6,7,0
991,EJ Horton Jr.,PUR,2,22,11.0,31,0
991,Octavian Smith Jr.,MD,4,22,5.5,11,0
991,Roderick Robinson II,UGA,6,22,3.7,10,0
991,William Watson III,VT,9,22,2.4,14,1
991,Austin Mack,ALA,9,22,2.4,20,1
991,Eric Smith,LIB,6,22,3.7,7,0
991,Miles Coleman,UNT,2,22,11.0,18,1
991,Kaden Cloud,AFA,3,22,7.3,11,0
991,Kenneth Williams,NEB,5,22,4.4,15,0
991,Juan Berchal,APP,1,22,22.0,22,0
991,Nakai Amachree,BGSU,7,22,3.1,11,0
991,Anthony Wilhite,ARIZ,5,22,4.4,7,0
991,Ryken Moon,WASH,5,22,4.4,11,0
1004,Brady Lichtenberg,CIN,4,21,5.3,21,0
1004,Treyson Bourguet,BYU,1,21,21.0,21,0
1004,Micah Tease,TLSA,2,21,10.5,19,0
1004,Kyle Crum,SDSU,8,21,2.6,11,2
1004,Iverson Young,MOST,4,21,5.3,20,0
1004,Gabe Sawchuk,OU,2,21,10.5,17,0
1004,Jeremiah Smith,OSU,3,21,7.0,17,1
1004,James Ferguson-Reynolds,ORE,1,21,21.0,21,0
1004,Cam'ron Lacy,MTSU,4,21,5.3,19,0
1004,Ty Hawkins,SMU,3,21,7.0,12,0
1004,Winston Watkins,MISS,5,21,4.2,10,0
1004,Ryan Williams,ALA,2,21,10.5,16,0
1004,Mason Drube,WYO,16,21,1.3,23,0
1004,Hunter Najm,BGSU,15,21,1.4,24,0
1004,Kelvin Washington,TLSA,5,21,4.2,9,0
1019,Luke Doty,SC,9,20,2.2,10,0
1019,Bryce Farrell,STAN,5,20,4.0,7,0
1019,Nicholas Vattiato,MTSU,62,20,0.3,12,2
1019,Cam Pickett,KU,2,20,10.0,19,0
1019,Reese Poffenbarger,UNT,4,20,5.0,12,0
1019,Cyrus Allen,CIN,7,20,2.9,15,0
1019,Jacory Barney Jr.,NEB,5,20,4.0,7,0
1019,Kyle McNeal,FIU,1,20,20.0,20,0
1019,Tyler Mason,VT,3,20,6.7,13,0
1019,Bryson Williams,MSU,2,20,10.0,14,0
1019,Sean West,WIS,1,20,20.0,20,0
1030,Cam Ross,UVA,1,19,19.0,19,1
1030,Kyre Duplessis,DEL,3,19,6.3,14,0
1030,Emory Williams,MIA,4,19,4.8,10,0
1030,Cincere Rhaney,SDSU,5,19,3.8,8,0
1030,Lynel Billups-Williams,M-OH,3,19,6.3,15,0
1030,Marlion Jackson,LT,3,19,6.3,14,0
1030,Noah Walters,OKST,9,19,2.1,9,0
1030,C'Quan Jnopierre,FIU,4,19,4.8,9,0
1030,Aaron Philo,GT,4,19,4.8,12,0
1030,Coleson Fields,NCSU,11,19,1.7,7,0
1030,Jaylen McGill,UNC,7,19,2.7,7,0
1030,Kadenn Rose,CMU,8,19,2.4,10,0
1030,Gage LaDue,AFA,5,19,3.8,6,0
1043,Tony Mathis Jr.,MRSH,8,18,2.3,5,0
1043,Xavier Townsend,ISU,5,18,3.6,11,1
1043,Jmariyae Robinson,MOST,3,18,6.0,21,0
1043,TK King,NMSU,8,18,2.3,13,0
1043,Johntay Cook,SYR,1,18,18.0,18,0
1043,Jaxson Lavender,SMU,4,18,4.5,9,0
1043,Cole Cabana,WMU,8,18,2.3,9,0
1043,Marques Hicks,KENT,4,18,4.5,14,0
1043,JB Price,KSU,9,18,2.0,12,0
1043,Tikey Hayes,PSU,3,18,6.0,10,0
1043,Riley Wormley,USC,5,18,3.6,6,0
1043,Carson Morgan,RICE,5,18,3.6,6,0
1043,Joshua Harriott,FAU,3,18,6.0,18,0
1043,Javon Robinson,GAST,4,18,4.5,6,0
1043,Cutter Woods,SC,3,18,6.0,7,0
1043,Jackson McCarter,JMU,4,18,4.5,13,0
1043,Mason Phillips,TENN,2,18,9.0,16,0
1043,Oscar Bird,MISS,1,18,18.0,18,0
1061,Sawyer Robertson,BAY,56,17,0.3,16,3
1061,Xavier Ward,SJSU,6,17,2.8,8,0
1061,QuaRon Adams,CAL,4,17,4.3,9,0
1061,Brock Rechsteiner,JVST,3,17,5.7,13,1
1061,Sam Vander Haar,BYU,2,17,8.5,11,0
1061,DJ Epps,TROY,4,17,4.3,8,0
1061,Josiah Freeman,FRES,3,17,5.7,9,0
1061,Keelon Russell,ALA,3,17,5.7,9,0
1061,Cole Hagen,BYU,1,17,17.0,17,0
1061,Elijah Jackson,BALL,8,17,2.1,7,0
1061,Landon Ransom-Goelz,RICE,5,17,3.4,7,0
1061,Malcolm Gillie,CCU,2,17,8.5,11,0
1061,Vic Listorti,NAVY,3,17,5.7,9,0
1061,Brock Thomas,ORE,9,17,1.9,15,0
1061,Sean Cuono,IU,2,17,8.5,9,0
1061,Drew Wagner,NU,3,17,5.7,9,0
1077,Corey Rucker,ARST,4,16,4.0,4,0
1077,Emmanuel Henderson Jr.,KU,4,16,4.0,9,0
1077,Brayden Johnson,AKR,1,16,16.0,16,0
1077,Brandon Inniss,OSU,3,16,5.3,8,0
1077,Kaleb Jackson,LSU,7,16,2.3,10,0
1077,Kadyn Proctor,ALA,5,16,3.2,11,0
1077,Carnell Tate,OSU,2,16,8.0,8,0
1077,Junior Sherrill,VAN,4,16,4.0,19,1
1077,Jake Merklinger,TENN,4,16,4.0,11,0
1077,Chris Domercant,UCF,2,16,8.0,11,0
1077,Daniel Beale,UL,10,16,1.6,22,0
1077,Wyatt Young,UNT,3,16,5.3,11,1
1077,Allen Middleton,BGSU,5,16,3.2,7,0
1077,Jordan Magwood,FAU,3,16,5.3,8,0
1077,Cam Settles,ARK,6,16,2.7,5,0
1077,Derrick Eley,CLT,2,16,8.0,12,0
1077,Julius Gillick,FRES,2,16,8.0,14,0
1094,Jaden Bradley,UNLV,1,15,15.0,15,0
1094,Javon Tracy,MINN,1,15,15.0,15,0
1094,Peter Woods,CLEM,8,15,1.9,5,2
1094,Malin White,BUFF,1,15,15.0,15,0
1094,Cash Jones,UGA,13,15,1.2,8,0
1094,Ryan Niblett,TEX,5,15,3.0,7,0
1094,Sam West,MSST,1,15,15.0,15,0
1094,Jackson Brousseau,CSU,54,15,0.3,12,1
1094,John Alan Richter,TOL,4,15,3.8,9,0
1094,Richie Hoskins,VAN,1,15,15.0,15,0
1094,Lloyd Jones III,TTU,3,15,5.0,13,0
1094,Cole Geer,UVA,3,15,5.0,12,0
1094,Ayden Harris,KENT,3,15,5.0,8,0
1094,David Clerk,ARMY,2,15,7.5,10,0
1094,Donovan Delaney Jr.,KENT,15,15,1.0,5,1
1094,Jamarice Wilder,LOU,4,15,3.8,7,0
1094,Jaron Thomas,PUR,2,15,7.5,8,0
1094,JoJo Stone,FIU,6,15,2.5,11,0
1094,Jackson Bennee,UTAH,2,15,7.5,14,0
1094,Tray Kinkle,USF,1,15,15.0,15,0
1094,Malichi Greaves,CONN,3,15,5.0,10,0
1115,Kris Hutson,ARIZ,2,14,7.0,15,0
1115,Brenen Thompson,MSST,4,14,3.5,10,1
1115,Omari Evans,WASH,1,14,14.0,14,0
1115,Jamari Hawkins,MEM,3,14,4.7,7,0
1115,Keldric Luster,TXST,3,14,4.7,10,0
1115,Blake Kendall,JMU,5,14,2.8,5,0
1115,Bricen Brantley,WYO,3,14,4.7,7,0
1115,Kason Stokes,MTSU,1,14,14.0,14,0
1115,Jordan Clemons,FIU,3,14,4.7,9,0
1115,Anthony Ferrucci,BC,4,14,3.5,5,0
1115,Marvin Sims,WKU,1,14,14.0,14,0
1115,Deshaun Buchanan,UNM,7,14,2.0,14,0
1115,Terrell Mitchell,RUTG,3,14,4.7,7,0
1115,Quaid Carr,WASH,4,14,3.5,8,0
1115,Amari Brundidge,UAB,3,14,4.7,7,0
1115,Michael Barrow,NAVY,4,14,3.5,7,1
1115,Ronald Coleman,COLO,1,14,14.0,14,0
1115,Lucas Scheerhorn,RICE,15,14,0.9,20,0
1115,Charles Miska,BYU,6,14,2.3,5,1
1115,Lucas Farrington,JVST,5,14,2.8,5,0
1115,Vernell Brown III,FLA,1,14,14.0,14,0
1136,Larenzo McMillan,NMSU,4,13,3.3,5,0
1136,Lawson Albright,NU,4,13,3.3,4,0
1136,Drew Dickey,VAN,3,13,4.3,9,1
1136,Jackson Proctor,NIU,2,13,6.5,11,0
1136,Ryan Puglisi,UGA,5,13,2.6,8,0
1136,Thai Chiaokhiao-Bowman,CONN,2,13,6.5,7,0
1136,Andrew Marsh,MICH,2,13,6.5,23,1
1136,Jake DeHaan,TOL,1,13,13.0,13,0
1136,King Davis,MOST,4,13,3.3,5,0
1136,Au'Tori Newkirk,UNC,1,13,13.0,13,0
1136,Jaylon Hawkins,SDSU,4,13,3.3,11,0
1136,Mason Welch,LT,3,13,4.3,6,0
1148,Jimmy Calloway,TULN,3,12,4.0,14,1
1148,Tychaun Chapman,USM,1,12,12.0,12,0
1148,Mojo Dortch,TROY,2,12,6.0,9,0
1148,Brody Foley,TLSA,5,12,2.4,5,2
1148,Landry Lyddy,USM,6,12,2.0,7,1
1148,Nyck Harbor,SC,1,12,12.0,12,0
1148,Oliver Straw,WVU,1,12,12.0,12,0
1148,Eugene Wilson III,FLA,3,12,4.0,9,0
1148,Jambres Dubar,BOIS,3,12,4.0,7,0
1148,Tyseer Denmark,PSU,1,12,12.0,12,0
1148,Jeff Weimer,WVU,3,12,4.0,12,0
1148,Evan Svoboda,WYO,5,12,2.4,6,0
1148,Trashon Dye,JMU,2,12,6.0,8,0
1148,Zach Marker,DEL,2,12,6.0,10,0
1148,TK Hodges,NAVY,2,12,6.0,8,0
1148,TK Norman,TA&M,1,12,12.0,12,0
1148,Chris Durr Jr.,WYO,2,12,6.0,11,0
1148,Jalen Alexander,BALL,3,12,4.0,6,0
1148,Mekhi Dodd,BC,7,12,1.7,4,0
1148,Jason Philpot-Dixon,CMU,4,12,3.0,6,0
1148,Mason Bray,ARIZ,2,12,6.0,6,0
1148,Brendon Haygood,MIZ,4,12,3.0,8,0
1148,Shanard Clower,UNC,1,12,12.0,12,0
1148,Zane Smith,HOU,2,12,6.0,7,0
1172,AJ Green,ARK,3,11,3.7,12,0
1172,Braden Pegan,USU,4,11,2.8,11,1
1172,Henry Rutledge,CLT,2,11,5.5,14,0
1172,Turner Helton,GASO,2,11,5.5,8,0
1172,Jayvontay Conner,ECU,3,11,3.7,6,0
1172,Devin McCuin,UTSA,2,11,5.5,12,0
1172,Elija Lofton,MIA,3,11,3.7,4,0
1172,Nick Marsh,MSU,3,11,3.7,9,0
1172,Joshua Guerin,NAVY,1,11,11.0,11,0
1172,Derek Eusebio,ASU,3,11,3.7,8,0
1172,Parker Awad,NMSU,1,11,11.0,11,0
1172,Jamarion McDougle,BALL,2,11,5.5,23,0
1172,Maguire Martin,AFA,4,11,2.8,4,1
1172,Stewart McDonald,MOST,1,11,11.0,11,0
1186,Brandon Buckhaulter,ULM,2,10,5.0,9,0
1186,Marcus Bellon,NEV,3,10,3.3,5,0
1186,Brady Boyd,USU,2,10,5.0,6,0
1186,Anthony Simpson,MICH,1,10,10.0,10,0
1186,Holden Geriner,TXST,2,10,5.0,8,0
1186,AJ Bianco,NEV,13,10,0.8,12,0
1186,Alex Broome,BC,7,10,1.4,6,1
1186,Jack McCallister,PUR,1,10,10.0,10,0
1186,Tovani Mizell,UK,3,10,3.3,4,0
1186,Rohan Jones,ARK,2,10,5.0,5,1
1186,Cade Carruth,ALA,1,10,10.0,10,0
1186,Ezekiel Avit,FRES,1,10,10.0,10,0
1186,Royal Capell,OKST,2,10,5.0,6,0
1186,Brayden Roggow,AKR,3,10,3.3,7,0
1186,Caleb Williams,PITT,7,10,1.4,4,0
1186,Darius Johnson,NCSU,3,10,3.3,7,0
1186,Dezmen Roebuck,WASH,2,10,5.0,6,0
1186,Austin Clemons,MTSU,3,10,3.3,5,0
1186,Shawn Simeon,TOL,1,10,10.0,10,0
1186,Shane Marshall,GT,2,10,5.0,8,0
1186,Landon Strother,UL,2,10,5.0,7,0
1186,Whitt Newbauer,OU,3,10,3.3,9,0
1186,Tramell Jones Jr.,FLA,8,10,1.3,9,0
1209,T.J. Bollers,CAL,1,9,9.0,9,0
1209,Keagan Johnson,UNM,2,9,4.5,5,0
1209,Heinrich Haarberg,NEB,9,9,1.0,2,0
1209,Tyson Davis,CMU,4,9,2.3,6,0
1209,Deuce Spann,PITT,3,9,3.0,4,1
1209,Kai Horton,WASH,8,9,1.1,14,2
1209,Tate Carney,WAKE,1,9,9.0,9,0
1209,Ashton Hayes,NEV,3,9,3.0,4,0
1209,CJ Tiller,USU,1,9,9.0,9,0
1209,Amare Thomas,HOU,5,9,1.8,6,0
1209,Connor Lair,MOST,6,9,1.5,4,0
1209,Darrien Jones,UNLV,2,9,4.5,6,0
1209,Sam Dixon,OSU,3,9,3.0,6,1
1209,Koi Perich,MINN,5,9,1.8,6,0
1209,Miles O'Neill,TA&M,7,9,1.3,11,0
1209,Bryson Goodwin,TEM,1,9,9.0,9,0
1209,Karson Cox,UCLA,2,9,4.5,6,0
1209,Daniel Anderson,NU,3,9,3.0,5,0
1209,Jeremy Bell,UGA,1,9,9.0,9,0
1209,Jeremiah Scoby,BGSU,1,9,9.0,9,0
1209,Zach Hernandez,SMU,2,9,4.5,5,0
1209,Quentin Gibson,COLO,2,9,4.5,7,0
1209,Billy Gowers,HAW,1,9,9.0,9,0
1209,Brady Hart,TA&M,1,9,9.0,9,0
1209,Chase Dawkins,WMU,3,9,3.0,6,0
1209,Stanley Anderson-Lofton,MTSU,3,9,3.0,15,0
1209,Soren Rief,CONN,2,9,4.5,9,0
1236,Jalil Farooq,MD,2,8,4.0,6,0
1236,Le'Meke Brockington,MINN,3,8,2.7,7,1
1236,Braydon Bennett,VT,4,8,2.0,3,1
1236,James Jointer Jr.,EMU,5,8,1.6,3,0
1236,Larry Simmons,UTAH,1,8,8.0,8,0
1236,Dominique Henry,FAU,1,8,8.0,8,0
1236,Khalifa Keith,APP,3,8,2.7,4,0
1236,Jordan Shipp,UNC,2,8,4.0,7,0
1236,Preston Landis,TA&M,4,8,2.0,3,1
1236,AJ Maddox,MISS,1,8,8.0,8,0
1236,Jaxon Potter,WSU,5,8,1.6,5,0
1236,Brycen Coleman,VAN,1,8,8.0,8,0
1236,Taylor Bradshaw,GASO,1,8,8.0,8,0
1236,Whit Muschamp,VAN,1,8,8.0,8,0
1236,Adonis Moise,KSU,2,8,4.0,6,0
1236,Khristian Martin,MD,4,8,2.0,8,0
1236,Koby Young,HOU,1,8,8.0,8,0
1236,Kenny Williams,FIU,1,8,8.0,8,0
1236,Brian Rowe Jr.,SC,3,8,2.7,9,0
1236,John Kelly,KU,1,8,8.0,8,0
1236,Gabe Fields,VAN,5,8,1.6,3,0
1236,T.J. Moore,CLEM,2,8,4.0,5,0
1236,Tama Uiliata,HAW,2,8,4.0,6,0
1236,Tyler Wrenn,UCF,1,8,8.0,8,0
1236,Troy Marquez,ODU,1,8,8.0,8,0
1236,Donovan Brown,SDSU,3,8,2.7,6,0
1262,Trayvon Rudolph,TOL,3,7,2.3,4,0
1262,Billy Wiles,APP,5,7,1.4,12,0
1262,Devonte Ross,PSU,1,7,7.0,7,0
1262,Myles Walker,AKR,1,7,7.0,7,0
1262,Jameson Tucker,CCU,1,7,7.0,7,0
1262,Major Everhart,TCU,5,7,1.4,11,0
1262,Zachariah Branch,UGA,4,7,1.8,10,0
1262,Tim Gans,NMSU,2,7,3.5,5,0
1262,Josh Cuevas,ALA,1,7,7.0,7,0
1262,Adrian Murdaugh,SHSU,2,7,3.5,6,0
1262,Mekhi Jenkins,CMU,1,7,7.0,7,0
1262,London Humphreys,UGA,1,7,7.0,7,0
1262,Patrick Rea,JMU,1,7,7.0,7,0
1262,Lance Mason,WIS,1,7,7.0,7,0
1262,Lotzeir Brooks,ALA,5,7,1.4,2,0
1262,Jadyn Glasser,CMU,10,7,0.7,5,1
1262,Cameron Flowers,WKU,3,7,2.3,7,0
1262,Tylor Latham,AFA,1,7,7.0,7,0
1262,Christian Langford,FIU,2,7,3.5,6,0
1262,Austin Clay,BGSU,1,7,7.0,7,0
1262,Kourdey Glass,ORST,2,7,3.5,7,0
1262,Darrell Smith,UL,3,7,2.3,8,0
1262,Donnell Gee Jr.,TLSA,1,7,7.0,7,0
1262,Trey Roberts,BYU,1,7,7.0,7,0
1286,Qian Magwood,BALL,4,6,1.5,8,0
1286,Sam Horn,MIZ,1,6,6.0,6,0
1286,Jordan Hudson,SMU,1,6,6.0,6,0
1286,Thai Baldwin,CLT,1,6,6.0,6,0
1286,Grant Wilson,IU,1,6,6.0,6,0
1286,Calvin Johnson II,TLSA,4,6,1.5,16,0
1286,Terrell Crosby Jr.,TOL,1,6,6.0,6,0
1286,Charles Robertson,UL,1,6,6.0,6,0
1286,Tre Spivey,ARIZ,2,6,3.0,3,1
1286,Devon Rivers,FRES,1,6,6.0,6,0
1286,Nathan Leacock,UNC,1,6,6.0,6,0
1286,Tyler Douglas,TEM,3,6,2.0,4,0
1286,Kevin O'Connor,DUKE,1,6,6.0,6,0
1286,Stonka Burnside,MSST,1,6,6.0,6,0
1286,Squirrel White,FSU,4,6,1.5,6,0
1286,Kenyon Sadiq,ORE,3,6,2.0,3,0
1286,Jake Reichle,ORST,3,6,2.0,3,1
1286,Jeremy Hecklinski,IOWA,1,6,6.0,6,1
1286,PJ Hatter,GAST,1,6,6.0,6,0
1286,Deante Ruffin,KENT,6,6,1.0,10,0
1286,Tucker Parks,WKU,2,6,3.0,5,0
1286,Jaylen King,FSU,2,6,3.0,6,0
1286,Darius Copeland,LIB,1,6,6.0,6,0
1286,Conor Booth,NEB,3,6,2.0,4,0
1286,Harold Mack,EMU,2,6,3.0,5,0
1286,Antwon Thomas,M-OH,1,6,6.0,6,0
1286,Jalen Mickens,LT,1,6,6.0,6,0
1286,Lucas Laroche,TOL,5,6,1.2,3,0
1286,Malachi Fannin-Render,LIB,2,6,3.0,3,0
1286,Rodney Bullard Jr.,MSU,2,6,3.0,8,1
1286,Nehemiah Washington,USU,1,6,6.0,6,0
1286,Justin Ruffin Jr.,CMU,1,6,6.0,6,0
1318,Donaven McCulley,MICH,2,5,2.5,11,0
1318,Kaleb Brown,UAB,1,5,5.0,5,0
1318,Nate Boerkircher,TA&M,3,5,1.7,3,1
1318,Daniel Sparks,UVA,1,5,5.0,5,0
1318,David Nunez,TXST,1,5,5.0,5,0
1318,Nick DeGennaro,JMU,1,5,5.0,5,0
1318,Bradley Dunn,SC,5,5,1.0,3,1
1318,Stephon Johnson,HOU,1,5,5.0,5,0
1318,Bryce Bohanon,TULN,3,5,1.7,4,0
1318,Junior Vandeross III,TOL,2,5,2.5,4,0
1318,Josh Dallas,GASO,2,5,2.5,5,0
1318,Takye Heath,VT,1,5,5.0,5,0
1318,Collin Dixon,ILL,2,5,2.5,3,0
1318,Ardell Banks,KENT,0,5,0.0,5,0
1318,Brett Brown,MIZ,1,5,5.0,5,0
1318,Ryan Warkentin,FRES,1,5,5.0,5,0
1318,Tyshawn Russell,SYR,1,5,5.0,5,0
1318,Bailey Stockton,GT,1,5,5.0,5,0
1318,Donovan Lewis,DEL,2,5,2.5,4,0
1318,Griffin Wilde,NU,1,5,5.0,5,0
1318,DaMarion Fowlkes,MIZ,1,5,5.0,5,0
1318,Dean-Taylor Chapman,CAL,1,5,5.0,5,0
1318,Tyler Chandler,SYR,1,5,5.0,5,0
1318,Mekhi Anderson,UTSA,2,5,2.5,3,0
1318,Patrick Durkin,TULN,1,5,5.0,5,0
1318,Parker Threatt,SDSU,1,5,5.0,5,1
1318,Josiah Basten,USM,1,5,5.0,5,0
1318,Eric Willis III,UTEP,3,5,1.7,6,0
1346,John Emery Jr.,UTSA,4,4,1.0,11,0
1346,Romello Brinson,SMU,1,4,4.0,4,0
1346,Liam Clifford,PSU,2,4,2.0,2,0
1346,Janiran Bonner,NEB,2,4,2.0,3,0
1346,Josh Hoover,TCU,55,4,0.1,13,2
1346,Brady Allen,LOU,1,4,4.0,4,0
1346,Marquis Crosby,ORST,3,4,1.3,3,0
1346,Brandon Rose,MASS,27,4,0.1,12,0
1346,Makai Lemon,USC,9,4,0.4,7,2
1346,Raphael Williams Jr.,PITT,1,4,4.0,4,0
1346,Jordyn Tyson,ASU,2,4,2.0,3,1
1346,Franklin Estrada II,TCU,1,4,4.0,4,0
1346,Stephen Kittleman,TLSA,3,4,1.3,3,1
1346,Rex Johnsen,WYO,0,4,0.0,4,0
1346,Ethan Crawford,ARST,1,4,4.0,4,0
1346,Braeden Wisloski,JMU,1,4,4.0,4,0
1346,Jaylen Mbakwe,ALA,1,4,4.0,4,0
1346,Air Noland,SC,1,4,4.0,4,0
1346,Anthony Favrow,MIZ,1,4,4.0,4,0
1346,Jaheim Merriweather,PUR,2,4,2.0,2,0
1346,Cody Hardy,NCSU,1,4,4.0,4,1
1346,Mikey Welsh,SDSU,2,4,2.0,3,0
1346,Dominic Rezac,VAN,1,4,4.0,4,0
1346,De'Andre Tamarez,MRSH,0,4,0.0,4,0
1346,Mason Andrade,WAKE,1,4,4.0,4,0
1346,Bryant Wesco Jr.,CLEM,1,4,4.0,4,0
1346,Kam Shanks,ARK,1,4,4.0,4,0
1346,Quanell Farrakhan Jr.,COLO,1,4,4.0,4,0
1346,Ryan Millmore,WMU,1,4,4.0,4,0
1346,Raycine Guillory,UTAH,1,4,4.0,4,0
1346,Josh Bell,UTEP,1,4,4.0,4,0
1346,Luke Reed,AKR,1,4,4.0,4,0
1346,Cian McKelvey,USC,1,4,4.0,4,0
1346,Jaylen Elder,UAB,1,4,4.0,4,0
1346,Owen Gardner,UVA,2,4,2.0,3,0
1346,Ben Turner,MRSH,1,4,4.0,4,0
1346,Brady Jones,WMU,18,4,0.2,13,0
1383,Tyler Buchner,ND,1,3,3.0,3,0
1383,Preston Stone,NU,50,3,0.1,30,1
1383,Jacob Rodriguez,TTU,2,3,1.5,2,2
1383,Zach Gibson,FAU,2,3,1.5,6,0
1383,Lewis Bond,BC,4,3,0.8,7,0
1383,Brady Hunt,SC,3,3,1.0,1,2
1383,Chase Curtis,TCU,1,3,3.0,3,0
1383,Francis Mauigoa,MIA,1,3,3.0,3,1
1383,Ross Fournet,FIU,1,3,3.0,3,0
1383,Maguire Anderson,FIU,1,3,3.0,3,0
1383,David Chapeau,LOU,1,3,3.0,3,0
1383,Kenny Johnson,PITT,2,3,1.5,9,0
1383,Jaxon Smolik,PSU,4,3,0.8,3,0
1383,Isaac Wilson,UTAH,3,3,1.0,4,0
1383,Eli Wood,UVA,1,3,3.0,3,1
1383,Chad Alexander,GT,2,3,1.5,2,0
1383,DeAngelo Irvin Jr.,UNLV,2,3,1.5,2,0
1383,Brevin Doll,IOWA,2,3,1.5,2,0
1383,AJ Hairston,MASS,43,3,0.1,23,0
1383,Ui Ale,TROY,6,3,0.5,8,0
1383,Cam Vaughn,WVU,1,3,3.0,3,0
1383,Cole Feuerbacher,MOST,3,3,1.0,2,0
1383,Isaiah Spencer,VT,1,3,3.0,3,0
1383,Dailan Goodman,NMSU,2,3,1.5,2,0
1383,Jordyn Bridgewater,UCF,1,3,3.0,3,0
1383,Jayden Parker,CAL,1,3,3.0,3,0
1383,Charleston French,UNC,1,3,3.0,3,0
1383,Holden Phillips,TTU,1,3,3.0,3,0
1411,Quinton Stewart,OKST,1,2,2.0,2,0
1411,Eli Stowers,VAN,2,2,1.0,4,0
1411,Doug Emilien,KU,0,2,0.0,2,0
1411,Nathaneal Floyd,NEV,1,2,2.0,2,0
1411,Justin Lynch,NIU,3,2,0.7,1,0
1411,Justyn Martin,MD,1,2,2.0,2,0
1411,Jacob Busic,UCLA,1,2,2.0,2,0
1411,Aaron Anderson,LSU,1,2,2.0,2,0
1411,Riley Nowakowski,IU,2,2,1.0,1,2
1411,Quinton Urwiler,NIU,1,2,2.0,2,0
1411,Dae'Quan Wright,MISS,1,2,2.0,2,0
1411,Martel Hight,VAN,1,2,2.0,2,0
1411,Jaquaize Pettaway,ECU,4,2,0.5,2,0
1411,Taz Reddicks,ORST,1,2,2.0,2,0
1411,Chase Gillespie,VAN,1,2,2.0,2,0
1411,Tiger Bachmeier,BYU,1,2,2.0,2,0
1411,Jacob Fields,LT,1,2,2.0,2,0
1411,Cole Skinner,USF,3,2,0.7,1,2
1411,Jayden Bradford,LIB,1,2,2.0,2,0
1411,Hunter Barnes,TENN,1,2,2.0,2,0
1411,Jaylin Belford,LIB,2,2,1.0,2,0
1411,Charlie Fiser,SMU,1,2,2.0,2,0
1411,AJ DiNota,TA&M,2,2,1.0,2,0
1411,Miles Kitselman,TENN,1,2,2.0,2,0
1411,Yamir Knight,SMU,1,2,2.0,2,0
1411,Jakorion Caffey,CIN,2,2,1.0,1,0
1411,Waden Charles,UCF,1,2,2.0,2,0
1411,Wayne Harris,KENT,2,2,1.0,4,0
1411,Tristen Brown,VAN,1,2,2.0,2,0
1411,Germanuel Tanelus,CMU,1,2,2.0,2,0
1411,Garrett Hawkins,UTEP,1,2,2.0,2,0
1411,Luke Hutchison,NAVY,1,2,2.0,2,1
1411,Preston Douglas,NCSU,1,2,2.0,2,0
1411,Gio Richardson,ARIZ,1,2,2.0,2,0
1411,Monterrio Elston Jr.,KSU,2,2,1.0,2,0
1411,Brandon Mathis,UGA,2,2,1.0,1,0
1411,Tom von Grote,UNT,1,2,2.0,2,0
1411,Mikey Pearson III,NAVY,2,2,1.0,3,0
1411,Jonathan Mathis,KENN,1,2,2.0,2,0
1411,Ramarian Tillman,TA&M,1,2,2.0,2,0
1411,Ravian Larry,USU,1,2,2.0,2,0
1411,Skyler Jackson,ORST,1,2,2.0,2,0
1411,Toa Faavae,UNM,1,2,2.0,2,0
1411,Cameron Dorner,UNT,1,2,2.0,2,0
1455,Chamon Metayer,ASU,1,1,1.0,1,0
1455,Julian Nixon,ULM,3,1,0.3,2,1
1455,Jameson Geers,MINN,2,1,0.5,1,0
1455,Luke Murphy,CCU,1,1,1.0,1,0
1455,J. Michael Sturdivant,FLA,1,1,1.0,1,0
1455,Stone Eby,SMU,1,1,1.0,1,1
1455,Harrison Wallace III,MISS,3,1,0.3,6,0
1455,CJ Montes,KENT,8,1,0.1,7,0
1455,Gabe Burkle,ISU,1,1,1.0,1,0
1455,Xavier Irvin,TEM,1,1,1.0,1,0
1455,Tim Hardiman,TLSA,1,1,1.0,1,1
1455,Chase Hendricks,OHIO,1,1,1.0,1,0
1455,Isaiah Augustave,SC,2,1,0.5,1,0
1455,Mikey Matthews,UCLA,1,1,1.0,1,0
1455,Kade Eldridge,WASH,1,1,1.0,1,1
1455,Terry Bussey,TA&M,1,1,1.0,1,0
1455,Chase Farrell,NU,1,1,1.0,1,0
1455,Shaq McRoy,ARK,1,1,1.0,1,1
1455,Trent Pearman,CLEM,2,1,0.5,4,0
1455,Tommy Ulatowski,KENN,1,1,1.0,1,0
1455,Vincent Genatone,NEB,1,1,1.0,1,0
1455,Bryce Boettcher,ORE,1,1,1.0,1,1
1455,Cole Gonzales,PITT,2,1,0.5,2,0
1455,Jaylen Lloyd,OKST,1,1,1.0,1,0
1455,Darrell Gill Jr.,SYR,1,1,1.0,1,0
1455,Clayton Dees,FIU,1,1,1.0,1,0
1455,Nate Roberts,OSU,2,1,0.5,1,0
1455,Kamran Williams,UNLV,1,1,1.0,1,0
1455,Maddox Lassiter,ARK,1,1,1.0,1,0
1455,Jake Tarwater,FRES,1,1,1.0,1,0
1455,Ethan Conner,TROY,2,1,0.5,1,0
1455,Kirk Francis,TLSA,9,1,0.1,6,0
1455,Leo Kemp,BGSU,1,1,1.0,1,0
1455,Ronnie Crosby III,TA&M,1,1,1.0,1,0
1455,Shaker Reisig,BC,7,1,0.1,8,0
1455,Raiden Vines-Bright,WASH,1,1,1.0,1,0
1455,Demetres Samuel Jr.,SYR,1,1,1.0,1,0
1455,Michael Scott,JMU,1,1,1.0,1,0
1455,Izaac Dickey,NEB,1,1,1.0,1,0
1455,Romelo Ware,NIU,2,1,0.5,3,0
1455,Joseph Hagman,BAY,1,1,1.0,1,0
1455,Nolan Good,KENT,7,1,0.1,5,0
1455,Braden Streeter,DEL,1,1,1.0,1,0
1455,John Gazzaniga,ALA,1,1,1.0,1,0
1499,Koy Moore,UNLV,1,0,0.0,0,0
1499,Carter Evans,EMU,1,0,0.0,0,0
1499,Joey Bearns III,CLT,1,0,0.0,0,0
1499,JJ Hawkins,USM,1,0,0.0,0,0
1499,CJ Smith,MEM,1,0,0.0,0,0
1499,Zyere Horton,FAU,1,0,0.0,0,0
1499,Chrishon McCray,MSU,1,0,0.0,0,0
1499,Toby Payne,MRSH,1,0,0.0,0,0
1499,Isaiah Carlson,UCLA,1,0,0.0,0,0
1499,Isaiah Hardge,COLO,1,0,0.0,0,0
1499,Blane Cleaver,BGSU,1,0,0.0,0,0
1499,Iverson Hooks,UAB,1,0,0.0,0,0
1499,David Amador II,UTSA,3,0,0.0,3,0
1499,Israel Polk,AKR,1,0,0.0,0,0
1499,Kole Wilson,BAY,3,0,0.0,4,0
1499,Cooper Rusk,TOL,1,0,0.0,0,0
1499,Roger Saleapaga,ORE,1,0,0.0,0,0
1499,Hardley Gilmore IV,UK,1,0,0.0,0,0
1499,Michael Terry III,TEX,1,0,0.0,0,0
1499,Jacob Emmers,TLSA,1,0,0.0,0,0
1499,Micah Woods,USA,1,0,0.0,0,0
1499,Jose Corbo,FIU,1,0,0.0,0,0
1499,Mason Mini,CAL,1,0,0.0,0,0
1499,Fred Robertson,LT,2,0,0.0,2,0
1499,Nick Townsend,TEX,2,0,0.0,2,1
1499,John Henderson,BGSU,1,0,0.0,0,0
1499,Jawaun Campbell,JVST,1,0,0.0,0,0
1499,Jerrian Parker Jr.,SHSU,5,0,0.0,2,0
1526,Luke Wysong,ARIZ,1,-1,-1.0,0,0
1526,Deion Burks,OU,6,-1,-0.2,14,0
1526,J.T. Byrne,GT,1,-1,-1.0,0,0
1526,JoJo Bermudez,TEM,6,-1,-0.2,5,0
1526,Nick Del Grande,CCU,0,-1,0.0,0,0
1526,Jordyn Bailey,TCU,1,-1,-1.0,0,0
1526,Jaylen Bonelli,ARST,1,-1,-1.0,0,0
1526,Shane Porter,SHSU,2,-1,-0.5,4,0
1526,Deondre Johnson,JVST,1,-1,-1.0,0,0
1526,Taylor Tatum,OU,1,-1,-1.0,0,0
1526,Jaren Hamilton,ASU,2,-1,-0.5,0,0
1526,Kyan Mason,AKR,1,-1,-1.0,0,0
1526,Steele Pizzella,WAKE,1,-1,-1.0,0,0
1526,Angus Davies,TLSA,1,-1,-1.0,0,0
1526,Rogerick Ray,UNLV,2,-1,-0.5,0,0
1526,Landon Roldan,UGA,1,-1,-1.0,0,0
1526,Roman Jensen,MD,1,-1,-1.0,0,0
1526,Tony Freeman,WSU,1,-1,-1.0,0,0
1526,Grayson Rigdon,ASU,2,-1,-0.5,0,0
1526,Jayon Farrar,FRES,1,-1,-1.0,0,0
1526,Da'Realyst Clark,KENT,4,-1,-0.3,6,0
1547,Christian Moore,PUR,1,-2,-2.0,0,0
1547,Ken Seals,TCU,9,-2,-0.2,8,1
1547,Skyler Bell,CONN,2,-2,-1.0,0,0
1547,Nick Evers,CONN,1,-2,-2.0,0,0
1547,Benjamin Brahmer,ISU,1,-2,-2.0,0,0
1547,Tykeem Wallace,KENN,2,-2,-1.0,0,0
1547,Cole Turner,CLEM,1,-2,-2.0,0,0
1547,Chris Dawn Jr.,TXST,1,-2,-2.0,0,0
1547,Riley Trujillo,DEL,3,-2,-0.7,5,0
1547,Dakarai Anderson,CIN,1,-2,-2.0,0,0
1547,Mark Konecny,WMU,1,-2,-2.0,0,0
1547,Chauncy Cobb,ARST,1,-2,-2.0,0,0
1547,Dylan Joyce,MIA,0,-2,0.0,0,0
1547,Byron Louis,FLA,2,-2,-1.0,1,0
1547,Max Shikenjanski,MINN,3,-2,-0.7,8,1
1547,Drayden Dickmann,RICE,14,-2,-0.1,16,0
1547,Michael Henderson III,TTU,1,-2,-2.0,0,0
1547,Malachi James,SYR,2,-2,-1.0,3,0
1547,Zhaiel Smith,UNM,1,-2,-2.0,0,0
1566,Peyton Higgins,TROY,2,-3,-1.5,0,0
1566,Logan Fife,NMSU,83,-3,0.0,24,1
1566,Payton Mangrum,ECU,1,-3,-3.0,0,0
1566,Brayden Fowler-Nicolosi,CSU,14,-3,-0.2,13,1
1566,Sam Jackson V,OKST,32,-3,-0.1,12,1
1566,Michael Brescia,WMU,3,-3,-1.0,2,1
1566,Wesley Grimes,NCSU,1,-3,-3.0,0,0
1566,Jai Patel,RUTG,1,-3,-3.0,0,0
1566,Isaiah Thacker,BALL,1,-3,-3.0,0,0
1566,Nyziah Hunter,NEB,1,-3,-3.0,0,0
1566,Eli Mason,MD,1,-3,-3.0,0,0
1566,Hank Brown,IOWA,3,-3,-1.0,1,1
1566,Gael Ochoa,UNLV,2,-3,-1.5,0,0
1566,Lloyd Benson III,ARMY,3,-3,-1.0,2,0
1566,Sean Ashenfelder,RUTG,1,-3,-3.0,0,0
1566,Davion Kerr,SYR,5,-3,-0.6,2,0
1566,Jordan Mack,CCU,1,-3,-3.0,0,0
1566,Eric Richardson,WYO,2,-3,-1.5,1,0
1584,Beau Allen,UK,1,-4,-4.0,0,0
1584,Latrell Caples,BOIS,1,-4,-4.0,0,0
1584,Joseph Manjack IV,TCU,2,-4,-2.0,6,0
1584,PJ Johnson III,NMSU,2,-4,-2.0,0,0
1584,Reed Harris,BC,1,-4,-4.0,0,0
1584,Ryder Burton,UAB,32,-4,-0.1,19,2
1584,Zack Card,ORST,1,-4,-4.0,0,0
1584,Malik Benson,ORE,1,-4,-4.0,0,0
1584,Ian Brandt,ODU,1,-4,-4.0,0,0
1584,Dominiq Ponder,COLO,2,-4,-2.0,4,0
1584,Link Rhodes,SMU,2,-4,-2.0,0,0
1584,Teddy Hoffmann,NCSU,1,-4,-4.0,0,0
1584,Trevon Tate,UTEP,2,-4,-2.0,0,0
1597,Logan Loya,MINN,1,-5,-5.0,0,0
1597,Michael Jackson III,PUR,3,-5,-1.7,2,0
1597,Marcus Burke,UCF,1,-5,-5.0,0,0
1597,Evan Bullock,LT,12,-5,-0.4,10,0
1597,AJ Surace,RUTG,2,-5,-2.5,0,0
1597,Antonio Meeks,LOU,1,-5,-5.0,0,0
1597,Cataurus Hicks,PITT,3,-5,-1.7,0,0
1597,Grady O'Neill,SHSU,1,-5,-5.0,0,0
1597,Locklan Hewlett,USF,2,-5,-2.5,4,0
1597,Jared Hollins,USA,1,-5,-5.0,0,0
1597,Ja'Carree Kelly,DEL,2,-5,-2.5,3,0
1597,Yousef Obeid,MOST,1,-5,-5.0,0,0
1597,James Johnson,USC,2,-5,-2.5,1,0
1597,Darien Williams,SYR,1,-5,-5.0,0,0
1597,Caleb Rollerson,UCF,1,-5,-5.0,0,0
1597,Caden High,STAN,2,-5,-2.5,2,0
1597,Duke Smith,AUB,1,-5,-5.0,0,0
1614,Zane Herring,USF,1,-6,-6.0,0,0
1614,Henry Hesson,M-OH,22,-6,-0.3,14,0
1614,Caleb Junko,PITT,1,-6,-6.0,0,0
1614,Jadyn Davis,MICH,1,-6,-6.0,0,0
1614,AJ Hill,MEM,1,-6,-6.0,0,0
1614,Gunnar Gray,BUFF,1,-6,-6.0,0,0
1614,Matthew Henry,WKU,3,-6,-2.0,2,0
1621,Daejon Reynolds,UNLV,0,-7,0.0,0,0
1621,Micah Davis,USM,3,-7,-2.3,4,0
1621,Asaad Waseem,FAU,1,-7,-7.0,0,0
1621,Joshua Manning,MIZ,1,-7,-7.0,0,0
1621,Davis Bryson,KENN,3,-7,-2.3,0,0
1621,Ricky Johnson,MSST,1,-7,-7.0,0,0
1621,KT Seay,DEL,1,-7,-7.0,0,0
1621,Jacob De Jesus,CAL,7,-7,-1.0,4,0
1629,Nathan Acevedo,SDSU,1,-8,-8.0,0,0
1629,Taye Brown,ARIZ,1,-8,-8.0,0,0
1629,Jordan Faison,ND,1,-8,-8.0,0,0
1629,Will Karoll,UCLA,1,-8,-8.0,0,0
1629,Lexington Matthews,LT,1,-8,-8.0,0,0
1629,Andrew Nelms,FAU,1,-8,-8.0,0,0
1635,Gaston Moore,USF,15,-9,-0.6,9,0
1635,Jordan Ross,CSU,1,-9,-9.0,0,0
1635,Michael Grant,FSU,1,-9,-9.0,0,0
1635,Quin Smith,AFA,1,-9,-9.0,0,0
1635,Jack James,TROY,1,-9,-9.0,0,0
1640,Justin Smith-Brown,WVU,1,-10,-10.0,0,0
1640,DJ Bailey,SHSU,3,-10,-3.3,0,0
1642,Caleb Coombs,JVST,1,-11,-11.0,0,0
1642,Max Morgan,LIB,1,-11,-11.0,0,0
1642,Mekhi Mews,HOU,4,-11,-2.8,1,0
1642,Deshawn Purdie,WAKE,11,-11,-1.0,13,0
1642,Landon Rehkow,USU,1,-11,-11.0,0,0
1642,Fuller Shurtz,BYU,1,-11,-11.0,0,0
1648,Evan Crenshaw,TROY,1,-12,-12.0,0,0
1648,AJ Swann,APP,20,-12,-0.6,19,0
1648,Hudson Kaak,AUB,1,-12,-12.0,0,0
1648,Brady Anderson,ARMY,1,-12,-12.0,0,0
1652,Malachi Nelson,UTEP,23,-13,-0.6,10,0
1652,Jack Howes,BUFF,1,-13,-13.0,0,0
1652,Cash Peterman,UCLA,1,-13,-13.0,0,0
1652,Ed Small,TCU,1,-13,-13.0,0,0
1652,Chaston Ditta,ECU,14,-13,-0.9,11,0
1652,Que'Sean Brown,DUKE,2,-13,-6.5,0,0
1658,Drew Pyne,BGSU,30,-14,-0.5,23,0
1658,Keelan Crimmins,ILL,1,-14,-14.0,0,0
1660,Devin Brown,CAL,3,-15,-5.0,0,0
1660,Xayvion Turner-Bradshaw,MRSH,3,-15,-5.0,4,0
1660,Landyn Locke,SHSU,17,-15,-0.9,12,0
1660,Adam Damante,NMSU,16,-15,-0.9,13,1
1660,Tim Burns Jr.,SHSU,2,-15,-7.5,0,0
1665,Jacob Clark,MOST,94,-16,-0.2,14,3
1665,Carson Conklin,FRES,15,-16,-1.1,6,0
1667,Joe Labas,CMU,54,-17,-0.3,10,0
1667,Bryson Graves,CCU,2,-17,-8.5,0,0
1669,Devin Kargman,KENT,3,-20,-6.7,0,0
1670,Myles Butler,MTSU,2,-21,-10.5,0,0
1670,Noah Gillon,APP,8,-21,-2.6,7,0
1672,Hunter Simmons,WIS,14,-22,-1.6,9,0
1672,Robert McDaniel,SJSU,5,-22,-4.4,5,0
1674,Braedyn Locke,ARIZ,5,-23,-4.6,7,0
1674,Joseph Castle,AKR,1,-23,-23.0,0,0
1674,Matt Zollers,MIZ,16,-23,-1.4,6,0
1674,Brady Davidson,NIU,12,-23,-1.9,11,0
1678,Athan Kaliakmanis,RUTG,96,-26,-0.3,15,4
1679,Darian Mensah,DUKE,59,-32,-0.5,34,1
1680,Steve Angeli,SYR,23,-33,-1.4,11,1
1681,Julian Lewis,COLO,24,-35,-1.5,15,0
1682,Patrick Crayton Jr.,RICE,11,-36,-3.3,5,0
1683,Dylan Lonergan,BC,36,-37,-1.0,16,1
1684,Tristan Ti'a,ORST,13,-38,-2.9,11,0
1685,Kaden Anderson,WYO,43,-39,-0.9,9,0
1686,Jalen Kitna,UAB,35,-40,-1.1,8,0
1687,Julian Sayin,OSU,42,-44,-1.0,12,0
1688,Ethan Grunkemeyer,PSU,35,-46,-1.3,10,1
1689,TJ Finley,GAST,28,-51,-1.8,15,0
1690,Garrett Nussmeier,LSU,29,-57,-2.0,26,1
1691,Maalik Murphy,ORST,23,-58,-2.5,11,1
1692,Alessio Milivojevic,MSU,31,-59,-1.9,16,1
1693,Miller Moss,LOU,54,-65,-1.2,13,9
1694,Max Cutforth,BOIS,17,-73,-4.3,8,0
1695,Grayson Loftis,CLT,47,-86,-1.8,15,0
1696,Dylan Raiola,NEB,46,-87,-1.9,17,0
1697,Elijah Brown,STAN,17,-96,-5.6,10,0
1698,Behren Morton,TTU,43,-113,-2.6,11,0
1699,Drake Lindsey,MINN,34,-119,-3.5,3,4
1700,Jaron-Keawe Sagapolutele,CAL,60,-120,-2.0,25,4
1701,Ben Gulbranson,STAN,33,-201,-6.1,12,0
